=========================================================
Job submitted date = Mon 9 Feb 17:03:52 GMT 2026
1 nodes ( 1 processes per node )
1 hosts used: gpu02
Job output begins
-----------------

/mnt/users/garridom/.local/lib/python3.10/site-packages/torch/nn/modules/loss.py:634: UserWarning: Using a target size (torch.Size([4096, 1])) that is different to the input size (torch.Size([4096, 10])). This will likely lead to incorrect results due to broadcasting. Please ensure they have the same size.
  return F.mse_loss(input, target, reduction=self.reduction)
/mnt/users/garridom/.local/lib/python3.10/site-packages/torch/nn/modules/loss.py:634: UserWarning: Using a target size (torch.Size([2656, 1])) that is different to the input size (torch.Size([2656, 10])). This will likely lead to incorrect results due to broadcasting. Please ensure they have the same size.
  return F.mse_loss(input, target, reduction=self.reduction)
/mnt/users/garridom/.local/lib/python3.10/site-packages/torch/nn/modules/loss.py:634: UserWarning: Using a target size (torch.Size([4096, 1])) that is different to the input size (torch.Size([4096, 10])). This will likely lead to incorrect results due to broadcasting. Please ensure they have the same size.
  return F.mse_loss(input, target, reduction=self.reduction)
/mnt/users/garridom/.local/lib/python3.10/site-packages/torch/nn/modules/loss.py:634: UserWarning: Using a target size (torch.Size([1808, 1])) that is different to the input size (torch.Size([1808, 10])). This will likely lead to incorrect results due to broadcasting. Please ensure they have the same size.
  return F.mse_loss(input, target, reduction=self.reduction)
/mnt/users/garridom/.local/lib/python3.10/site-packages/torch/nn/modules/loss.py:634: UserWarning: Using a target size (torch.Size([128, 1])) that is different to the input size (torch.Size([128, 10])). This will likely lead to incorrect results due to broadcasting. Please ensure they have the same size.
  return F.mse_loss(input, target, reduction=self.reduction)
/mnt/users/garridom/.local/lib/python3.10/site-packages/torch/nn/modules/loss.py:634: UserWarning: Using a target size (torch.Size([96, 1])) that is different to the input size (torch.Size([96, 10])). This will likely lead to incorrect results due to broadcasting. Please ensure they have the same size.
  return F.mse_loss(input, target, reduction=self.reduction)
/mnt/users/garridom/.local/lib/python3.10/site-packages/torch/nn/modules/loss.py:634: UserWarning: Using a target size (torch.Size([4096, 1])) that is different to the input size (torch.Size([4096, 10])). This will likely lead to incorrect results due to broadcasting. Please ensure they have the same size.
  return F.mse_loss(input, target, reduction=self.reduction)
/mnt/users/garridom/.local/lib/python3.10/site-packages/torch/nn/modules/loss.py:634: UserWarning: Using a target size (torch.Size([2656, 1])) that is different to the input size (torch.Size([2656, 10])). This will likely lead to incorrect results due to broadcasting. Please ensure they have the same size.
  return F.mse_loss(input, target, reduction=self.reduction)
/mnt/users/garridom/.local/lib/python3.10/site-packages/torch/nn/modules/loss.py:634: UserWarning: Using a target size (torch.Size([1808, 1])) that is different to the input size (torch.Size([1808, 10])). This will likely lead to incorrect results due to broadcasting. Please ensure they have the same size.
  return F.mse_loss(input, target, reduction=self.reduction)
[DEBUG] Predictions shape: torch.Size([4096, 10])
[DEBUG] Targets shape: torch.Size([4096, 1])
[DEBUG] Predictions shape: torch.Size([4096, 10])
[DEBUG] Targets shape: torch.Size([4096, 1])
[DEBUG] Predictions shape: torch.Size([4096, 10])
[DEBUG] Targets shape: torch.Size([4096, 1])
[DEBUG] Predictions shape: torch.Size([4096, 10])
[DEBUG] Targets shape: torch.Size([4096, 1])
[DEBUG] Predictions shape: torch.Size([4096, 10])
[DEBUG] Targets shape: torch.Size([4096, 1])
[DEBUG] Predictions shape: torch.Size([4096, 10])
[DEBUG] Targets shape: torch.Size([4096, 1])
[DEBUG] Predictions shape: torch.Size([4096, 10])
[DEBUG] Targets shape: torch.Size([4096, 1])
[DEBUG] Predictions shape: torch.Size([4096, 10])
[DEBUG] Targets shape: torch.Size([4096, 1])
[DEBUG] Predictions shape: torch.Size([4096, 10])
[DEBUG] Targets shape: torch.Size([4096, 1])
[DEBUG] Predictions shape: torch.Size([4096, 10])
[DEBUG] Targets shape: torch.Size([4096, 1])
[DEBUG] Predictions shape: torch.Size([4096, 10])
[DEBUG] Targets shape: torch.Size([4096, 1])
[DEBUG] Predictions shape: torch.Size([4096, 10])
[DEBUG] Targets shape: torch.Size([4096, 1])
[DEBUG] Predictions shape: torch.Size([4096, 10])
[DEBUG] Targets shape: torch.Size([4096, 1])
[DEBUG] Predictions shape: torch.Size([4096, 10])
[DEBUG] Targets shape: torch.Size([4096, 1])
[DEBUG] Predictions shape: torch.Size([2656, 10])
[DEBUG] Targets shape: torch.Size([2656, 1])
[DEBUG] Predictions shape: torch.Size([4096, 10])
[DEBUG] Targets shape: torch.Size([4096, 1])
[DEBUG] Predictions shape: torch.Size([4096, 10])
[DEBUG] Targets shape: torch.Size([4096, 1])
[DEBUG] Predictions shape: torch.Size([1808, 10])
[DEBUG] Targets shape: torch.Size([1808, 1])
[DEBUG] Predictions shape: torch.Size([4096, 10])
[DEBUG] Targets shape: torch.Size([4096, 1])
[DEBUG] Predictions shape: torch.Size([4096, 10])
[DEBUG] Targets shape: torch.Size([4096, 1])
[DEBUG] Predictions shape: torch.Size([4096, 10])
[DEBUG] Targets shape: torch.Size([4096, 1])
[DEBUG] Predictions shape: torch.Size([4096, 10])
[DEBUG] Targets shape: torch.Size([4096, 1])
[DEBUG] Predictions shape: torch.Size([4096, 10])
[DEBUG] Targets shape: torch.Size([4096, 1])
[DEBUG] Predictions shape: torch.Size([4096, 10])
[DEBUG] Targets shape: torch.Size([4096, 1])
[DEBUG] Predictions shape: torch.Size([4096, 10])
[DEBUG] Targets shape: torch.Size([4096, 1])
[DEBUG] Predictions shape: torch.Size([4096, 10])
[DEBUG] Targets shape: torch.Size([4096, 1])
[DEBUG] Predictions shape: torch.Size([4096, 10])
[DEBUG] Targets shape: torch.Size([4096, 1])
[DEBUG] Predictions shape: torch.Size([4096, 10])
[DEBUG] Targets shape: torch.Size([4096, 1])
[DEBUG] Predictions shape: torch.Size([4096, 10])
[DEBUG] Targets shape: torch.Size([4096, 1])
[DEBUG] Predictions shape: torch.Size([4096, 10])
[DEBUG] Targets shape: torch.Size([4096, 1])
[DEBUG] Predictions shape: torch.Size([4096, 10])
[DEBUG] Targets shape: torch.Size([4096, 1])
[DEBUG] Predictions shape: torch.Size([4096, 10])
[DEBUG] Targets shape: torch.Size([4096, 1])
[DEBUG] Predictions shape: torch.Size([2656, 10])
[DEBUG] Targets shape: torch.Size([2656, 1])
[DEBUG] Predictions shape: torch.Size([4096, 10])
[DEBUG] Targets shape: torch.Size([4096, 1])
[DEBUG] Predictions shape: torch.Size([4096, 10])
[DEBUG] Targets shape: torch.Size([4096, 1])
[DEBUG] Predictions shape: torch.Size([1808, 10])
[DEBUG] Targets shape: torch.Size([1808, 1])
[DEBUG] Writing to CSV - Epoch: 1, Train MSE: 0.6544022848129273, Test MSE: 0.7480475071907043, Train Acc: 10.518333333333333, Test Acc: 10.21
[DEBUG] Predictions shape: torch.Size([4096, 10])
[DEBUG] Targets shape: torch.Size([4096, 1])
[DEBUG] Predictions shape: torch.Size([4096, 10])
[DEBUG] Targets shape: torch.Size([4096, 1])
[DEBUG] Predictions shape: torch.Size([4096, 10])
[DEBUG] Targets shape: torch.Size([4096, 1])
[DEBUG] Predictions shape: torch.Size([4096, 10])
[DEBUG] Targets shape: torch.Size([4096, 1])
[DEBUG] Predictions shape: torch.Size([4096, 10])
[DEBUG] Targets shape: torch.Size([4096, 1])
[DEBUG] Predictions shape: torch.Size([4096, 10])
[DEBUG] Targets shape: torch.Size([4096, 1])
[DEBUG] Predictions shape: torch.Size([4096, 10])
[DEBUG] Targets shape: torch.Size([4096, 1])
[DEBUG] Predictions shape: torch.Size([4096, 10])
[DEBUG] Targets shape: torch.Size([4096, 1])
[DEBUG] Predictions shape: torch.Size([4096, 10])
[DEBUG] Targets shape: torch.Size([4096, 1])
[DEBUG] Predictions shape: torch.Size([4096, 10])
[DEBUG] Targets shape: torch.Size([4096, 1])
[DEBUG] Predictions shape: torch.Size([4096, 10])
[DEBUG] Targets shape: torch.Size([4096, 1])
[DEBUG] Predictions shape: torch.Size([4096, 10])
[DEBUG] Targets shape: torch.Size([4096, 1])
[DEBUG] Predictions shape: torch.Size([4096, 10])
[DEBUG] Targets shape: torch.Size([4096, 1])
[DEBUG] Predictions shape: torch.Size([4096, 10])
[DEBUG] Targets shape: torch.Size([4096, 1])
[DEBUG] Predictions shape: torch.Size([2656, 10])
[DEBUG] Targets shape: torch.Size([2656, 1])
[DEBUG] Predictions shape: torch.Size([4096, 10])
[DEBUG] Targets shape: torch.Size([4096, 1])
[DEBUG] Predictions shape: torch.Size([4096, 10])
[DEBUG] Targets shape: torch.Size([4096, 1])
[DEBUG] Predictions shape: torch.Size([1808, 10])
[DEBUG] Targets shape: torch.Size([1808, 1])
[DEBUG] Writing to CSV - Epoch: 2, Train MSE: 0.39551645431518556, Test MSE: 0.5703065378189087, Train Acc: 9.693333333333333, Test Acc: 9.97
[DEBUG] Predictions shape: torch.Size([4096, 10])
[DEBUG] Targets shape: torch.Size([4096, 1])
[DEBUG] Predictions shape: torch.Size([4096, 10])
[DEBUG] Targets shape: torch.Size([4096, 1])
[DEBUG] Predictions shape: torch.Size([4096, 10])
[DEBUG] Targets shape: torch.Size([4096, 1])
[DEBUG] Predictions shape: torch.Size([4096, 10])
[DEBUG] Targets shape: torch.Size([4096, 1])
[DEBUG] Predictions shape: torch.Size([4096, 10])
[DEBUG] Targets shape: torch.Size([4096, 1])
[DEBUG] Predictions shape: torch.Size([4096, 10])
[DEBUG] Targets shape: torch.Size([4096, 1])
[DEBUG] Predictions shape: torch.Size([4096, 10])
[DEBUG] Targets shape: torch.Size([4096, 1])
[DEBUG] Predictions shape: torch.Size([4096, 10])
[DEBUG] Targets shape: torch.Size([4096, 1])
[DEBUG] Predictions shape: torch.Size([4096, 10])
[DEBUG] Targets shape: torch.Size([4096, 1])
[DEBUG] Predictions shape: torch.Size([4096, 10])
[DEBUG] Targets shape: torch.Size([4096, 1])
[DEBUG] Predictions shape: torch.Size([4096, 10])
[DEBUG] Targets shape: torch.Size([4096, 1])
[DEBUG] Predictions shape: torch.Size([4096, 10])
[DEBUG] Targets shape: torch.Size([4096, 1])
[DEBUG] Predictions shape: torch.Size([4096, 10])
[DEBUG] Targets shape: torch.Size([4096, 1])
[DEBUG] Predictions shape: torch.Size([4096, 10])
[DEBUG] Targets shape: torch.Size([4096, 1])
[DEBUG] Predictions shape: torch.Size([2656, 10])
[DEBUG] Targets shape: torch.Size([2656, 1])
[DEBUG] Predictions shape: torch.Size([4096, 10])
[DEBUG] Targets shape: torch.Size([4096, 1])
[DEBUG] Predictions shape: torch.Size([4096, 10])
[DEBUG] Targets shape: torch.Size([4096, 1])
[DEBUG] Predictions shape: torch.Size([1808, 10])
[DEBUG] Targets shape: torch.Size([1808, 1])
[DEBUG] Writing to CSV - Epoch: 3, Train MSE: 0.46886003952026367, Test MSE: 0.6767673765182495, Train Acc: 4.556666666666667, Test Acc: 4.32
[DEBUG] Predictions shape: torch.Size([4096, 10])
[DEBUG] Targets shape: torch.Size([4096, 1])
[DEBUG] Predictions shape: torch.Size([4096, 10])
[DEBUG] Targets shape: torch.Size([4096, 1])
[DEBUG] Predictions shape: torch.Size([4096, 10])
[DEBUG] Targets shape: torch.Size([4096, 1])
[DEBUG] Predictions shape: torch.Size([4096, 10])
[DEBUG] Targets shape: torch.Size([4096, 1])
[DEBUG] Predictions shape: torch.Size([4096, 10])
[DEBUG] Targets shape: torch.Size([4096, 1])
[DEBUG] Predictions shape: torch.Size([4096, 10])
[DEBUG] Targets shape: torch.Size([4096, 1])
[DEBUG] Predictions shape: torch.Size([4096, 10])
[DEBUG] Targets shape: torch.Size([4096, 1])
[DEBUG] Predictions shape: torch.Size([4096, 10])
[DEBUG] Targets shape: torch.Size([4096, 1])
[DEBUG] Predictions shape: torch.Size([4096, 10])
[DEBUG] Targets shape: torch.Size([4096, 1])
[DEBUG] Predictions shape: torch.Size([4096, 10])
[DEBUG] Targets shape: torch.Size([4096, 1])
[DEBUG] Predictions shape: torch.Size([4096, 10])
[DEBUG] Targets shape: torch.Size([4096, 1])
[DEBUG] Predictions shape: torch.Size([4096, 10])
[DEBUG] Targets shape: torch.Size([4096, 1])
[DEBUG] Predictions shape: torch.Size([4096, 10])
[DEBUG] Targets shape: torch.Size([4096, 1])
[DEBUG] Predictions shape: torch.Size([4096, 10])
[DEBUG] Targets shape: torch.Size([4096, 1])
[DEBUG] Predictions shape: torch.Size([2656, 10])
[DEBUG] Targets shape: torch.Size([2656, 1])
[DEBUG] Predictions shape: torch.Size([4096, 10])
[DEBUG] Targets shape: torch.Size([4096, 1])
[DEBUG] Predictions shape: torch.Size([4096, 10])
[DEBUG] Targets shape: torch.Size([4096, 1])
[DEBUG] Predictions shape: torch.Size([1808, 10])
[DEBUG] Targets shape: torch.Size([1808, 1])
[DEBUG] Writing to CSV - Epoch: 4, Train MSE: 0.25090060142676035, Test MSE: 0.4615473301410675, Train Acc: 16.678333333333335, Test Acc: 17.27
[DEBUG] Predictions shape: torch.Size([4096, 10])
[DEBUG] Targets shape: torch.Size([4096, 1])
[DEBUG] Predictions shape: torch.Size([4096, 10])
[DEBUG] Targets shape: torch.Size([4096, 1])
[DEBUG] Predictions shape: torch.Size([4096, 10])
[DEBUG] Targets shape: torch.Size([4096, 1])
[DEBUG] Predictions shape: torch.Size([4096, 10])
[DEBUG] Targets shape: torch.Size([4096, 1])
[DEBUG] Predictions shape: torch.Size([4096, 10])
[DEBUG] Targets shape: torch.Size([4096, 1])
[DEBUG] Predictions shape: torch.Size([4096, 10])
[DEBUG] Targets shape: torch.Size([4096, 1])
[DEBUG] Predictions shape: torch.Size([4096, 10])
[DEBUG] Targets shape: torch.Size([4096, 1])
[DEBUG] Predictions shape: torch.Size([4096, 10])
[DEBUG] Targets shape: torch.Size([4096, 1])
[DEBUG] Predictions shape: torch.Size([4096, 10])
[DEBUG] Targets shape: torch.Size([4096, 1])
[DEBUG] Predictions shape: torch.Size([4096, 10])
[DEBUG] Targets shape: torch.Size([4096, 1])
[DEBUG] Predictions shape: torch.Size([4096, 10])
[DEBUG] Targets shape: torch.Size([4096, 1])
[DEBUG] Predictions shape: torch.Size([4096, 10])
[DEBUG] Targets shape: torch.Size([4096, 1])
[DEBUG] Predictions shape: torch.Size([4096, 10])
[DEBUG] Targets shape: torch.Size([4096, 1])
[DEBUG] Predictions shape: torch.Size([4096, 10])
[DEBUG] Targets shape: torch.Size([4096, 1])
[DEBUG] Predictions shape: torch.Size([2656, 10])
[DEBUG] Targets shape: torch.Size([2656, 1])
[DEBUG] Predictions shape: torch.Size([4096, 10])
[DEBUG] Targets shape: torch.Size([4096, 1])
[DEBUG] Predictions shape: torch.Size([4096, 10])
[DEBUG] Targets shape: torch.Size([4096, 1])
[DEBUG] Predictions shape: torch.Size([1808, 10])
[DEBUG] Targets shape: torch.Size([1808, 1])
[DEBUG] Writing to CSV - Epoch: 5, Train MSE: 0.2492768166542053, Test MSE: 0.4794432780265808, Train Acc: 10.553333333333333, Test Acc: 10.81
[Epoch 5] train_mse=0.249277  test_mse=0.479443
[DEBUG] Predictions shape: torch.Size([4096, 10])
[DEBUG] Targets shape: torch.Size([4096, 1])
[DEBUG] Predictions shape: torch.Size([4096, 10])
[DEBUG] Targets shape: torch.Size([4096, 1])
[DEBUG] Predictions shape: torch.Size([4096, 10])
[DEBUG] Targets shape: torch.Size([4096, 1])
[DEBUG] Predictions shape: torch.Size([4096, 10])
[DEBUG] Targets shape: torch.Size([4096, 1])
[DEBUG] Predictions shape: torch.Size([4096, 10])
[DEBUG] Targets shape: torch.Size([4096, 1])
[DEBUG] Predictions shape: torch.Size([4096, 10])
[DEBUG] Targets shape: torch.Size([4096, 1])
[DEBUG] Predictions shape: torch.Size([4096, 10])
[DEBUG] Targets shape: torch.Size([4096, 1])
[DEBUG] Predictions shape: torch.Size([4096, 10])
[DEBUG] Targets shape: torch.Size([4096, 1])
[DEBUG] Predictions shape: torch.Size([4096, 10])
[DEBUG] Targets shape: torch.Size([4096, 1])
[DEBUG] Predictions shape: torch.Size([4096, 10])
[DEBUG] Targets shape: torch.Size([4096, 1])
[DEBUG] Predictions shape: torch.Size([4096, 10])
[DEBUG] Targets shape: torch.Size([4096, 1])
[DEBUG] Predictions shape: torch.Size([4096, 10])
[DEBUG] Targets shape: torch.Size([4096, 1])
[DEBUG] Predictions shape: torch.Size([4096, 10])
[DEBUG] Targets shape: torch.Size([4096, 1])
[DEBUG] Predictions shape: torch.Size([4096, 10])
[DEBUG] Targets shape: torch.Size([4096, 1])
[DEBUG] Predictions shape: torch.Size([2656, 10])
[DEBUG] Targets shape: torch.Size([2656, 1])
[DEBUG] Predictions shape: torch.Size([4096, 10])
[DEBUG] Targets shape: torch.Size([4096, 1])
[DEBUG] Predictions shape: torch.Size([4096, 10])
[DEBUG] Targets shape: torch.Size([4096, 1])
[DEBUG] Predictions shape: torch.Size([1808, 10])
[DEBUG] Targets shape: torch.Size([1808, 1])
[DEBUG] Writing to CSV - Epoch: 6, Train MSE: 0.20901244699954988, Test MSE: 0.44341103739738463, Train Acc: 7.701666666666667, Test Acc: 7.38
[DEBUG] Predictions shape: torch.Size([4096, 10])
[DEBUG] Targets shape: torch.Size([4096, 1])
[DEBUG] Predictions shape: torch.Size([4096, 10])
[DEBUG] Targets shape: torch.Size([4096, 1])
[DEBUG] Predictions shape: torch.Size([4096, 10])
[DEBUG] Targets shape: torch.Size([4096, 1])
[DEBUG] Predictions shape: torch.Size([4096, 10])
[DEBUG] Targets shape: torch.Size([4096, 1])
[DEBUG] Predictions shape: torch.Size([4096, 10])
[DEBUG] Targets shape: torch.Size([4096, 1])
[DEBUG] Predictions shape: torch.Size([4096, 10])
[DEBUG] Targets shape: torch.Size([4096, 1])
[DEBUG] Predictions shape: torch.Size([4096, 10])
[DEBUG] Targets shape: torch.Size([4096, 1])
[DEBUG] Predictions shape: torch.Size([4096, 10])
[DEBUG] Targets shape: torch.Size([4096, 1])
[DEBUG] Predictions shape: torch.Size([4096, 10])
[DEBUG] Targets shape: torch.Size([4096, 1])
[DEBUG] Predictions shape: torch.Size([4096, 10])
[DEBUG] Targets shape: torch.Size([4096, 1])
[DEBUG] Predictions shape: torch.Size([4096, 10])
[DEBUG] Targets shape: torch.Size([4096, 1])
[DEBUG] Predictions shape: torch.Size([4096, 10])
[DEBUG] Targets shape: torch.Size([4096, 1])
[DEBUG] Predictions shape: torch.Size([4096, 10])
[DEBUG] Targets shape: torch.Size([4096, 1])
[DEBUG] Predictions shape: torch.Size([4096, 10])
[DEBUG] Targets shape: torch.Size([4096, 1])
[DEBUG] Predictions shape: torch.Size([2656, 10])
[DEBUG] Targets shape: torch.Size([2656, 1])
[DEBUG] Predictions shape: torch.Size([4096, 10])
[DEBUG] Targets shape: torch.Size([4096, 1])
[DEBUG] Predictions shape: torch.Size([4096, 10])
[DEBUG] Targets shape: torch.Size([4096, 1])
[DEBUG] Predictions shape: torch.Size([1808, 10])
[DEBUG] Targets shape: torch.Size([1808, 1])
[DEBUG] Writing to CSV - Epoch: 7, Train MSE: 0.16204829924106598, Test MSE: 0.36706748762130736, Train Acc: 14.036666666666667, Test Acc: 14.01
[DEBUG] Predictions shape: torch.Size([4096, 10])
[DEBUG] Targets shape: torch.Size([4096, 1])
[DEBUG] Predictions shape: torch.Size([4096, 10])
[DEBUG] Targets shape: torch.Size([4096, 1])
[DEBUG] Predictions shape: torch.Size([4096, 10])
[DEBUG] Targets shape: torch.Size([4096, 1])
[DEBUG] Predictions shape: torch.Size([4096, 10])
[DEBUG] Targets shape: torch.Size([4096, 1])
[DEBUG] Predictions shape: torch.Size([4096, 10])
[DEBUG] Targets shape: torch.Size([4096, 1])
[DEBUG] Predictions shape: torch.Size([4096, 10])
[DEBUG] Targets shape: torch.Size([4096, 1])
[DEBUG] Predictions shape: torch.Size([4096, 10])
[DEBUG] Targets shape: torch.Size([4096, 1])
[DEBUG] Predictions shape: torch.Size([4096, 10])
[DEBUG] Targets shape: torch.Size([4096, 1])
[DEBUG] Predictions shape: torch.Size([4096, 10])
[DEBUG] Targets shape: torch.Size([4096, 1])
[DEBUG] Predictions shape: torch.Size([4096, 10])
[DEBUG] Targets shape: torch.Size([4096, 1])
[DEBUG] Predictions shape: torch.Size([4096, 10])
[DEBUG] Targets shape: torch.Size([4096, 1])
[DEBUG] Predictions shape: torch.Size([4096, 10])
[DEBUG] Targets shape: torch.Size([4096, 1])
[DEBUG] Predictions shape: torch.Size([4096, 10])
[DEBUG] Targets shape: torch.Size([4096, 1])
[DEBUG] Predictions shape: torch.Size([4096, 10])
[DEBUG] Targets shape: torch.Size([4096, 1])
[DEBUG] Predictions shape: torch.Size([2656, 10])
[DEBUG] Targets shape: torch.Size([2656, 1])
[DEBUG] Predictions shape: torch.Size([4096, 10])
[DEBUG] Targets shape: torch.Size([4096, 1])
[DEBUG] Predictions shape: torch.Size([4096, 10])
[DEBUG] Targets shape: torch.Size([4096, 1])
[DEBUG] Predictions shape: torch.Size([1808, 10])
[DEBUG] Targets shape: torch.Size([1808, 1])
[DEBUG] Writing to CSV - Epoch: 8, Train MSE: 0.15410621732870738, Test MSE: 0.37245777559280396, Train Acc: 15.266666666666667, Test Acc: 16.15
[DEBUG] Predictions shape: torch.Size([4096, 10])
[DEBUG] Targets shape: torch.Size([4096, 1])
[DEBUG] Predictions shape: torch.Size([4096, 10])
[DEBUG] Targets shape: torch.Size([4096, 1])
[DEBUG] Predictions shape: torch.Size([4096, 10])
[DEBUG] Targets shape: torch.Size([4096, 1])
[DEBUG] Predictions shape: torch.Size([4096, 10])
[DEBUG] Targets shape: torch.Size([4096, 1])
[DEBUG] Predictions shape: torch.Size([4096, 10])
[DEBUG] Targets shape: torch.Size([4096, 1])
[DEBUG] Predictions shape: torch.Size([4096, 10])
[DEBUG] Targets shape: torch.Size([4096, 1])
[DEBUG] Predictions shape: torch.Size([4096, 10])
[DEBUG] Targets shape: torch.Size([4096, 1])
[DEBUG] Predictions shape: torch.Size([4096, 10])
[DEBUG] Targets shape: torch.Size([4096, 1])
[DEBUG] Predictions shape: torch.Size([4096, 10])
[DEBUG] Targets shape: torch.Size([4096, 1])
[DEBUG] Predictions shape: torch.Size([4096, 10])
[DEBUG] Targets shape: torch.Size([4096, 1])
[DEBUG] Predictions shape: torch.Size([4096, 10])
[DEBUG] Targets shape: torch.Size([4096, 1])
[DEBUG] Predictions shape: torch.Size([4096, 10])
[DEBUG] Targets shape: torch.Size([4096, 1])
[DEBUG] Predictions shape: torch.Size([4096, 10])
[DEBUG] Targets shape: torch.Size([4096, 1])
[DEBUG] Predictions shape: torch.Size([4096, 10])
[DEBUG] Targets shape: torch.Size([4096, 1])
[DEBUG] Predictions shape: torch.Size([2656, 10])
[DEBUG] Targets shape: torch.Size([2656, 1])
[DEBUG] Predictions shape: torch.Size([4096, 10])
[DEBUG] Targets shape: torch.Size([4096, 1])
[DEBUG] Predictions shape: torch.Size([4096, 10])
[DEBUG] Targets shape: torch.Size([4096, 1])
[DEBUG] Predictions shape: torch.Size([1808, 10])
[DEBUG] Targets shape: torch.Size([1808, 1])
[DEBUG] Writing to CSV - Epoch: 9, Train MSE: 0.27394292119344077, Test MSE: 0.5098216219902039, Train Acc: 11.696666666666667, Test Acc: 11.32
[DEBUG] Predictions shape: torch.Size([4096, 10])
[DEBUG] Targets shape: torch.Size([4096, 1])
[DEBUG] Predictions shape: torch.Size([4096, 10])
[DEBUG] Targets shape: torch.Size([4096, 1])
[DEBUG] Predictions shape: torch.Size([4096, 10])
[DEBUG] Targets shape: torch.Size([4096, 1])
[DEBUG] Predictions shape: torch.Size([4096, 10])
[DEBUG] Targets shape: torch.Size([4096, 1])
[DEBUG] Predictions shape: torch.Size([4096, 10])
[DEBUG] Targets shape: torch.Size([4096, 1])
[DEBUG] Predictions shape: torch.Size([4096, 10])
[DEBUG] Targets shape: torch.Size([4096, 1])
[DEBUG] Predictions shape: torch.Size([4096, 10])
[DEBUG] Targets shape: torch.Size([4096, 1])
[DEBUG] Predictions shape: torch.Size([4096, 10])
[DEBUG] Targets shape: torch.Size([4096, 1])
[DEBUG] Predictions shape: torch.Size([4096, 10])
[DEBUG] Targets shape: torch.Size([4096, 1])
[DEBUG] Predictions shape: torch.Size([4096, 10])
[DEBUG] Targets shape: torch.Size([4096, 1])
[DEBUG] Predictions shape: torch.Size([4096, 10])
[DEBUG] Targets shape: torch.Size([4096, 1])
[DEBUG] Predictions shape: torch.Size([4096, 10])
[DEBUG] Targets shape: torch.Size([4096, 1])
[DEBUG] Predictions shape: torch.Size([4096, 10])
[DEBUG] Targets shape: torch.Size([4096, 1])
[DEBUG] Predictions shape: torch.Size([4096, 10])
[DEBUG] Targets shape: torch.Size([4096, 1])
[DEBUG] Predictions shape: torch.Size([2656, 10])
[DEBUG] Targets shape: torch.Size([2656, 1])
[DEBUG] Predictions shape: torch.Size([4096, 10])
[DEBUG] Targets shape: torch.Size([4096, 1])
[DEBUG] Predictions shape: torch.Size([4096, 10])
[DEBUG] Targets shape: torch.Size([4096, 1])
[DEBUG] Predictions shape: torch.Size([1808, 10])
[DEBUG] Targets shape: torch.Size([1808, 1])
[DEBUG] Writing to CSV - Epoch: 10, Train MSE: 0.12591248381932577, Test MSE: 0.39178290247917175, Train Acc: 6.673333333333333, Test Acc: 6.71
[Epoch 10] train_mse=0.125912  test_mse=0.391783
[DEBUG] Predictions shape: torch.Size([4096, 10])
[DEBUG] Targets shape: torch.Size([4096, 1])
[DEBUG] Predictions shape: torch.Size([4096, 10])
[DEBUG] Targets shape: torch.Size([4096, 1])
[DEBUG] Predictions shape: torch.Size([4096, 10])
[DEBUG] Targets shape: torch.Size([4096, 1])
[DEBUG] Predictions shape: torch.Size([4096, 10])
[DEBUG] Targets shape: torch.Size([4096, 1])
[DEBUG] Predictions shape: torch.Size([4096, 10])
[DEBUG] Targets shape: torch.Size([4096, 1])
[DEBUG] Predictions shape: torch.Size([4096, 10])
[DEBUG] Targets shape: torch.Size([4096, 1])
[DEBUG] Predictions shape: torch.Size([4096, 10])
[DEBUG] Targets shape: torch.Size([4096, 1])
[DEBUG] Predictions shape: torch.Size([4096, 10])
[DEBUG] Targets shape: torch.Size([4096, 1])
[DEBUG] Predictions shape: torch.Size([4096, 10])
[DEBUG] Targets shape: torch.Size([4096, 1])
[DEBUG] Predictions shape: torch.Size([4096, 10])
[DEBUG] Targets shape: torch.Size([4096, 1])
[DEBUG] Predictions shape: torch.Size([4096, 10])
[DEBUG] Targets shape: torch.Size([4096, 1])
[DEBUG] Predictions shape: torch.Size([4096, 10])
[DEBUG] Targets shape: torch.Size([4096, 1])
[DEBUG] Predictions shape: torch.Size([4096, 10])
[DEBUG] Targets shape: torch.Size([4096, 1])
[DEBUG] Predictions shape: torch.Size([4096, 10])
[DEBUG] Targets shape: torch.Size([4096, 1])
[DEBUG] Predictions shape: torch.Size([2656, 10])
[DEBUG] Targets shape: torch.Size([2656, 1])
[DEBUG] Predictions shape: torch.Size([4096, 10])
[DEBUG] Targets shape: torch.Size([4096, 1])
[DEBUG] Predictions shape: torch.Size([4096, 10])
[DEBUG] Targets shape: torch.Size([4096, 1])
[DEBUG] Predictions shape: torch.Size([1808, 10])
[DEBUG] Targets shape: torch.Size([1808, 1])
[DEBUG] Writing to CSV - Epoch: 11, Train MSE: 0.16267153391838074, Test MSE: 0.4015803294181824, Train Acc: 11.428333333333333, Test Acc: 11.73
[DEBUG] Predictions shape: torch.Size([4096, 10])
[DEBUG] Targets shape: torch.Size([4096, 1])
[DEBUG] Predictions shape: torch.Size([4096, 10])
[DEBUG] Targets shape: torch.Size([4096, 1])
[DEBUG] Predictions shape: torch.Size([4096, 10])
[DEBUG] Targets shape: torch.Size([4096, 1])
[DEBUG] Predictions shape: torch.Size([4096, 10])
[DEBUG] Targets shape: torch.Size([4096, 1])
[DEBUG] Predictions shape: torch.Size([4096, 10])
[DEBUG] Targets shape: torch.Size([4096, 1])
[DEBUG] Predictions shape: torch.Size([4096, 10])
[DEBUG] Targets shape: torch.Size([4096, 1])
[DEBUG] Predictions shape: torch.Size([4096, 10])
[DEBUG] Targets shape: torch.Size([4096, 1])
[DEBUG] Predictions shape: torch.Size([4096, 10])
[DEBUG] Targets shape: torch.Size([4096, 1])
[DEBUG] Predictions shape: torch.Size([4096, 10])
[DEBUG] Targets shape: torch.Size([4096, 1])
[DEBUG] Predictions shape: torch.Size([4096, 10])
[DEBUG] Targets shape: torch.Size([4096, 1])
[DEBUG] Predictions shape: torch.Size([4096, 10])
[DEBUG] Targets shape: torch.Size([4096, 1])
[DEBUG] Predictions shape: torch.Size([4096, 10])
[DEBUG] Targets shape: torch.Size([4096, 1])
[DEBUG] Predictions shape: torch.Size([4096, 10])
[DEBUG] Targets shape: torch.Size([4096, 1])
[DEBUG] Predictions shape: torch.Size([4096, 10])
[DEBUG] Targets shape: torch.Size([4096, 1])
[DEBUG] Predictions shape: torch.Size([2656, 10])
[DEBUG] Targets shape: torch.Size([2656, 1])
[DEBUG] Predictions shape: torch.Size([4096, 10])
[DEBUG] Targets shape: torch.Size([4096, 1])
[DEBUG] Predictions shape: torch.Size([4096, 10])
[DEBUG] Targets shape: torch.Size([4096, 1])
[DEBUG] Predictions shape: torch.Size([1808, 10])
[DEBUG] Targets shape: torch.Size([1808, 1])
[DEBUG] Writing to CSV - Epoch: 12, Train MSE: 0.13818524222373962, Test MSE: 0.3697527270793915, Train Acc: 9.743333333333334, Test Acc: 9.28
[DEBUG] Predictions shape: torch.Size([4096, 10])
[DEBUG] Targets shape: torch.Size([4096, 1])
[DEBUG] Predictions shape: torch.Size([4096, 10])
[DEBUG] Targets shape: torch.Size([4096, 1])
[DEBUG] Predictions shape: torch.Size([4096, 10])
[DEBUG] Targets shape: torch.Size([4096, 1])
[DEBUG] Predictions shape: torch.Size([4096, 10])
[DEBUG] Targets shape: torch.Size([4096, 1])
[DEBUG] Predictions shape: torch.Size([4096, 10])
[DEBUG] Targets shape: torch.Size([4096, 1])
[DEBUG] Predictions shape: torch.Size([4096, 10])
[DEBUG] Targets shape: torch.Size([4096, 1])
[DEBUG] Predictions shape: torch.Size([4096, 10])
[DEBUG] Targets shape: torch.Size([4096, 1])
[DEBUG] Predictions shape: torch.Size([4096, 10])
[DEBUG] Targets shape: torch.Size([4096, 1])
[DEBUG] Predictions shape: torch.Size([4096, 10])
[DEBUG] Targets shape: torch.Size([4096, 1])
[DEBUG] Predictions shape: torch.Size([4096, 10])
[DEBUG] Targets shape: torch.Size([4096, 1])
[DEBUG] Predictions shape: torch.Size([4096, 10])
[DEBUG] Targets shape: torch.Size([4096, 1])
[DEBUG] Predictions shape: torch.Size([4096, 10])
[DEBUG] Targets shape: torch.Size([4096, 1])
[DEBUG] Predictions shape: torch.Size([4096, 10])
[DEBUG] Targets shape: torch.Size([4096, 1])
[DEBUG] Predictions shape: torch.Size([4096, 10])
[DEBUG] Targets shape: torch.Size([4096, 1])
[DEBUG] Predictions shape: torch.Size([2656, 10])
[DEBUG] Targets shape: torch.Size([2656, 1])
[DEBUG] Predictions shape: torch.Size([4096, 10])
[DEBUG] Targets shape: torch.Size([4096, 1])
[DEBUG] Predictions shape: torch.Size([4096, 10])
[DEBUG] Targets shape: torch.Size([4096, 1])
[DEBUG] Predictions shape: torch.Size([1808, 10])
[DEBUG] Targets shape: torch.Size([1808, 1])
[DEBUG] Writing to CSV - Epoch: 13, Train MSE: 0.1247578686038653, Test MSE: 0.3678094195365906, Train Acc: 13.046666666666667, Test Acc: 12.95
[DEBUG] Predictions shape: torch.Size([4096, 10])
[DEBUG] Targets shape: torch.Size([4096, 1])
[DEBUG] Predictions shape: torch.Size([4096, 10])
[DEBUG] Targets shape: torch.Size([4096, 1])
[DEBUG] Predictions shape: torch.Size([4096, 10])
[DEBUG] Targets shape: torch.Size([4096, 1])
[DEBUG] Predictions shape: torch.Size([4096, 10])
[DEBUG] Targets shape: torch.Size([4096, 1])
[DEBUG] Predictions shape: torch.Size([4096, 10])
[DEBUG] Targets shape: torch.Size([4096, 1])
[DEBUG] Predictions shape: torch.Size([4096, 10])
[DEBUG] Targets shape: torch.Size([4096, 1])
[DEBUG] Predictions shape: torch.Size([4096, 10])
[DEBUG] Targets shape: torch.Size([4096, 1])
[DEBUG] Predictions shape: torch.Size([4096, 10])
[DEBUG] Targets shape: torch.Size([4096, 1])
[DEBUG] Predictions shape: torch.Size([4096, 10])
[DEBUG] Targets shape: torch.Size([4096, 1])
[DEBUG] Predictions shape: torch.Size([4096, 10])
[DEBUG] Targets shape: torch.Size([4096, 1])
[DEBUG] Predictions shape: torch.Size([4096, 10])
[DEBUG] Targets shape: torch.Size([4096, 1])
[DEBUG] Predictions shape: torch.Size([4096, 10])
[DEBUG] Targets shape: torch.Size([4096, 1])
[DEBUG] Predictions shape: torch.Size([4096, 10])
[DEBUG] Targets shape: torch.Size([4096, 1])
[DEBUG] Predictions shape: torch.Size([4096, 10])
[DEBUG] Targets shape: torch.Size([4096, 1])
[DEBUG] Predictions shape: torch.Size([2656, 10])
[DEBUG] Targets shape: torch.Size([2656, 1])
[DEBUG] Predictions shape: torch.Size([4096, 10])
[DEBUG] Targets shape: torch.Size([4096, 1])
[DEBUG] Predictions shape: torch.Size([4096, 10])
[DEBUG] Targets shape: torch.Size([4096, 1])
[DEBUG] Predictions shape: torch.Size([1808, 10])
[DEBUG] Targets shape: torch.Size([1808, 1])
[DEBUG] Writing to CSV - Epoch: 14, Train MSE: 0.12441730035940807, Test MSE: 0.4025171983242035, Train Acc: 17.77, Test Acc: 17.31
[DEBUG] Predictions shape: torch.Size([4096, 10])
[DEBUG] Targets shape: torch.Size([4096, 1])
[DEBUG] Predictions shape: torch.Size([4096, 10])
[DEBUG] Targets shape: torch.Size([4096, 1])
[DEBUG] Predictions shape: torch.Size([4096, 10])
[DEBUG] Targets shape: torch.Size([4096, 1])
[DEBUG] Predictions shape: torch.Size([4096, 10])
[DEBUG] Targets shape: torch.Size([4096, 1])
[DEBUG] Predictions shape: torch.Size([4096, 10])
[DEBUG] Targets shape: torch.Size([4096, 1])
[DEBUG] Predictions shape: torch.Size([4096, 10])
[DEBUG] Targets shape: torch.Size([4096, 1])
[DEBUG] Predictions shape: torch.Size([4096, 10])
[DEBUG] Targets shape: torch.Size([4096, 1])
[DEBUG] Predictions shape: torch.Size([4096, 10])
[DEBUG] Targets shape: torch.Size([4096, 1])
[DEBUG] Predictions shape: torch.Size([4096, 10])
[DEBUG] Targets shape: torch.Size([4096, 1])
[DEBUG] Predictions shape: torch.Size([4096, 10])
[DEBUG] Targets shape: torch.Size([4096, 1])
[DEBUG] Predictions shape: torch.Size([4096, 10])
[DEBUG] Targets shape: torch.Size([4096, 1])
[DEBUG] Predictions shape: torch.Size([4096, 10])
[DEBUG] Targets shape: torch.Size([4096, 1])
[DEBUG] Predictions shape: torch.Size([4096, 10])
[DEBUG] Targets shape: torch.Size([4096, 1])
[DEBUG] Predictions shape: torch.Size([4096, 10])
[DEBUG] Targets shape: torch.Size([4096, 1])
[DEBUG] Predictions shape: torch.Size([2656, 10])
[DEBUG] Targets shape: torch.Size([2656, 1])
[DEBUG] Predictions shape: torch.Size([4096, 10])
[DEBUG] Targets shape: torch.Size([4096, 1])
[DEBUG] Predictions shape: torch.Size([4096, 10])
[DEBUG] Targets shape: torch.Size([4096, 1])
[DEBUG] Predictions shape: torch.Size([1808, 10])
[DEBUG] Targets shape: torch.Size([1808, 1])
[DEBUG] Writing to CSV - Epoch: 15, Train MSE: 0.07132563085953394, Test MSE: 0.34222774419784546, Train Acc: 11.56, Test Acc: 11.48
[Epoch 15] train_mse=0.071326  test_mse=0.342228
[DEBUG] Predictions shape: torch.Size([4096, 10])
[DEBUG] Targets shape: torch.Size([4096, 1])
[DEBUG] Predictions shape: torch.Size([4096, 10])
[DEBUG] Targets shape: torch.Size([4096, 1])
[DEBUG] Predictions shape: torch.Size([4096, 10])
[DEBUG] Targets shape: torch.Size([4096, 1])
[DEBUG] Predictions shape: torch.Size([4096, 10])
[DEBUG] Targets shape: torch.Size([4096, 1])
[DEBUG] Predictions shape: torch.Size([4096, 10])
[DEBUG] Targets shape: torch.Size([4096, 1])
[DEBUG] Predictions shape: torch.Size([4096, 10])
[DEBUG] Targets shape: torch.Size([4096, 1])
[DEBUG] Predictions shape: torch.Size([4096, 10])
[DEBUG] Targets shape: torch.Size([4096, 1])
[DEBUG] Predictions shape: torch.Size([4096, 10])
[DEBUG] Targets shape: torch.Size([4096, 1])
[DEBUG] Predictions shape: torch.Size([4096, 10])
[DEBUG] Targets shape: torch.Size([4096, 1])
[DEBUG] Predictions shape: torch.Size([4096, 10])
[DEBUG] Targets shape: torch.Size([4096, 1])
[DEBUG] Predictions shape: torch.Size([4096, 10])
[DEBUG] Targets shape: torch.Size([4096, 1])
[DEBUG] Predictions shape: torch.Size([4096, 10])
[DEBUG] Targets shape: torch.Size([4096, 1])
[DEBUG] Predictions shape: torch.Size([4096, 10])
[DEBUG] Targets shape: torch.Size([4096, 1])
[DEBUG] Predictions shape: torch.Size([4096, 10])
[DEBUG] Targets shape: torch.Size([4096, 1])
[DEBUG] Predictions shape: torch.Size([2656, 10])
[DEBUG] Targets shape: torch.Size([2656, 1])
[DEBUG] Predictions shape: torch.Size([4096, 10])
[DEBUG] Targets shape: torch.Size([4096, 1])
[DEBUG] Predictions shape: torch.Size([4096, 10])
[DEBUG] Targets shape: torch.Size([4096, 1])
[DEBUG] Predictions shape: torch.Size([1808, 10])
[DEBUG] Targets shape: torch.Size([1808, 1])
[DEBUG] Writing to CSV - Epoch: 16, Train MSE: 0.06974744642972946, Test MSE: 0.30905143136978147, Train Acc: 5.858333333333333, Test Acc: 6.39
[DEBUG] Predictions shape: torch.Size([4096, 10])
[DEBUG] Targets shape: torch.Size([4096, 1])
[DEBUG] Predictions shape: torch.Size([4096, 10])
[DEBUG] Targets shape: torch.Size([4096, 1])
[DEBUG] Predictions shape: torch.Size([4096, 10])
[DEBUG] Targets shape: torch.Size([4096, 1])
[DEBUG] Predictions shape: torch.Size([4096, 10])
[DEBUG] Targets shape: torch.Size([4096, 1])
[DEBUG] Predictions shape: torch.Size([4096, 10])
[DEBUG] Targets shape: torch.Size([4096, 1])
[DEBUG] Predictions shape: torch.Size([4096, 10])
[DEBUG] Targets shape: torch.Size([4096, 1])
[DEBUG] Predictions shape: torch.Size([4096, 10])
[DEBUG] Targets shape: torch.Size([4096, 1])
[DEBUG] Predictions shape: torch.Size([4096, 10])
[DEBUG] Targets shape: torch.Size([4096, 1])
[DEBUG] Predictions shape: torch.Size([4096, 10])
[DEBUG] Targets shape: torch.Size([4096, 1])
[DEBUG] Predictions shape: torch.Size([4096, 10])
[DEBUG] Targets shape: torch.Size([4096, 1])
[DEBUG] Predictions shape: torch.Size([4096, 10])
[DEBUG] Targets shape: torch.Size([4096, 1])
[DEBUG] Predictions shape: torch.Size([4096, 10])
[DEBUG] Targets shape: torch.Size([4096, 1])
[DEBUG] Predictions shape: torch.Size([4096, 10])
[DEBUG] Targets shape: torch.Size([4096, 1])
[DEBUG] Predictions shape: torch.Size([4096, 10])
[DEBUG] Targets shape: torch.Size([4096, 1])
[DEBUG] Predictions shape: torch.Size([2656, 10])
[DEBUG] Targets shape: torch.Size([2656, 1])
[DEBUG] Predictions shape: torch.Size([4096, 10])
[DEBUG] Targets shape: torch.Size([4096, 1])
[DEBUG] Predictions shape: torch.Size([4096, 10])
[DEBUG] Targets shape: torch.Size([4096, 1])
[DEBUG] Predictions shape: torch.Size([1808, 10])
[DEBUG] Targets shape: torch.Size([1808, 1])
[DEBUG] Writing to CSV - Epoch: 17, Train MSE: 0.12965303819974264, Test MSE: 0.39046221442222595, Train Acc: 6.183333333333334, Test Acc: 6.41
[DEBUG] Predictions shape: torch.Size([4096, 10])
[DEBUG] Targets shape: torch.Size([4096, 1])
[DEBUG] Predictions shape: torch.Size([4096, 10])
[DEBUG] Targets shape: torch.Size([4096, 1])
[DEBUG] Predictions shape: torch.Size([4096, 10])
[DEBUG] Targets shape: torch.Size([4096, 1])
[DEBUG] Predictions shape: torch.Size([4096, 10])
[DEBUG] Targets shape: torch.Size([4096, 1])
[DEBUG] Predictions shape: torch.Size([4096, 10])
[DEBUG] Targets shape: torch.Size([4096, 1])
[DEBUG] Predictions shape: torch.Size([4096, 10])
[DEBUG] Targets shape: torch.Size([4096, 1])
[DEBUG] Predictions shape: torch.Size([4096, 10])
[DEBUG] Targets shape: torch.Size([4096, 1])
[DEBUG] Predictions shape: torch.Size([4096, 10])
[DEBUG] Targets shape: torch.Size([4096, 1])
[DEBUG] Predictions shape: torch.Size([4096, 10])
[DEBUG] Targets shape: torch.Size([4096, 1])
[DEBUG] Predictions shape: torch.Size([4096, 10])
[DEBUG] Targets shape: torch.Size([4096, 1])
[DEBUG] Predictions shape: torch.Size([4096, 10])
[DEBUG] Targets shape: torch.Size([4096, 1])
[DEBUG] Predictions shape: torch.Size([4096, 10])
[DEBUG] Targets shape: torch.Size([4096, 1])
[DEBUG] Predictions shape: torch.Size([4096, 10])
[DEBUG] Targets shape: torch.Size([4096, 1])
[DEBUG] Predictions shape: torch.Size([4096, 10])
[DEBUG] Targets shape: torch.Size([4096, 1])
[DEBUG] Predictions shape: torch.Size([2656, 10])
[DEBUG] Targets shape: torch.Size([2656, 1])
[DEBUG] Predictions shape: torch.Size([4096, 10])
[DEBUG] Targets shape: torch.Size([4096, 1])
[DEBUG] Predictions shape: torch.Size([4096, 10])
[DEBUG] Targets shape: torch.Size([4096, 1])
[DEBUG] Predictions shape: torch.Size([1808, 10])
[DEBUG] Targets shape: torch.Size([1808, 1])
[DEBUG] Writing to CSV - Epoch: 18, Train MSE: 0.07464447071552277, Test MSE: 0.3412526598453522, Train Acc: 22.508333333333333, Test Acc: 22.84
[DEBUG] Predictions shape: torch.Size([4096, 10])
[DEBUG] Targets shape: torch.Size([4096, 1])
[DEBUG] Predictions shape: torch.Size([4096, 10])
[DEBUG] Targets shape: torch.Size([4096, 1])
[DEBUG] Predictions shape: torch.Size([4096, 10])
[DEBUG] Targets shape: torch.Size([4096, 1])
[DEBUG] Predictions shape: torch.Size([4096, 10])
[DEBUG] Targets shape: torch.Size([4096, 1])
[DEBUG] Predictions shape: torch.Size([4096, 10])
[DEBUG] Targets shape: torch.Size([4096, 1])
[DEBUG] Predictions shape: torch.Size([4096, 10])
[DEBUG] Targets shape: torch.Size([4096, 1])
[DEBUG] Predictions shape: torch.Size([4096, 10])
[DEBUG] Targets shape: torch.Size([4096, 1])
[DEBUG] Predictions shape: torch.Size([4096, 10])
[DEBUG] Targets shape: torch.Size([4096, 1])
[DEBUG] Predictions shape: torch.Size([4096, 10])
[DEBUG] Targets shape: torch.Size([4096, 1])
[DEBUG] Predictions shape: torch.Size([4096, 10])
[DEBUG] Targets shape: torch.Size([4096, 1])
[DEBUG] Predictions shape: torch.Size([4096, 10])
[DEBUG] Targets shape: torch.Size([4096, 1])
[DEBUG] Predictions shape: torch.Size([4096, 10])
[DEBUG] Targets shape: torch.Size([4096, 1])
[DEBUG] Predictions shape: torch.Size([4096, 10])
[DEBUG] Targets shape: torch.Size([4096, 1])
[DEBUG] Predictions shape: torch.Size([4096, 10])
[DEBUG] Targets shape: torch.Size([4096, 1])
[DEBUG] Predictions shape: torch.Size([2656, 10])
[DEBUG] Targets shape: torch.Size([2656, 1])
[DEBUG] Predictions shape: torch.Size([4096, 10])
[DEBUG] Targets shape: torch.Size([4096, 1])
[DEBUG] Predictions shape: torch.Size([4096, 10])
[DEBUG] Targets shape: torch.Size([4096, 1])
[DEBUG] Predictions shape: torch.Size([1808, 10])
[DEBUG] Targets shape: torch.Size([1808, 1])
[DEBUG] Writing to CSV - Epoch: 19, Train MSE: 0.09998097668091456, Test MSE: 0.3596015935897827, Train Acc: 6.34, Test Acc: 6.38
[DEBUG] Predictions shape: torch.Size([4096, 10])
[DEBUG] Targets shape: torch.Size([4096, 1])
[DEBUG] Predictions shape: torch.Size([4096, 10])
[DEBUG] Targets shape: torch.Size([4096, 1])
[DEBUG] Predictions shape: torch.Size([4096, 10])
[DEBUG] Targets shape: torch.Size([4096, 1])
[DEBUG] Predictions shape: torch.Size([4096, 10])
[DEBUG] Targets shape: torch.Size([4096, 1])
[DEBUG] Predictions shape: torch.Size([4096, 10])
[DEBUG] Targets shape: torch.Size([4096, 1])
[DEBUG] Predictions shape: torch.Size([4096, 10])
[DEBUG] Targets shape: torch.Size([4096, 1])
[DEBUG] Predictions shape: torch.Size([4096, 10])
[DEBUG] Targets shape: torch.Size([4096, 1])
[DEBUG] Predictions shape: torch.Size([4096, 10])
[DEBUG] Targets shape: torch.Size([4096, 1])
[DEBUG] Predictions shape: torch.Size([4096, 10])
[DEBUG] Targets shape: torch.Size([4096, 1])
[DEBUG] Predictions shape: torch.Size([4096, 10])
[DEBUG] Targets shape: torch.Size([4096, 1])
[DEBUG] Predictions shape: torch.Size([4096, 10])
[DEBUG] Targets shape: torch.Size([4096, 1])
[DEBUG] Predictions shape: torch.Size([4096, 10])
[DEBUG] Targets shape: torch.Size([4096, 1])
[DEBUG] Predictions shape: torch.Size([4096, 10])
[DEBUG] Targets shape: torch.Size([4096, 1])
[DEBUG] Predictions shape: torch.Size([4096, 10])
[DEBUG] Targets shape: torch.Size([4096, 1])
[DEBUG] Predictions shape: torch.Size([2656, 10])
[DEBUG] Targets shape: torch.Size([2656, 1])
[DEBUG] Predictions shape: torch.Size([4096, 10])
[DEBUG] Targets shape: torch.Size([4096, 1])
[DEBUG] Predictions shape: torch.Size([4096, 10])
[DEBUG] Targets shape: torch.Size([4096, 1])
[DEBUG] Predictions shape: torch.Size([1808, 10])
[DEBUG] Targets shape: torch.Size([1808, 1])
[DEBUG] Writing to CSV - Epoch: 20, Train MSE: 0.055952293608585994, Test MSE: 0.30974626173973085, Train Acc: 7.04, Test Acc: 7.46
[Epoch 20] train_mse=0.055952  test_mse=0.309746
[DEBUG] Predictions shape: torch.Size([4096, 10])
[DEBUG] Targets shape: torch.Size([4096, 1])
[DEBUG] Predictions shape: torch.Size([4096, 10])
[DEBUG] Targets shape: torch.Size([4096, 1])
[DEBUG] Predictions shape: torch.Size([4096, 10])
[DEBUG] Targets shape: torch.Size([4096, 1])
[DEBUG] Predictions shape: torch.Size([4096, 10])
[DEBUG] Targets shape: torch.Size([4096, 1])
[DEBUG] Predictions shape: torch.Size([4096, 10])
[DEBUG] Targets shape: torch.Size([4096, 1])
[DEBUG] Predictions shape: torch.Size([4096, 10])
[DEBUG] Targets shape: torch.Size([4096, 1])
[DEBUG] Predictions shape: torch.Size([4096, 10])
[DEBUG] Targets shape: torch.Size([4096, 1])
[DEBUG] Predictions shape: torch.Size([4096, 10])
[DEBUG] Targets shape: torch.Size([4096, 1])
[DEBUG] Predictions shape: torch.Size([4096, 10])
[DEBUG] Targets shape: torch.Size([4096, 1])
[DEBUG] Predictions shape: torch.Size([4096, 10])
[DEBUG] Targets shape: torch.Size([4096, 1])
[DEBUG] Predictions shape: torch.Size([4096, 10])
[DEBUG] Targets shape: torch.Size([4096, 1])
[DEBUG] Predictions shape: torch.Size([4096, 10])
[DEBUG] Targets shape: torch.Size([4096, 1])
[DEBUG] Predictions shape: torch.Size([4096, 10])
[DEBUG] Targets shape: torch.Size([4096, 1])
[DEBUG] Predictions shape: torch.Size([4096, 10])
[DEBUG] Targets shape: torch.Size([4096, 1])
[DEBUG] Predictions shape: torch.Size([2656, 10])
[DEBUG] Targets shape: torch.Size([2656, 1])
[DEBUG] Predictions shape: torch.Size([4096, 10])
[DEBUG] Targets shape: torch.Size([4096, 1])
[DEBUG] Predictions shape: torch.Size([4096, 10])
[DEBUG] Targets shape: torch.Size([4096, 1])
[DEBUG] Predictions shape: torch.Size([1808, 10])
[DEBUG] Targets shape: torch.Size([1808, 1])
[DEBUG] Writing to CSV - Epoch: 21, Train MSE: 0.09054320593674978, Test MSE: 0.3481913053035736, Train Acc: 4.305, Test Acc: 4.47
[DEBUG] Predictions shape: torch.Size([4096, 10])
[DEBUG] Targets shape: torch.Size([4096, 1])
[DEBUG] Predictions shape: torch.Size([4096, 10])
[DEBUG] Targets shape: torch.Size([4096, 1])
[DEBUG] Predictions shape: torch.Size([4096, 10])
[DEBUG] Targets shape: torch.Size([4096, 1])
[DEBUG] Predictions shape: torch.Size([4096, 10])
[DEBUG] Targets shape: torch.Size([4096, 1])
[DEBUG] Predictions shape: torch.Size([4096, 10])
[DEBUG] Targets shape: torch.Size([4096, 1])
[DEBUG] Predictions shape: torch.Size([4096, 10])
[DEBUG] Targets shape: torch.Size([4096, 1])
[DEBUG] Predictions shape: torch.Size([4096, 10])
[DEBUG] Targets shape: torch.Size([4096, 1])
[DEBUG] Predictions shape: torch.Size([4096, 10])
[DEBUG] Targets shape: torch.Size([4096, 1])
[DEBUG] Predictions shape: torch.Size([4096, 10])
[DEBUG] Targets shape: torch.Size([4096, 1])
[DEBUG] Predictions shape: torch.Size([4096, 10])
[DEBUG] Targets shape: torch.Size([4096, 1])
[DEBUG] Predictions shape: torch.Size([4096, 10])
[DEBUG] Targets shape: torch.Size([4096, 1])
[DEBUG] Predictions shape: torch.Size([4096, 10])
[DEBUG] Targets shape: torch.Size([4096, 1])
[DEBUG] Predictions shape: torch.Size([4096, 10])
[DEBUG] Targets shape: torch.Size([4096, 1])
[DEBUG] Predictions shape: torch.Size([4096, 10])
[DEBUG] Targets shape: torch.Size([4096, 1])
[DEBUG] Predictions shape: torch.Size([2656, 10])
[DEBUG] Targets shape: torch.Size([2656, 1])
[DEBUG] Predictions shape: torch.Size([4096, 10])
[DEBUG] Targets shape: torch.Size([4096, 1])
[DEBUG] Predictions shape: torch.Size([4096, 10])
[DEBUG] Targets shape: torch.Size([4096, 1])
[DEBUG] Predictions shape: torch.Size([1808, 10])
[DEBUG] Targets shape: torch.Size([1808, 1])
[DEBUG] Writing to CSV - Epoch: 22, Train MSE: 0.08955107704003652, Test MSE: 0.366444957447052, Train Acc: 2.075, Test Acc: 2.03
[DEBUG] Predictions shape: torch.Size([4096, 10])
[DEBUG] Targets shape: torch.Size([4096, 1])
[DEBUG] Predictions shape: torch.Size([4096, 10])
[DEBUG] Targets shape: torch.Size([4096, 1])
[DEBUG] Predictions shape: torch.Size([4096, 10])
[DEBUG] Targets shape: torch.Size([4096, 1])
[DEBUG] Predictions shape: torch.Size([4096, 10])
[DEBUG] Targets shape: torch.Size([4096, 1])
[DEBUG] Predictions shape: torch.Size([4096, 10])
[DEBUG] Targets shape: torch.Size([4096, 1])
[DEBUG] Predictions shape: torch.Size([4096, 10])
[DEBUG] Targets shape: torch.Size([4096, 1])
[DEBUG] Predictions shape: torch.Size([4096, 10])
[DEBUG] Targets shape: torch.Size([4096, 1])
[DEBUG] Predictions shape: torch.Size([4096, 10])
[DEBUG] Targets shape: torch.Size([4096, 1])
[DEBUG] Predictions shape: torch.Size([4096, 10])
[DEBUG] Targets shape: torch.Size([4096, 1])
[DEBUG] Predictions shape: torch.Size([4096, 10])
[DEBUG] Targets shape: torch.Size([4096, 1])
[DEBUG] Predictions shape: torch.Size([4096, 10])
[DEBUG] Targets shape: torch.Size([4096, 1])
[DEBUG] Predictions shape: torch.Size([4096, 10])
[DEBUG] Targets shape: torch.Size([4096, 1])
[DEBUG] Predictions shape: torch.Size([4096, 10])
[DEBUG] Targets shape: torch.Size([4096, 1])
[DEBUG] Predictions shape: torch.Size([4096, 10])
[DEBUG] Targets shape: torch.Size([4096, 1])
[DEBUG] Predictions shape: torch.Size([2656, 10])
[DEBUG] Targets shape: torch.Size([2656, 1])
[DEBUG] Predictions shape: torch.Size([4096, 10])
[DEBUG] Targets shape: torch.Size([4096, 1])
[DEBUG] Predictions shape: torch.Size([4096, 10])
[DEBUG] Targets shape: torch.Size([4096, 1])
[DEBUG] Predictions shape: torch.Size([1808, 10])
[DEBUG] Targets shape: torch.Size([1808, 1])
[DEBUG] Writing to CSV - Epoch: 23, Train MSE: 0.04609123799204826, Test MSE: 0.3490654024362564, Train Acc: 1.4616666666666667, Test Acc: 1.41
[DEBUG] Predictions shape: torch.Size([4096, 10])
[DEBUG] Targets shape: torch.Size([4096, 1])
[DEBUG] Predictions shape: torch.Size([4096, 10])
[DEBUG] Targets shape: torch.Size([4096, 1])
[DEBUG] Predictions shape: torch.Size([4096, 10])
[DEBUG] Targets shape: torch.Size([4096, 1])
[DEBUG] Predictions shape: torch.Size([4096, 10])
[DEBUG] Targets shape: torch.Size([4096, 1])
[DEBUG] Predictions shape: torch.Size([4096, 10])
[DEBUG] Targets shape: torch.Size([4096, 1])
[DEBUG] Predictions shape: torch.Size([4096, 10])
[DEBUG] Targets shape: torch.Size([4096, 1])
[DEBUG] Predictions shape: torch.Size([4096, 10])
[DEBUG] Targets shape: torch.Size([4096, 1])
[DEBUG] Predictions shape: torch.Size([4096, 10])
[DEBUG] Targets shape: torch.Size([4096, 1])
[DEBUG] Predictions shape: torch.Size([4096, 10])
[DEBUG] Targets shape: torch.Size([4096, 1])
[DEBUG] Predictions shape: torch.Size([4096, 10])
[DEBUG] Targets shape: torch.Size([4096, 1])
[DEBUG] Predictions shape: torch.Size([4096, 10])
[DEBUG] Targets shape: torch.Size([4096, 1])
[DEBUG] Predictions shape: torch.Size([4096, 10])
[DEBUG] Targets shape: torch.Size([4096, 1])
[DEBUG] Predictions shape: torch.Size([4096, 10])
[DEBUG] Targets shape: torch.Size([4096, 1])
[DEBUG] Predictions shape: torch.Size([4096, 10])
[DEBUG] Targets shape: torch.Size([4096, 1])
[DEBUG] Predictions shape: torch.Size([2656, 10])
[DEBUG] Targets shape: torch.Size([2656, 1])
[DEBUG] Predictions shape: torch.Size([4096, 10])
[DEBUG] Targets shape: torch.Size([4096, 1])
[DEBUG] Predictions shape: torch.Size([4096, 10])
[DEBUG] Targets shape: torch.Size([4096, 1])
[DEBUG] Predictions shape: torch.Size([1808, 10])
[DEBUG] Targets shape: torch.Size([1808, 1])
[DEBUG] Writing to CSV - Epoch: 24, Train MSE: 0.049062069135904315, Test MSE: 0.30436937136650083, Train Acc: 10.88, Test Acc: 10.73
[DEBUG] Predictions shape: torch.Size([4096, 10])
[DEBUG] Targets shape: torch.Size([4096, 1])
[DEBUG] Predictions shape: torch.Size([4096, 10])
[DEBUG] Targets shape: torch.Size([4096, 1])
[DEBUG] Predictions shape: torch.Size([4096, 10])
[DEBUG] Targets shape: torch.Size([4096, 1])
[DEBUG] Predictions shape: torch.Size([4096, 10])
[DEBUG] Targets shape: torch.Size([4096, 1])
[DEBUG] Predictions shape: torch.Size([4096, 10])
[DEBUG] Targets shape: torch.Size([4096, 1])
[DEBUG] Predictions shape: torch.Size([4096, 10])
[DEBUG] Targets shape: torch.Size([4096, 1])
[DEBUG] Predictions shape: torch.Size([4096, 10])
[DEBUG] Targets shape: torch.Size([4096, 1])
[DEBUG] Predictions shape: torch.Size([4096, 10])
[DEBUG] Targets shape: torch.Size([4096, 1])
[DEBUG] Predictions shape: torch.Size([4096, 10])
[DEBUG] Targets shape: torch.Size([4096, 1])
[DEBUG] Predictions shape: torch.Size([4096, 10])
[DEBUG] Targets shape: torch.Size([4096, 1])
[DEBUG] Predictions shape: torch.Size([4096, 10])
[DEBUG] Targets shape: torch.Size([4096, 1])
[DEBUG] Predictions shape: torch.Size([4096, 10])
[DEBUG] Targets shape: torch.Size([4096, 1])
[DEBUG] Predictions shape: torch.Size([4096, 10])
[DEBUG] Targets shape: torch.Size([4096, 1])
[DEBUG] Predictions shape: torch.Size([4096, 10])
[DEBUG] Targets shape: torch.Size([4096, 1])
[DEBUG] Predictions shape: torch.Size([2656, 10])
[DEBUG] Targets shape: torch.Size([2656, 1])
[DEBUG] Predictions shape: torch.Size([4096, 10])
[DEBUG] Targets shape: torch.Size([4096, 1])
[DEBUG] Predictions shape: torch.Size([4096, 10])
[DEBUG] Targets shape: torch.Size([4096, 1])
[DEBUG] Predictions shape: torch.Size([1808, 10])
[DEBUG] Targets shape: torch.Size([1808, 1])
[DEBUG] Writing to CSV - Epoch: 25, Train MSE: 0.05983185942967733, Test MSE: 0.3032525086402893, Train Acc: 5.216666666666667, Test Acc: 5.27
[Epoch 25] train_mse=0.059832  test_mse=0.303253
[DEBUG] Predictions shape: torch.Size([4096, 10])
[DEBUG] Targets shape: torch.Size([4096, 1])
[DEBUG] Predictions shape: torch.Size([4096, 10])
[DEBUG] Targets shape: torch.Size([4096, 1])
[DEBUG] Predictions shape: torch.Size([4096, 10])
[DEBUG] Targets shape: torch.Size([4096, 1])
[DEBUG] Predictions shape: torch.Size([4096, 10])
[DEBUG] Targets shape: torch.Size([4096, 1])
[DEBUG] Predictions shape: torch.Size([4096, 10])
[DEBUG] Targets shape: torch.Size([4096, 1])
[DEBUG] Predictions shape: torch.Size([4096, 10])
[DEBUG] Targets shape: torch.Size([4096, 1])
[DEBUG] Predictions shape: torch.Size([4096, 10])
[DEBUG] Targets shape: torch.Size([4096, 1])
[DEBUG] Predictions shape: torch.Size([4096, 10])
[DEBUG] Targets shape: torch.Size([4096, 1])
[DEBUG] Predictions shape: torch.Size([4096, 10])
[DEBUG] Targets shape: torch.Size([4096, 1])
[DEBUG] Predictions shape: torch.Size([4096, 10])
[DEBUG] Targets shape: torch.Size([4096, 1])
[DEBUG] Predictions shape: torch.Size([4096, 10])
[DEBUG] Targets shape: torch.Size([4096, 1])
[DEBUG] Predictions shape: torch.Size([4096, 10])
[DEBUG] Targets shape: torch.Size([4096, 1])
[DEBUG] Predictions shape: torch.Size([4096, 10])
[DEBUG] Targets shape: torch.Size([4096, 1])
[DEBUG] Predictions shape: torch.Size([4096, 10])
[DEBUG] Targets shape: torch.Size([4096, 1])
[DEBUG] Predictions shape: torch.Size([2656, 10])
[DEBUG] Targets shape: torch.Size([2656, 1])
[DEBUG] Predictions shape: torch.Size([4096, 10])
[DEBUG] Targets shape: torch.Size([4096, 1])
[DEBUG] Predictions shape: torch.Size([4096, 10])
[DEBUG] Targets shape: torch.Size([4096, 1])
[DEBUG] Predictions shape: torch.Size([1808, 10])
[DEBUG] Targets shape: torch.Size([1808, 1])
[DEBUG] Writing to CSV - Epoch: 26, Train MSE: 0.04233018498023351, Test MSE: 0.30273357634544373, Train Acc: 4.2, Test Acc: 4.21
[DEBUG] Predictions shape: torch.Size([4096, 10])
[DEBUG] Targets shape: torch.Size([4096, 1])
[DEBUG] Predictions shape: torch.Size([4096, 10])
[DEBUG] Targets shape: torch.Size([4096, 1])
[DEBUG] Predictions shape: torch.Size([4096, 10])
[DEBUG] Targets shape: torch.Size([4096, 1])
[DEBUG] Predictions shape: torch.Size([4096, 10])
[DEBUG] Targets shape: torch.Size([4096, 1])
[DEBUG] Predictions shape: torch.Size([4096, 10])
[DEBUG] Targets shape: torch.Size([4096, 1])
[DEBUG] Predictions shape: torch.Size([4096, 10])
[DEBUG] Targets shape: torch.Size([4096, 1])
[DEBUG] Predictions shape: torch.Size([4096, 10])
[DEBUG] Targets shape: torch.Size([4096, 1])
[DEBUG] Predictions shape: torch.Size([4096, 10])
[DEBUG] Targets shape: torch.Size([4096, 1])
[DEBUG] Predictions shape: torch.Size([4096, 10])
[DEBUG] Targets shape: torch.Size([4096, 1])
[DEBUG] Predictions shape: torch.Size([4096, 10])
[DEBUG] Targets shape: torch.Size([4096, 1])
[DEBUG] Predictions shape: torch.Size([4096, 10])
[DEBUG] Targets shape: torch.Size([4096, 1])
[DEBUG] Predictions shape: torch.Size([4096, 10])
[DEBUG] Targets shape: torch.Size([4096, 1])
[DEBUG] Predictions shape: torch.Size([4096, 10])
[DEBUG] Targets shape: torch.Size([4096, 1])
[DEBUG] Predictions shape: torch.Size([4096, 10])
[DEBUG] Targets shape: torch.Size([4096, 1])
[DEBUG] Predictions shape: torch.Size([2656, 10])
[DEBUG] Targets shape: torch.Size([2656, 1])
[DEBUG] Predictions shape: torch.Size([4096, 10])
[DEBUG] Targets shape: torch.Size([4096, 1])
[DEBUG] Predictions shape: torch.Size([4096, 10])
[DEBUG] Targets shape: torch.Size([4096, 1])
[DEBUG] Predictions shape: torch.Size([1808, 10])
[DEBUG] Targets shape: torch.Size([1808, 1])
[DEBUG] Writing to CSV - Epoch: 27, Train MSE: 0.049366444112857184, Test MSE: 0.3404332429647446, Train Acc: 2.8533333333333335, Test Acc: 2.78
[DEBUG] Predictions shape: torch.Size([4096, 10])
[DEBUG] Targets shape: torch.Size([4096, 1])
[DEBUG] Predictions shape: torch.Size([4096, 10])
[DEBUG] Targets shape: torch.Size([4096, 1])
[DEBUG] Predictions shape: torch.Size([4096, 10])
[DEBUG] Targets shape: torch.Size([4096, 1])
[DEBUG] Predictions shape: torch.Size([4096, 10])
[DEBUG] Targets shape: torch.Size([4096, 1])
[DEBUG] Predictions shape: torch.Size([4096, 10])
[DEBUG] Targets shape: torch.Size([4096, 1])
[DEBUG] Predictions shape: torch.Size([4096, 10])
[DEBUG] Targets shape: torch.Size([4096, 1])
[DEBUG] Predictions shape: torch.Size([4096, 10])
[DEBUG] Targets shape: torch.Size([4096, 1])
[DEBUG] Predictions shape: torch.Size([4096, 10])
[DEBUG] Targets shape: torch.Size([4096, 1])
[DEBUG] Predictions shape: torch.Size([4096, 10])
[DEBUG] Targets shape: torch.Size([4096, 1])
[DEBUG] Predictions shape: torch.Size([4096, 10])
[DEBUG] Targets shape: torch.Size([4096, 1])
[DEBUG] Predictions shape: torch.Size([4096, 10])
[DEBUG] Targets shape: torch.Size([4096, 1])
[DEBUG] Predictions shape: torch.Size([4096, 10])
[DEBUG] Targets shape: torch.Size([4096, 1])
[DEBUG] Predictions shape: torch.Size([4096, 10])
[DEBUG] Targets shape: torch.Size([4096, 1])
[DEBUG] Predictions shape: torch.Size([4096, 10])
[DEBUG] Targets shape: torch.Size([4096, 1])
[DEBUG] Predictions shape: torch.Size([2656, 10])
[DEBUG] Targets shape: torch.Size([2656, 1])
[DEBUG] Predictions shape: torch.Size([4096, 10])
[DEBUG] Targets shape: torch.Size([4096, 1])
[DEBUG] Predictions shape: torch.Size([4096, 10])
[DEBUG] Targets shape: torch.Size([4096, 1])
[DEBUG] Predictions shape: torch.Size([1808, 10])
[DEBUG] Targets shape: torch.Size([1808, 1])
[DEBUG] Writing to CSV - Epoch: 28, Train MSE: 0.04039320260882378, Test MSE: 0.2897686920404434, Train Acc: 4.276666666666666, Test Acc: 4.27
[DEBUG] Predictions shape: torch.Size([4096, 10])
[DEBUG] Targets shape: torch.Size([4096, 1])
[DEBUG] Predictions shape: torch.Size([4096, 10])
[DEBUG] Targets shape: torch.Size([4096, 1])
[DEBUG] Predictions shape: torch.Size([4096, 10])
[DEBUG] Targets shape: torch.Size([4096, 1])
[DEBUG] Predictions shape: torch.Size([4096, 10])
[DEBUG] Targets shape: torch.Size([4096, 1])
[DEBUG] Predictions shape: torch.Size([4096, 10])
[DEBUG] Targets shape: torch.Size([4096, 1])
[DEBUG] Predictions shape: torch.Size([4096, 10])
[DEBUG] Targets shape: torch.Size([4096, 1])
[DEBUG] Predictions shape: torch.Size([4096, 10])
[DEBUG] Targets shape: torch.Size([4096, 1])
[DEBUG] Predictions shape: torch.Size([4096, 10])
[DEBUG] Targets shape: torch.Size([4096, 1])
[DEBUG] Predictions shape: torch.Size([4096, 10])
[DEBUG] Targets shape: torch.Size([4096, 1])
[DEBUG] Predictions shape: torch.Size([4096, 10])
[DEBUG] Targets shape: torch.Size([4096, 1])
[DEBUG] Predictions shape: torch.Size([4096, 10])
[DEBUG] Targets shape: torch.Size([4096, 1])
[DEBUG] Predictions shape: torch.Size([4096, 10])
[DEBUG] Targets shape: torch.Size([4096, 1])
[DEBUG] Predictions shape: torch.Size([4096, 10])
[DEBUG] Targets shape: torch.Size([4096, 1])
[DEBUG] Predictions shape: torch.Size([4096, 10])
[DEBUG] Targets shape: torch.Size([4096, 1])
[DEBUG] Predictions shape: torch.Size([2656, 10])
[DEBUG] Targets shape: torch.Size([2656, 1])
[DEBUG] Predictions shape: torch.Size([4096, 10])
[DEBUG] Targets shape: torch.Size([4096, 1])
[DEBUG] Predictions shape: torch.Size([4096, 10])
[DEBUG] Targets shape: torch.Size([4096, 1])
[DEBUG] Predictions shape: torch.Size([1808, 10])
[DEBUG] Targets shape: torch.Size([1808, 1])
[DEBUG] Writing to CSV - Epoch: 29, Train MSE: 0.04298305767277877, Test MSE: 0.3212831314086914, Train Acc: 2.8366666666666664, Test Acc: 3.06
[DEBUG] Predictions shape: torch.Size([4096, 10])
[DEBUG] Targets shape: torch.Size([4096, 1])
[DEBUG] Predictions shape: torch.Size([4096, 10])
[DEBUG] Targets shape: torch.Size([4096, 1])
[DEBUG] Predictions shape: torch.Size([4096, 10])
[DEBUG] Targets shape: torch.Size([4096, 1])
[DEBUG] Predictions shape: torch.Size([4096, 10])
[DEBUG] Targets shape: torch.Size([4096, 1])
[DEBUG] Predictions shape: torch.Size([4096, 10])
[DEBUG] Targets shape: torch.Size([4096, 1])
[DEBUG] Predictions shape: torch.Size([4096, 10])
[DEBUG] Targets shape: torch.Size([4096, 1])
[DEBUG] Predictions shape: torch.Size([4096, 10])
[DEBUG] Targets shape: torch.Size([4096, 1])
[DEBUG] Predictions shape: torch.Size([4096, 10])
[DEBUG] Targets shape: torch.Size([4096, 1])
[DEBUG] Predictions shape: torch.Size([4096, 10])
[DEBUG] Targets shape: torch.Size([4096, 1])
[DEBUG] Predictions shape: torch.Size([4096, 10])
[DEBUG] Targets shape: torch.Size([4096, 1])
[DEBUG] Predictions shape: torch.Size([4096, 10])
[DEBUG] Targets shape: torch.Size([4096, 1])
[DEBUG] Predictions shape: torch.Size([4096, 10])
[DEBUG] Targets shape: torch.Size([4096, 1])
[DEBUG] Predictions shape: torch.Size([4096, 10])
[DEBUG] Targets shape: torch.Size([4096, 1])
[DEBUG] Predictions shape: torch.Size([4096, 10])
[DEBUG] Targets shape: torch.Size([4096, 1])
[DEBUG] Predictions shape: torch.Size([2656, 10])
[DEBUG] Targets shape: torch.Size([2656, 1])
[DEBUG] Predictions shape: torch.Size([4096, 10])
[DEBUG] Targets shape: torch.Size([4096, 1])
[DEBUG] Predictions shape: torch.Size([4096, 10])
[DEBUG] Targets shape: torch.Size([4096, 1])
[DEBUG] Predictions shape: torch.Size([1808, 10])
[DEBUG] Targets shape: torch.Size([1808, 1])
[DEBUG] Writing to CSV - Epoch: 30, Train MSE: 0.050475163767735164, Test MSE: 0.3136298119544983, Train Acc: 9.568333333333333, Test Acc: 10.03
[Epoch 30] train_mse=0.050475  test_mse=0.313630
[DEBUG] Predictions shape: torch.Size([4096, 10])
[DEBUG] Targets shape: torch.Size([4096, 1])
[DEBUG] Predictions shape: torch.Size([4096, 10])
[DEBUG] Targets shape: torch.Size([4096, 1])
[DEBUG] Predictions shape: torch.Size([4096, 10])
[DEBUG] Targets shape: torch.Size([4096, 1])
[DEBUG] Predictions shape: torch.Size([4096, 10])
[DEBUG] Targets shape: torch.Size([4096, 1])
[DEBUG] Predictions shape: torch.Size([4096, 10])
[DEBUG] Targets shape: torch.Size([4096, 1])
[DEBUG] Predictions shape: torch.Size([4096, 10])
[DEBUG] Targets shape: torch.Size([4096, 1])
[DEBUG] Predictions shape: torch.Size([4096, 10])
[DEBUG] Targets shape: torch.Size([4096, 1])
[DEBUG] Predictions shape: torch.Size([4096, 10])
[DEBUG] Targets shape: torch.Size([4096, 1])
[DEBUG] Predictions shape: torch.Size([4096, 10])
[DEBUG] Targets shape: torch.Size([4096, 1])
[DEBUG] Predictions shape: torch.Size([4096, 10])
[DEBUG] Targets shape: torch.Size([4096, 1])
[DEBUG] Predictions shape: torch.Size([4096, 10])
[DEBUG] Targets shape: torch.Size([4096, 1])
[DEBUG] Predictions shape: torch.Size([4096, 10])
[DEBUG] Targets shape: torch.Size([4096, 1])
[DEBUG] Predictions shape: torch.Size([4096, 10])
[DEBUG] Targets shape: torch.Size([4096, 1])
[DEBUG] Predictions shape: torch.Size([4096, 10])
[DEBUG] Targets shape: torch.Size([4096, 1])
[DEBUG] Predictions shape: torch.Size([2656, 10])
[DEBUG] Targets shape: torch.Size([2656, 1])
[DEBUG] Predictions shape: torch.Size([4096, 10])
[DEBUG] Targets shape: torch.Size([4096, 1])
[DEBUG] Predictions shape: torch.Size([4096, 10])
[DEBUG] Targets shape: torch.Size([4096, 1])
[DEBUG] Predictions shape: torch.Size([1808, 10])
[DEBUG] Targets shape: torch.Size([1808, 1])
[DEBUG] Writing to CSV - Epoch: 31, Train MSE: 0.06348198716243109, Test MSE: 0.34417226037979126, Train Acc: 17.001666666666665, Test Acc: 17.64
[DEBUG] Predictions shape: torch.Size([4096, 10])
[DEBUG] Targets shape: torch.Size([4096, 1])
[DEBUG] Predictions shape: torch.Size([4096, 10])
[DEBUG] Targets shape: torch.Size([4096, 1])
[DEBUG] Predictions shape: torch.Size([4096, 10])
[DEBUG] Targets shape: torch.Size([4096, 1])
[DEBUG] Predictions shape: torch.Size([4096, 10])
[DEBUG] Targets shape: torch.Size([4096, 1])
[DEBUG] Predictions shape: torch.Size([4096, 10])
[DEBUG] Targets shape: torch.Size([4096, 1])
[DEBUG] Predictions shape: torch.Size([4096, 10])
[DEBUG] Targets shape: torch.Size([4096, 1])
[DEBUG] Predictions shape: torch.Size([4096, 10])
[DEBUG] Targets shape: torch.Size([4096, 1])
[DEBUG] Predictions shape: torch.Size([4096, 10])
[DEBUG] Targets shape: torch.Size([4096, 1])
[DEBUG] Predictions shape: torch.Size([4096, 10])
[DEBUG] Targets shape: torch.Size([4096, 1])
[DEBUG] Predictions shape: torch.Size([4096, 10])
[DEBUG] Targets shape: torch.Size([4096, 1])
[DEBUG] Predictions shape: torch.Size([4096, 10])
[DEBUG] Targets shape: torch.Size([4096, 1])
[DEBUG] Predictions shape: torch.Size([4096, 10])
[DEBUG] Targets shape: torch.Size([4096, 1])
[DEBUG] Predictions shape: torch.Size([4096, 10])
[DEBUG] Targets shape: torch.Size([4096, 1])
[DEBUG] Predictions shape: torch.Size([4096, 10])
[DEBUG] Targets shape: torch.Size([4096, 1])
[DEBUG] Predictions shape: torch.Size([2656, 10])
[DEBUG] Targets shape: torch.Size([2656, 1])
[DEBUG] Predictions shape: torch.Size([4096, 10])
[DEBUG] Targets shape: torch.Size([4096, 1])
[DEBUG] Predictions shape: torch.Size([4096, 10])
[DEBUG] Targets shape: torch.Size([4096, 1])
[DEBUG] Predictions shape: torch.Size([1808, 10])
[DEBUG] Targets shape: torch.Size([1808, 1])
[DEBUG] Writing to CSV - Epoch: 32, Train MSE: 0.04064403533140818, Test MSE: 0.3297891791343689, Train Acc: 4.528333333333333, Test Acc: 4.59
[DEBUG] Predictions shape: torch.Size([4096, 10])
[DEBUG] Targets shape: torch.Size([4096, 1])
[DEBUG] Predictions shape: torch.Size([4096, 10])
[DEBUG] Targets shape: torch.Size([4096, 1])
[DEBUG] Predictions shape: torch.Size([4096, 10])
[DEBUG] Targets shape: torch.Size([4096, 1])
[DEBUG] Predictions shape: torch.Size([4096, 10])
[DEBUG] Targets shape: torch.Size([4096, 1])
[DEBUG] Predictions shape: torch.Size([4096, 10])
[DEBUG] Targets shape: torch.Size([4096, 1])
[DEBUG] Predictions shape: torch.Size([4096, 10])
[DEBUG] Targets shape: torch.Size([4096, 1])
[DEBUG] Predictions shape: torch.Size([4096, 10])
[DEBUG] Targets shape: torch.Size([4096, 1])
[DEBUG] Predictions shape: torch.Size([4096, 10])
[DEBUG] Targets shape: torch.Size([4096, 1])
[DEBUG] Predictions shape: torch.Size([4096, 10])
[DEBUG] Targets shape: torch.Size([4096, 1])
[DEBUG] Predictions shape: torch.Size([4096, 10])
[DEBUG] Targets shape: torch.Size([4096, 1])
[DEBUG] Predictions shape: torch.Size([4096, 10])
[DEBUG] Targets shape: torch.Size([4096, 1])
[DEBUG] Predictions shape: torch.Size([4096, 10])
[DEBUG] Targets shape: torch.Size([4096, 1])
[DEBUG] Predictions shape: torch.Size([4096, 10])
[DEBUG] Targets shape: torch.Size([4096, 1])
[DEBUG] Predictions shape: torch.Size([4096, 10])
[DEBUG] Targets shape: torch.Size([4096, 1])
[DEBUG] Predictions shape: torch.Size([2656, 10])
[DEBUG] Targets shape: torch.Size([2656, 1])
[DEBUG] Predictions shape: torch.Size([4096, 10])
[DEBUG] Targets shape: torch.Size([4096, 1])
[DEBUG] Predictions shape: torch.Size([4096, 10])
[DEBUG] Targets shape: torch.Size([4096, 1])
[DEBUG] Predictions shape: torch.Size([1808, 10])
[DEBUG] Targets shape: torch.Size([1808, 1])
[DEBUG] Writing to CSV - Epoch: 33, Train MSE: 0.029814321394761402, Test MSE: 0.2833748697519302, Train Acc: 7.525, Test Acc: 7.92
[DEBUG] Predictions shape: torch.Size([4096, 10])
[DEBUG] Targets shape: torch.Size([4096, 1])
[DEBUG] Predictions shape: torch.Size([4096, 10])
[DEBUG] Targets shape: torch.Size([4096, 1])
[DEBUG] Predictions shape: torch.Size([4096, 10])
[DEBUG] Targets shape: torch.Size([4096, 1])
[DEBUG] Predictions shape: torch.Size([4096, 10])
[DEBUG] Targets shape: torch.Size([4096, 1])
[DEBUG] Predictions shape: torch.Size([4096, 10])
[DEBUG] Targets shape: torch.Size([4096, 1])
[DEBUG] Predictions shape: torch.Size([4096, 10])
[DEBUG] Targets shape: torch.Size([4096, 1])
[DEBUG] Predictions shape: torch.Size([4096, 10])
[DEBUG] Targets shape: torch.Size([4096, 1])
[DEBUG] Predictions shape: torch.Size([4096, 10])
[DEBUG] Targets shape: torch.Size([4096, 1])
[DEBUG] Predictions shape: torch.Size([4096, 10])
[DEBUG] Targets shape: torch.Size([4096, 1])
[DEBUG] Predictions shape: torch.Size([4096, 10])
[DEBUG] Targets shape: torch.Size([4096, 1])
[DEBUG] Predictions shape: torch.Size([4096, 10])
[DEBUG] Targets shape: torch.Size([4096, 1])
[DEBUG] Predictions shape: torch.Size([4096, 10])
[DEBUG] Targets shape: torch.Size([4096, 1])
[DEBUG] Predictions shape: torch.Size([4096, 10])
[DEBUG] Targets shape: torch.Size([4096, 1])
[DEBUG] Predictions shape: torch.Size([4096, 10])
[DEBUG] Targets shape: torch.Size([4096, 1])
[DEBUG] Predictions shape: torch.Size([2656, 10])
[DEBUG] Targets shape: torch.Size([2656, 1])
[DEBUG] Predictions shape: torch.Size([4096, 10])
[DEBUG] Targets shape: torch.Size([4096, 1])
[DEBUG] Predictions shape: torch.Size([4096, 10])
[DEBUG] Targets shape: torch.Size([4096, 1])
[DEBUG] Predictions shape: torch.Size([1808, 10])
[DEBUG] Targets shape: torch.Size([1808, 1])
[DEBUG] Writing to CSV - Epoch: 34, Train MSE: 0.07146411913633346, Test MSE: 0.3711592887401581, Train Acc: 17.18166666666667, Test Acc: 17.7
[DEBUG] Predictions shape: torch.Size([4096, 10])
[DEBUG] Targets shape: torch.Size([4096, 1])
[DEBUG] Predictions shape: torch.Size([4096, 10])
[DEBUG] Targets shape: torch.Size([4096, 1])
[DEBUG] Predictions shape: torch.Size([4096, 10])
[DEBUG] Targets shape: torch.Size([4096, 1])
[DEBUG] Predictions shape: torch.Size([4096, 10])
[DEBUG] Targets shape: torch.Size([4096, 1])
[DEBUG] Predictions shape: torch.Size([4096, 10])
[DEBUG] Targets shape: torch.Size([4096, 1])
[DEBUG] Predictions shape: torch.Size([4096, 10])
[DEBUG] Targets shape: torch.Size([4096, 1])
[DEBUG] Predictions shape: torch.Size([4096, 10])
[DEBUG] Targets shape: torch.Size([4096, 1])
[DEBUG] Predictions shape: torch.Size([4096, 10])
[DEBUG] Targets shape: torch.Size([4096, 1])
[DEBUG] Predictions shape: torch.Size([4096, 10])
[DEBUG] Targets shape: torch.Size([4096, 1])
[DEBUG] Predictions shape: torch.Size([4096, 10])
[DEBUG] Targets shape: torch.Size([4096, 1])
[DEBUG] Predictions shape: torch.Size([4096, 10])
[DEBUG] Targets shape: torch.Size([4096, 1])
[DEBUG] Predictions shape: torch.Size([4096, 10])
[DEBUG] Targets shape: torch.Size([4096, 1])
[DEBUG] Predictions shape: torch.Size([4096, 10])
[DEBUG] Targets shape: torch.Size([4096, 1])
[DEBUG] Predictions shape: torch.Size([4096, 10])
[DEBUG] Targets shape: torch.Size([4096, 1])
[DEBUG] Predictions shape: torch.Size([2656, 10])
[DEBUG] Targets shape: torch.Size([2656, 1])
[DEBUG] Predictions shape: torch.Size([4096, 10])
[DEBUG] Targets shape: torch.Size([4096, 1])
[DEBUG] Predictions shape: torch.Size([4096, 10])
[DEBUG] Targets shape: torch.Size([4096, 1])
[DEBUG] Predictions shape: torch.Size([1808, 10])
[DEBUG] Targets shape: torch.Size([1808, 1])
[DEBUG] Writing to CSV - Epoch: 35, Train MSE: 0.05943695105512937, Test MSE: 0.3677332717895508, Train Acc: 7.575, Test Acc: 7.9
[Epoch 35] train_mse=0.059437  test_mse=0.367733
[DEBUG] Predictions shape: torch.Size([4096, 10])
[DEBUG] Targets shape: torch.Size([4096, 1])
[DEBUG] Predictions shape: torch.Size([4096, 10])
[DEBUG] Targets shape: torch.Size([4096, 1])
[DEBUG] Predictions shape: torch.Size([4096, 10])
[DEBUG] Targets shape: torch.Size([4096, 1])
[DEBUG] Predictions shape: torch.Size([4096, 10])
[DEBUG] Targets shape: torch.Size([4096, 1])
[DEBUG] Predictions shape: torch.Size([4096, 10])
[DEBUG] Targets shape: torch.Size([4096, 1])
[DEBUG] Predictions shape: torch.Size([4096, 10])
[DEBUG] Targets shape: torch.Size([4096, 1])
[DEBUG] Predictions shape: torch.Size([4096, 10])
[DEBUG] Targets shape: torch.Size([4096, 1])
[DEBUG] Predictions shape: torch.Size([4096, 10])
[DEBUG] Targets shape: torch.Size([4096, 1])
[DEBUG] Predictions shape: torch.Size([4096, 10])
[DEBUG] Targets shape: torch.Size([4096, 1])
[DEBUG] Predictions shape: torch.Size([4096, 10])
[DEBUG] Targets shape: torch.Size([4096, 1])
[DEBUG] Predictions shape: torch.Size([4096, 10])
[DEBUG] Targets shape: torch.Size([4096, 1])
[DEBUG] Predictions shape: torch.Size([4096, 10])
[DEBUG] Targets shape: torch.Size([4096, 1])
[DEBUG] Predictions shape: torch.Size([4096, 10])
[DEBUG] Targets shape: torch.Size([4096, 1])
[DEBUG] Predictions shape: torch.Size([4096, 10])
[DEBUG] Targets shape: torch.Size([4096, 1])
[DEBUG] Predictions shape: torch.Size([2656, 10])
[DEBUG] Targets shape: torch.Size([2656, 1])
[DEBUG] Predictions shape: torch.Size([4096, 10])
[DEBUG] Targets shape: torch.Size([4096, 1])
[DEBUG] Predictions shape: torch.Size([4096, 10])
[DEBUG] Targets shape: torch.Size([4096, 1])
[DEBUG] Predictions shape: torch.Size([1808, 10])
[DEBUG] Targets shape: torch.Size([1808, 1])
[DEBUG] Writing to CSV - Epoch: 36, Train MSE: 0.04731534804105759, Test MSE: 0.35940081624984743, Train Acc: 6.21, Test Acc: 6.05
[DEBUG] Predictions shape: torch.Size([4096, 10])
[DEBUG] Targets shape: torch.Size([4096, 1])
[DEBUG] Predictions shape: torch.Size([4096, 10])
[DEBUG] Targets shape: torch.Size([4096, 1])
[DEBUG] Predictions shape: torch.Size([4096, 10])
[DEBUG] Targets shape: torch.Size([4096, 1])
[DEBUG] Predictions shape: torch.Size([4096, 10])
[DEBUG] Targets shape: torch.Size([4096, 1])
[DEBUG] Predictions shape: torch.Size([4096, 10])
[DEBUG] Targets shape: torch.Size([4096, 1])
[DEBUG] Predictions shape: torch.Size([4096, 10])
[DEBUG] Targets shape: torch.Size([4096, 1])
[DEBUG] Predictions shape: torch.Size([4096, 10])
[DEBUG] Targets shape: torch.Size([4096, 1])
[DEBUG] Predictions shape: torch.Size([4096, 10])
[DEBUG] Targets shape: torch.Size([4096, 1])
[DEBUG] Predictions shape: torch.Size([4096, 10])
[DEBUG] Targets shape: torch.Size([4096, 1])
[DEBUG] Predictions shape: torch.Size([4096, 10])
[DEBUG] Targets shape: torch.Size([4096, 1])
[DEBUG] Predictions shape: torch.Size([4096, 10])
[DEBUG] Targets shape: torch.Size([4096, 1])
[DEBUG] Predictions shape: torch.Size([4096, 10])
[DEBUG] Targets shape: torch.Size([4096, 1])
[DEBUG] Predictions shape: torch.Size([4096, 10])
[DEBUG] Targets shape: torch.Size([4096, 1])
[DEBUG] Predictions shape: torch.Size([4096, 10])
[DEBUG] Targets shape: torch.Size([4096, 1])
[DEBUG] Predictions shape: torch.Size([2656, 10])
[DEBUG] Targets shape: torch.Size([2656, 1])
[DEBUG] Predictions shape: torch.Size([4096, 10])
[DEBUG] Targets shape: torch.Size([4096, 1])
[DEBUG] Predictions shape: torch.Size([4096, 10])
[DEBUG] Targets shape: torch.Size([4096, 1])
[DEBUG] Predictions shape: torch.Size([1808, 10])
[DEBUG] Targets shape: torch.Size([1808, 1])
[DEBUG] Writing to CSV - Epoch: 37, Train MSE: 0.06419880163669586, Test MSE: 0.36575234088897707, Train Acc: 1.6216666666666666, Test Acc: 1.65
[DEBUG] Predictions shape: torch.Size([4096, 10])
[DEBUG] Targets shape: torch.Size([4096, 1])
[DEBUG] Predictions shape: torch.Size([4096, 10])
[DEBUG] Targets shape: torch.Size([4096, 1])
[DEBUG] Predictions shape: torch.Size([4096, 10])
[DEBUG] Targets shape: torch.Size([4096, 1])
[DEBUG] Predictions shape: torch.Size([4096, 10])
[DEBUG] Targets shape: torch.Size([4096, 1])
[DEBUG] Predictions shape: torch.Size([4096, 10])
[DEBUG] Targets shape: torch.Size([4096, 1])
[DEBUG] Predictions shape: torch.Size([4096, 10])
[DEBUG] Targets shape: torch.Size([4096, 1])
[DEBUG] Predictions shape: torch.Size([4096, 10])
[DEBUG] Targets shape: torch.Size([4096, 1])
[DEBUG] Predictions shape: torch.Size([4096, 10])
[DEBUG] Targets shape: torch.Size([4096, 1])
[DEBUG] Predictions shape: torch.Size([4096, 10])
[DEBUG] Targets shape: torch.Size([4096, 1])
[DEBUG] Predictions shape: torch.Size([4096, 10])
[DEBUG] Targets shape: torch.Size([4096, 1])
[DEBUG] Predictions shape: torch.Size([4096, 10])
[DEBUG] Targets shape: torch.Size([4096, 1])
[DEBUG] Predictions shape: torch.Size([4096, 10])
[DEBUG] Targets shape: torch.Size([4096, 1])
[DEBUG] Predictions shape: torch.Size([4096, 10])
[DEBUG] Targets shape: torch.Size([4096, 1])
[DEBUG] Predictions shape: torch.Size([4096, 10])
[DEBUG] Targets shape: torch.Size([4096, 1])
[DEBUG] Predictions shape: torch.Size([2656, 10])
[DEBUG] Targets shape: torch.Size([2656, 1])
[DEBUG] Predictions shape: torch.Size([4096, 10])
[DEBUG] Targets shape: torch.Size([4096, 1])
[DEBUG] Predictions shape: torch.Size([4096, 10])
[DEBUG] Targets shape: torch.Size([4096, 1])
[DEBUG] Predictions shape: torch.Size([1808, 10])
[DEBUG] Targets shape: torch.Size([1808, 1])
[DEBUG] Writing to CSV - Epoch: 38, Train MSE: 0.048637302915255226, Test MSE: 0.3192213285446167, Train Acc: 28.683333333333334, Test Acc: 28.98
[DEBUG] Predictions shape: torch.Size([4096, 10])
[DEBUG] Targets shape: torch.Size([4096, 1])
[DEBUG] Predictions shape: torch.Size([4096, 10])
[DEBUG] Targets shape: torch.Size([4096, 1])
[DEBUG] Predictions shape: torch.Size([4096, 10])
[DEBUG] Targets shape: torch.Size([4096, 1])
[DEBUG] Predictions shape: torch.Size([4096, 10])
[DEBUG] Targets shape: torch.Size([4096, 1])
[DEBUG] Predictions shape: torch.Size([4096, 10])
[DEBUG] Targets shape: torch.Size([4096, 1])
[DEBUG] Predictions shape: torch.Size([4096, 10])
[DEBUG] Targets shape: torch.Size([4096, 1])
[DEBUG] Predictions shape: torch.Size([4096, 10])
[DEBUG] Targets shape: torch.Size([4096, 1])
[DEBUG] Predictions shape: torch.Size([4096, 10])
[DEBUG] Targets shape: torch.Size([4096, 1])
[DEBUG] Predictions shape: torch.Size([4096, 10])
[DEBUG] Targets shape: torch.Size([4096, 1])
[DEBUG] Predictions shape: torch.Size([4096, 10])
[DEBUG] Targets shape: torch.Size([4096, 1])
[DEBUG] Predictions shape: torch.Size([4096, 10])
[DEBUG] Targets shape: torch.Size([4096, 1])
[DEBUG] Predictions shape: torch.Size([4096, 10])
[DEBUG] Targets shape: torch.Size([4096, 1])
[DEBUG] Predictions shape: torch.Size([4096, 10])
[DEBUG] Targets shape: torch.Size([4096, 1])
[DEBUG] Predictions shape: torch.Size([4096, 10])
[DEBUG] Targets shape: torch.Size([4096, 1])
[DEBUG] Predictions shape: torch.Size([2656, 10])
[DEBUG] Targets shape: torch.Size([2656, 1])
[DEBUG] Predictions shape: torch.Size([4096, 10])
[DEBUG] Targets shape: torch.Size([4096, 1])
[DEBUG] Predictions shape: torch.Size([4096, 10])
[DEBUG] Targets shape: torch.Size([4096, 1])
[DEBUG] Predictions shape: torch.Size([1808, 10])
[DEBUG] Targets shape: torch.Size([1808, 1])
[DEBUG] Writing to CSV - Epoch: 39, Train MSE: 0.0396253509859244, Test MSE: 0.3100340151786804, Train Acc: 9.73, Test Acc: 10.03
[DEBUG] Predictions shape: torch.Size([4096, 10])
[DEBUG] Targets shape: torch.Size([4096, 1])
[DEBUG] Predictions shape: torch.Size([4096, 10])
[DEBUG] Targets shape: torch.Size([4096, 1])
[DEBUG] Predictions shape: torch.Size([4096, 10])
[DEBUG] Targets shape: torch.Size([4096, 1])
[DEBUG] Predictions shape: torch.Size([4096, 10])
[DEBUG] Targets shape: torch.Size([4096, 1])
[DEBUG] Predictions shape: torch.Size([4096, 10])
[DEBUG] Targets shape: torch.Size([4096, 1])
[DEBUG] Predictions shape: torch.Size([4096, 10])
[DEBUG] Targets shape: torch.Size([4096, 1])
[DEBUG] Predictions shape: torch.Size([4096, 10])
[DEBUG] Targets shape: torch.Size([4096, 1])
[DEBUG] Predictions shape: torch.Size([4096, 10])
[DEBUG] Targets shape: torch.Size([4096, 1])
[DEBUG] Predictions shape: torch.Size([4096, 10])
[DEBUG] Targets shape: torch.Size([4096, 1])
[DEBUG] Predictions shape: torch.Size([4096, 10])
[DEBUG] Targets shape: torch.Size([4096, 1])
[DEBUG] Predictions shape: torch.Size([4096, 10])
[DEBUG] Targets shape: torch.Size([4096, 1])
[DEBUG] Predictions shape: torch.Size([4096, 10])
[DEBUG] Targets shape: torch.Size([4096, 1])
[DEBUG] Predictions shape: torch.Size([4096, 10])
[DEBUG] Targets shape: torch.Size([4096, 1])
[DEBUG] Predictions shape: torch.Size([4096, 10])
[DEBUG] Targets shape: torch.Size([4096, 1])
[DEBUG] Predictions shape: torch.Size([2656, 10])
[DEBUG] Targets shape: torch.Size([2656, 1])
[DEBUG] Predictions shape: torch.Size([4096, 10])
[DEBUG] Targets shape: torch.Size([4096, 1])
[DEBUG] Predictions shape: torch.Size([4096, 10])
[DEBUG] Targets shape: torch.Size([4096, 1])
[DEBUG] Predictions shape: torch.Size([1808, 10])
[DEBUG] Targets shape: torch.Size([1808, 1])
[DEBUG] Writing to CSV - Epoch: 40, Train MSE: 0.04590287202000618, Test MSE: 0.3317815418720245, Train Acc: 16.731666666666666, Test Acc: 16.89
[Epoch 40] train_mse=0.045903  test_mse=0.331782
[DEBUG] Predictions shape: torch.Size([4096, 10])
[DEBUG] Targets shape: torch.Size([4096, 1])
[DEBUG] Predictions shape: torch.Size([4096, 10])
[DEBUG] Targets shape: torch.Size([4096, 1])
[DEBUG] Predictions shape: torch.Size([4096, 10])
[DEBUG] Targets shape: torch.Size([4096, 1])
[DEBUG] Predictions shape: torch.Size([4096, 10])
[DEBUG] Targets shape: torch.Size([4096, 1])
[DEBUG] Predictions shape: torch.Size([4096, 10])
[DEBUG] Targets shape: torch.Size([4096, 1])
[DEBUG] Predictions shape: torch.Size([4096, 10])
[DEBUG] Targets shape: torch.Size([4096, 1])
[DEBUG] Predictions shape: torch.Size([4096, 10])
[DEBUG] Targets shape: torch.Size([4096, 1])
[DEBUG] Predictions shape: torch.Size([4096, 10])
[DEBUG] Targets shape: torch.Size([4096, 1])
[DEBUG] Predictions shape: torch.Size([4096, 10])
[DEBUG] Targets shape: torch.Size([4096, 1])
[DEBUG] Predictions shape: torch.Size([4096, 10])
[DEBUG] Targets shape: torch.Size([4096, 1])
[DEBUG] Predictions shape: torch.Size([4096, 10])
[DEBUG] Targets shape: torch.Size([4096, 1])
[DEBUG] Predictions shape: torch.Size([4096, 10])
[DEBUG] Targets shape: torch.Size([4096, 1])
[DEBUG] Predictions shape: torch.Size([4096, 10])
[DEBUG] Targets shape: torch.Size([4096, 1])
[DEBUG] Predictions shape: torch.Size([4096, 10])
[DEBUG] Targets shape: torch.Size([4096, 1])
[DEBUG] Predictions shape: torch.Size([2656, 10])
[DEBUG] Targets shape: torch.Size([2656, 1])
[DEBUG] Predictions shape: torch.Size([4096, 10])
[DEBUG] Targets shape: torch.Size([4096, 1])
[DEBUG] Predictions shape: torch.Size([4096, 10])
[DEBUG] Targets shape: torch.Size([4096, 1])
[DEBUG] Predictions shape: torch.Size([1808, 10])
[DEBUG] Targets shape: torch.Size([1808, 1])
[DEBUG] Writing to CSV - Epoch: 41, Train MSE: 0.03984647740721703, Test MSE: 0.3134645408630371, Train Acc: 1.83, Test Acc: 1.85
[DEBUG] Predictions shape: torch.Size([4096, 10])
[DEBUG] Targets shape: torch.Size([4096, 1])
[DEBUG] Predictions shape: torch.Size([4096, 10])
[DEBUG] Targets shape: torch.Size([4096, 1])
[DEBUG] Predictions shape: torch.Size([4096, 10])
[DEBUG] Targets shape: torch.Size([4096, 1])
[DEBUG] Predictions shape: torch.Size([4096, 10])
[DEBUG] Targets shape: torch.Size([4096, 1])
[DEBUG] Predictions shape: torch.Size([4096, 10])
[DEBUG] Targets shape: torch.Size([4096, 1])
[DEBUG] Predictions shape: torch.Size([4096, 10])
[DEBUG] Targets shape: torch.Size([4096, 1])
[DEBUG] Predictions shape: torch.Size([4096, 10])
[DEBUG] Targets shape: torch.Size([4096, 1])
[DEBUG] Predictions shape: torch.Size([4096, 10])
[DEBUG] Targets shape: torch.Size([4096, 1])
[DEBUG] Predictions shape: torch.Size([4096, 10])
[DEBUG] Targets shape: torch.Size([4096, 1])
[DEBUG] Predictions shape: torch.Size([4096, 10])
[DEBUG] Targets shape: torch.Size([4096, 1])
[DEBUG] Predictions shape: torch.Size([4096, 10])
[DEBUG] Targets shape: torch.Size([4096, 1])
[DEBUG] Predictions shape: torch.Size([4096, 10])
[DEBUG] Targets shape: torch.Size([4096, 1])
[DEBUG] Predictions shape: torch.Size([4096, 10])
[DEBUG] Targets shape: torch.Size([4096, 1])
[DEBUG] Predictions shape: torch.Size([4096, 10])
[DEBUG] Targets shape: torch.Size([4096, 1])
[DEBUG] Predictions shape: torch.Size([2656, 10])
[DEBUG] Targets shape: torch.Size([2656, 1])
[DEBUG] Predictions shape: torch.Size([4096, 10])
[DEBUG] Targets shape: torch.Size([4096, 1])
[DEBUG] Predictions shape: torch.Size([4096, 10])
[DEBUG] Targets shape: torch.Size([4096, 1])
[DEBUG] Predictions shape: torch.Size([1808, 10])
[DEBUG] Targets shape: torch.Size([1808, 1])
[DEBUG] Writing to CSV - Epoch: 42, Train MSE: 0.03371888859570026, Test MSE: 0.3302306858301163, Train Acc: 9.036666666666667, Test Acc: 9.38
[DEBUG] Predictions shape: torch.Size([4096, 10])
[DEBUG] Targets shape: torch.Size([4096, 1])
[DEBUG] Predictions shape: torch.Size([4096, 10])
[DEBUG] Targets shape: torch.Size([4096, 1])
[DEBUG] Predictions shape: torch.Size([4096, 10])
[DEBUG] Targets shape: torch.Size([4096, 1])
[DEBUG] Predictions shape: torch.Size([4096, 10])
[DEBUG] Targets shape: torch.Size([4096, 1])
[DEBUG] Predictions shape: torch.Size([4096, 10])
[DEBUG] Targets shape: torch.Size([4096, 1])
[DEBUG] Predictions shape: torch.Size([4096, 10])
[DEBUG] Targets shape: torch.Size([4096, 1])
[DEBUG] Predictions shape: torch.Size([4096, 10])
[DEBUG] Targets shape: torch.Size([4096, 1])
[DEBUG] Predictions shape: torch.Size([4096, 10])
[DEBUG] Targets shape: torch.Size([4096, 1])
[DEBUG] Predictions shape: torch.Size([4096, 10])
[DEBUG] Targets shape: torch.Size([4096, 1])
[DEBUG] Predictions shape: torch.Size([4096, 10])
[DEBUG] Targets shape: torch.Size([4096, 1])
[DEBUG] Predictions shape: torch.Size([4096, 10])
[DEBUG] Targets shape: torch.Size([4096, 1])
[DEBUG] Predictions shape: torch.Size([4096, 10])
[DEBUG] Targets shape: torch.Size([4096, 1])
[DEBUG] Predictions shape: torch.Size([4096, 10])
[DEBUG] Targets shape: torch.Size([4096, 1])
[DEBUG] Predictions shape: torch.Size([4096, 10])
[DEBUG] Targets shape: torch.Size([4096, 1])
[DEBUG] Predictions shape: torch.Size([2656, 10])
[DEBUG] Targets shape: torch.Size([2656, 1])
[DEBUG] Predictions shape: torch.Size([4096, 10])
[DEBUG] Targets shape: torch.Size([4096, 1])
[DEBUG] Predictions shape: torch.Size([4096, 10])
[DEBUG] Targets shape: torch.Size([4096, 1])
[DEBUG] Predictions shape: torch.Size([1808, 10])
[DEBUG] Targets shape: torch.Size([1808, 1])
[DEBUG] Writing to CSV - Epoch: 43, Train MSE: 0.02359003350834052, Test MSE: 0.3251865075111389, Train Acc: 1.6483333333333334, Test Acc: 1.98
[DEBUG] Predictions shape: torch.Size([4096, 10])
[DEBUG] Targets shape: torch.Size([4096, 1])
[DEBUG] Predictions shape: torch.Size([4096, 10])
[DEBUG] Targets shape: torch.Size([4096, 1])
[DEBUG] Predictions shape: torch.Size([4096, 10])
[DEBUG] Targets shape: torch.Size([4096, 1])
[DEBUG] Predictions shape: torch.Size([4096, 10])
[DEBUG] Targets shape: torch.Size([4096, 1])
[DEBUG] Predictions shape: torch.Size([4096, 10])
[DEBUG] Targets shape: torch.Size([4096, 1])
[DEBUG] Predictions shape: torch.Size([4096, 10])
[DEBUG] Targets shape: torch.Size([4096, 1])
[DEBUG] Predictions shape: torch.Size([4096, 10])
[DEBUG] Targets shape: torch.Size([4096, 1])
[DEBUG] Predictions shape: torch.Size([4096, 10])
[DEBUG] Targets shape: torch.Size([4096, 1])
[DEBUG] Predictions shape: torch.Size([4096, 10])
[DEBUG] Targets shape: torch.Size([4096, 1])
[DEBUG] Predictions shape: torch.Size([4096, 10])
[DEBUG] Targets shape: torch.Size([4096, 1])
[DEBUG] Predictions shape: torch.Size([4096, 10])
[DEBUG] Targets shape: torch.Size([4096, 1])
[DEBUG] Predictions shape: torch.Size([4096, 10])
[DEBUG] Targets shape: torch.Size([4096, 1])
[DEBUG] Predictions shape: torch.Size([4096, 10])
[DEBUG] Targets shape: torch.Size([4096, 1])
[DEBUG] Predictions shape: torch.Size([4096, 10])
[DEBUG] Targets shape: torch.Size([4096, 1])
[DEBUG] Predictions shape: torch.Size([2656, 10])
[DEBUG] Targets shape: torch.Size([2656, 1])
[DEBUG] Predictions shape: torch.Size([4096, 10])
[DEBUG] Targets shape: torch.Size([4096, 1])
[DEBUG] Predictions shape: torch.Size([4096, 10])
[DEBUG] Targets shape: torch.Size([4096, 1])
[DEBUG] Predictions shape: torch.Size([1808, 10])
[DEBUG] Targets shape: torch.Size([1808, 1])
[DEBUG] Writing to CSV - Epoch: 44, Train MSE: 0.024031553807854652, Test MSE: 0.3228335483789444, Train Acc: 0.9216666666666666, Test Acc: 1.25
[DEBUG] Predictions shape: torch.Size([4096, 10])
[DEBUG] Targets shape: torch.Size([4096, 1])
[DEBUG] Predictions shape: torch.Size([4096, 10])
[DEBUG] Targets shape: torch.Size([4096, 1])
[DEBUG] Predictions shape: torch.Size([4096, 10])
[DEBUG] Targets shape: torch.Size([4096, 1])
[DEBUG] Predictions shape: torch.Size([4096, 10])
[DEBUG] Targets shape: torch.Size([4096, 1])
[DEBUG] Predictions shape: torch.Size([4096, 10])
[DEBUG] Targets shape: torch.Size([4096, 1])
[DEBUG] Predictions shape: torch.Size([4096, 10])
[DEBUG] Targets shape: torch.Size([4096, 1])
[DEBUG] Predictions shape: torch.Size([4096, 10])
[DEBUG] Targets shape: torch.Size([4096, 1])
[DEBUG] Predictions shape: torch.Size([4096, 10])
[DEBUG] Targets shape: torch.Size([4096, 1])
[DEBUG] Predictions shape: torch.Size([4096, 10])
[DEBUG] Targets shape: torch.Size([4096, 1])
[DEBUG] Predictions shape: torch.Size([4096, 10])
[DEBUG] Targets shape: torch.Size([4096, 1])
[DEBUG] Predictions shape: torch.Size([4096, 10])
[DEBUG] Targets shape: torch.Size([4096, 1])
[DEBUG] Predictions shape: torch.Size([4096, 10])
[DEBUG] Targets shape: torch.Size([4096, 1])
[DEBUG] Predictions shape: torch.Size([4096, 10])
[DEBUG] Targets shape: torch.Size([4096, 1])
[DEBUG] Predictions shape: torch.Size([4096, 10])
[DEBUG] Targets shape: torch.Size([4096, 1])
[DEBUG] Predictions shape: torch.Size([2656, 10])
[DEBUG] Targets shape: torch.Size([2656, 1])
[DEBUG] Predictions shape: torch.Size([4096, 10])
[DEBUG] Targets shape: torch.Size([4096, 1])
[DEBUG] Predictions shape: torch.Size([4096, 10])
[DEBUG] Targets shape: torch.Size([4096, 1])
[DEBUG] Predictions shape: torch.Size([1808, 10])
[DEBUG] Targets shape: torch.Size([1808, 1])
[DEBUG] Writing to CSV - Epoch: 45, Train MSE: 0.015224560118714968, Test MSE: 0.30052807128429415, Train Acc: 3.355, Test Acc: 3.56
[Epoch 45] train_mse=0.015225  test_mse=0.300528
[DEBUG] Predictions shape: torch.Size([4096, 10])
[DEBUG] Targets shape: torch.Size([4096, 1])
[DEBUG] Predictions shape: torch.Size([4096, 10])
[DEBUG] Targets shape: torch.Size([4096, 1])
[DEBUG] Predictions shape: torch.Size([4096, 10])
[DEBUG] Targets shape: torch.Size([4096, 1])
[DEBUG] Predictions shape: torch.Size([4096, 10])
[DEBUG] Targets shape: torch.Size([4096, 1])
[DEBUG] Predictions shape: torch.Size([4096, 10])
[DEBUG] Targets shape: torch.Size([4096, 1])
[DEBUG] Predictions shape: torch.Size([4096, 10])
[DEBUG] Targets shape: torch.Size([4096, 1])
[DEBUG] Predictions shape: torch.Size([4096, 10])
[DEBUG] Targets shape: torch.Size([4096, 1])
[DEBUG] Predictions shape: torch.Size([4096, 10])
[DEBUG] Targets shape: torch.Size([4096, 1])
[DEBUG] Predictions shape: torch.Size([4096, 10])
[DEBUG] Targets shape: torch.Size([4096, 1])
[DEBUG] Predictions shape: torch.Size([4096, 10])
[DEBUG] Targets shape: torch.Size([4096, 1])
[DEBUG] Predictions shape: torch.Size([4096, 10])
[DEBUG] Targets shape: torch.Size([4096, 1])
[DEBUG] Predictions shape: torch.Size([4096, 10])
[DEBUG] Targets shape: torch.Size([4096, 1])
[DEBUG] Predictions shape: torch.Size([4096, 10])
[DEBUG] Targets shape: torch.Size([4096, 1])
[DEBUG] Predictions shape: torch.Size([4096, 10])
[DEBUG] Targets shape: torch.Size([4096, 1])
[DEBUG] Predictions shape: torch.Size([2656, 10])
[DEBUG] Targets shape: torch.Size([2656, 1])
[DEBUG] Predictions shape: torch.Size([4096, 10])
[DEBUG] Targets shape: torch.Size([4096, 1])
[DEBUG] Predictions shape: torch.Size([4096, 10])
[DEBUG] Targets shape: torch.Size([4096, 1])
[DEBUG] Predictions shape: torch.Size([1808, 10])
[DEBUG] Targets shape: torch.Size([1808, 1])
[DEBUG] Writing to CSV - Epoch: 46, Train MSE: 0.04511600912809372, Test MSE: 0.3177328760623932, Train Acc: 1.65, Test Acc: 1.6
[DEBUG] Predictions shape: torch.Size([4096, 10])
[DEBUG] Targets shape: torch.Size([4096, 1])
[DEBUG] Predictions shape: torch.Size([4096, 10])
[DEBUG] Targets shape: torch.Size([4096, 1])
[DEBUG] Predictions shape: torch.Size([4096, 10])
[DEBUG] Targets shape: torch.Size([4096, 1])
[DEBUG] Predictions shape: torch.Size([4096, 10])
[DEBUG] Targets shape: torch.Size([4096, 1])
[DEBUG] Predictions shape: torch.Size([4096, 10])
[DEBUG] Targets shape: torch.Size([4096, 1])
[DEBUG] Predictions shape: torch.Size([4096, 10])
[DEBUG] Targets shape: torch.Size([4096, 1])
[DEBUG] Predictions shape: torch.Size([4096, 10])
[DEBUG] Targets shape: torch.Size([4096, 1])
[DEBUG] Predictions shape: torch.Size([4096, 10])
[DEBUG] Targets shape: torch.Size([4096, 1])
[DEBUG] Predictions shape: torch.Size([4096, 10])
[DEBUG] Targets shape: torch.Size([4096, 1])
[DEBUG] Predictions shape: torch.Size([4096, 10])
[DEBUG] Targets shape: torch.Size([4096, 1])
[DEBUG] Predictions shape: torch.Size([4096, 10])
[DEBUG] Targets shape: torch.Size([4096, 1])
[DEBUG] Predictions shape: torch.Size([4096, 10])
[DEBUG] Targets shape: torch.Size([4096, 1])
[DEBUG] Predictions shape: torch.Size([4096, 10])
[DEBUG] Targets shape: torch.Size([4096, 1])
[DEBUG] Predictions shape: torch.Size([4096, 10])
[DEBUG] Targets shape: torch.Size([4096, 1])
[DEBUG] Predictions shape: torch.Size([2656, 10])
[DEBUG] Targets shape: torch.Size([2656, 1])
[DEBUG] Predictions shape: torch.Size([4096, 10])
[DEBUG] Targets shape: torch.Size([4096, 1])
[DEBUG] Predictions shape: torch.Size([4096, 10])
[DEBUG] Targets shape: torch.Size([4096, 1])
[DEBUG] Predictions shape: torch.Size([1808, 10])
[DEBUG] Targets shape: torch.Size([1808, 1])
[DEBUG] Writing to CSV - Epoch: 47, Train MSE: 0.047270197852452595, Test MSE: 0.3209596314430237, Train Acc: 29.225, Test Acc: 30.02
[DEBUG] Predictions shape: torch.Size([4096, 10])
[DEBUG] Targets shape: torch.Size([4096, 1])
[DEBUG] Predictions shape: torch.Size([4096, 10])
[DEBUG] Targets shape: torch.Size([4096, 1])
[DEBUG] Predictions shape: torch.Size([4096, 10])
[DEBUG] Targets shape: torch.Size([4096, 1])
[DEBUG] Predictions shape: torch.Size([4096, 10])
[DEBUG] Targets shape: torch.Size([4096, 1])
[DEBUG] Predictions shape: torch.Size([4096, 10])
[DEBUG] Targets shape: torch.Size([4096, 1])
[DEBUG] Predictions shape: torch.Size([4096, 10])
[DEBUG] Targets shape: torch.Size([4096, 1])
[DEBUG] Predictions shape: torch.Size([4096, 10])
[DEBUG] Targets shape: torch.Size([4096, 1])
[DEBUG] Predictions shape: torch.Size([4096, 10])
[DEBUG] Targets shape: torch.Size([4096, 1])
[DEBUG] Predictions shape: torch.Size([4096, 10])
[DEBUG] Targets shape: torch.Size([4096, 1])
[DEBUG] Predictions shape: torch.Size([4096, 10])
[DEBUG] Targets shape: torch.Size([4096, 1])
[DEBUG] Predictions shape: torch.Size([4096, 10])
[DEBUG] Targets shape: torch.Size([4096, 1])
[DEBUG] Predictions shape: torch.Size([4096, 10])
[DEBUG] Targets shape: torch.Size([4096, 1])
[DEBUG] Predictions shape: torch.Size([4096, 10])
[DEBUG] Targets shape: torch.Size([4096, 1])
[DEBUG] Predictions shape: torch.Size([4096, 10])
[DEBUG] Targets shape: torch.Size([4096, 1])
[DEBUG] Predictions shape: torch.Size([2656, 10])
[DEBUG] Targets shape: torch.Size([2656, 1])
[DEBUG] Predictions shape: torch.Size([4096, 10])
[DEBUG] Targets shape: torch.Size([4096, 1])
[DEBUG] Predictions shape: torch.Size([4096, 10])
[DEBUG] Targets shape: torch.Size([4096, 1])
[DEBUG] Predictions shape: torch.Size([1808, 10])
[DEBUG] Targets shape: torch.Size([1808, 1])
[DEBUG] Writing to CSV - Epoch: 48, Train MSE: 0.03302348758776982, Test MSE: 0.2768605250120163, Train Acc: 3.415, Test Acc: 3.69
[DEBUG] Predictions shape: torch.Size([4096, 10])
[DEBUG] Targets shape: torch.Size([4096, 1])
[DEBUG] Predictions shape: torch.Size([4096, 10])
[DEBUG] Targets shape: torch.Size([4096, 1])
[DEBUG] Predictions shape: torch.Size([4096, 10])
[DEBUG] Targets shape: torch.Size([4096, 1])
[DEBUG] Predictions shape: torch.Size([4096, 10])
[DEBUG] Targets shape: torch.Size([4096, 1])
[DEBUG] Predictions shape: torch.Size([4096, 10])
[DEBUG] Targets shape: torch.Size([4096, 1])
[DEBUG] Predictions shape: torch.Size([4096, 10])
[DEBUG] Targets shape: torch.Size([4096, 1])
[DEBUG] Predictions shape: torch.Size([4096, 10])
[DEBUG] Targets shape: torch.Size([4096, 1])
[DEBUG] Predictions shape: torch.Size([4096, 10])
[DEBUG] Targets shape: torch.Size([4096, 1])
[DEBUG] Predictions shape: torch.Size([4096, 10])
[DEBUG] Targets shape: torch.Size([4096, 1])
[DEBUG] Predictions shape: torch.Size([4096, 10])
[DEBUG] Targets shape: torch.Size([4096, 1])
[DEBUG] Predictions shape: torch.Size([4096, 10])
[DEBUG] Targets shape: torch.Size([4096, 1])
[DEBUG] Predictions shape: torch.Size([4096, 10])
[DEBUG] Targets shape: torch.Size([4096, 1])
[DEBUG] Predictions shape: torch.Size([4096, 10])
[DEBUG] Targets shape: torch.Size([4096, 1])
[DEBUG] Predictions shape: torch.Size([4096, 10])
[DEBUG] Targets shape: torch.Size([4096, 1])
[DEBUG] Predictions shape: torch.Size([2656, 10])
[DEBUG] Targets shape: torch.Size([2656, 1])
[DEBUG] Predictions shape: torch.Size([4096, 10])
[DEBUG] Targets shape: torch.Size([4096, 1])
[DEBUG] Predictions shape: torch.Size([4096, 10])
[DEBUG] Targets shape: torch.Size([4096, 1])
[DEBUG] Predictions shape: torch.Size([1808, 10])
[DEBUG] Targets shape: torch.Size([1808, 1])
[DEBUG] Writing to CSV - Epoch: 49, Train MSE: 0.019151505213479202, Test MSE: 0.2575276772737503, Train Acc: 49.33, Test Acc: 50.06
[DEBUG] Predictions shape: torch.Size([4096, 10])
[DEBUG] Targets shape: torch.Size([4096, 1])
[DEBUG] Predictions shape: torch.Size([4096, 10])
[DEBUG] Targets shape: torch.Size([4096, 1])
[DEBUG] Predictions shape: torch.Size([4096, 10])
[DEBUG] Targets shape: torch.Size([4096, 1])
[DEBUG] Predictions shape: torch.Size([4096, 10])
[DEBUG] Targets shape: torch.Size([4096, 1])
[DEBUG] Predictions shape: torch.Size([4096, 10])
[DEBUG] Targets shape: torch.Size([4096, 1])
[DEBUG] Predictions shape: torch.Size([4096, 10])
[DEBUG] Targets shape: torch.Size([4096, 1])
[DEBUG] Predictions shape: torch.Size([4096, 10])
[DEBUG] Targets shape: torch.Size([4096, 1])
[DEBUG] Predictions shape: torch.Size([4096, 10])
[DEBUG] Targets shape: torch.Size([4096, 1])
[DEBUG] Predictions shape: torch.Size([4096, 10])
[DEBUG] Targets shape: torch.Size([4096, 1])
[DEBUG] Predictions shape: torch.Size([4096, 10])
[DEBUG] Targets shape: torch.Size([4096, 1])
[DEBUG] Predictions shape: torch.Size([4096, 10])
[DEBUG] Targets shape: torch.Size([4096, 1])
[DEBUG] Predictions shape: torch.Size([4096, 10])
[DEBUG] Targets shape: torch.Size([4096, 1])
[DEBUG] Predictions shape: torch.Size([4096, 10])
[DEBUG] Targets shape: torch.Size([4096, 1])
[DEBUG] Predictions shape: torch.Size([4096, 10])
[DEBUG] Targets shape: torch.Size([4096, 1])
[DEBUG] Predictions shape: torch.Size([2656, 10])
[DEBUG] Targets shape: torch.Size([2656, 1])
[DEBUG] Predictions shape: torch.Size([4096, 10])
[DEBUG] Targets shape: torch.Size([4096, 1])
[DEBUG] Predictions shape: torch.Size([4096, 10])
[DEBUG] Targets shape: torch.Size([4096, 1])
[DEBUG] Predictions shape: torch.Size([1808, 10])
[DEBUG] Targets shape: torch.Size([1808, 1])
[DEBUG] Writing to CSV - Epoch: 50, Train MSE: 0.01618765551696221, Test MSE: 0.28511886818408966, Train Acc: 27.486666666666668, Test Acc: 27.16
[Epoch 50] train_mse=0.016188  test_mse=0.285119
[DEBUG] Predictions shape: torch.Size([4096, 10])
[DEBUG] Targets shape: torch.Size([4096, 1])
[DEBUG] Predictions shape: torch.Size([4096, 10])
[DEBUG] Targets shape: torch.Size([4096, 1])
[DEBUG] Predictions shape: torch.Size([4096, 10])
[DEBUG] Targets shape: torch.Size([4096, 1])
[DEBUG] Predictions shape: torch.Size([4096, 10])
[DEBUG] Targets shape: torch.Size([4096, 1])
[DEBUG] Predictions shape: torch.Size([4096, 10])
[DEBUG] Targets shape: torch.Size([4096, 1])
[DEBUG] Predictions shape: torch.Size([4096, 10])
[DEBUG] Targets shape: torch.Size([4096, 1])
[DEBUG] Predictions shape: torch.Size([4096, 10])
[DEBUG] Targets shape: torch.Size([4096, 1])
[DEBUG] Predictions shape: torch.Size([4096, 10])
[DEBUG] Targets shape: torch.Size([4096, 1])
[DEBUG] Predictions shape: torch.Size([4096, 10])
[DEBUG] Targets shape: torch.Size([4096, 1])
[DEBUG] Predictions shape: torch.Size([4096, 10])
[DEBUG] Targets shape: torch.Size([4096, 1])
[DEBUG] Predictions shape: torch.Size([4096, 10])
[DEBUG] Targets shape: torch.Size([4096, 1])
[DEBUG] Predictions shape: torch.Size([4096, 10])
[DEBUG] Targets shape: torch.Size([4096, 1])
[DEBUG] Predictions shape: torch.Size([4096, 10])
[DEBUG] Targets shape: torch.Size([4096, 1])
[DEBUG] Predictions shape: torch.Size([4096, 10])
[DEBUG] Targets shape: torch.Size([4096, 1])
[DEBUG] Predictions shape: torch.Size([2656, 10])
[DEBUG] Targets shape: torch.Size([2656, 1])
[DEBUG] Predictions shape: torch.Size([4096, 10])
[DEBUG] Targets shape: torch.Size([4096, 1])
[DEBUG] Predictions shape: torch.Size([4096, 10])
[DEBUG] Targets shape: torch.Size([4096, 1])
[DEBUG] Predictions shape: torch.Size([1808, 10])
[DEBUG] Targets shape: torch.Size([1808, 1])
[DEBUG] Writing to CSV - Epoch: 51, Train MSE: 0.03555898911654949, Test MSE: 0.30294707281589506, Train Acc: 12.876666666666667, Test Acc: 12.88
[DEBUG] Predictions shape: torch.Size([4096, 10])
[DEBUG] Targets shape: torch.Size([4096, 1])
[DEBUG] Predictions shape: torch.Size([4096, 10])
[DEBUG] Targets shape: torch.Size([4096, 1])
[DEBUG] Predictions shape: torch.Size([4096, 10])
[DEBUG] Targets shape: torch.Size([4096, 1])
[DEBUG] Predictions shape: torch.Size([4096, 10])
[DEBUG] Targets shape: torch.Size([4096, 1])
[DEBUG] Predictions shape: torch.Size([4096, 10])
[DEBUG] Targets shape: torch.Size([4096, 1])
[DEBUG] Predictions shape: torch.Size([4096, 10])
[DEBUG] Targets shape: torch.Size([4096, 1])
[DEBUG] Predictions shape: torch.Size([4096, 10])
[DEBUG] Targets shape: torch.Size([4096, 1])
[DEBUG] Predictions shape: torch.Size([4096, 10])
[DEBUG] Targets shape: torch.Size([4096, 1])
[DEBUG] Predictions shape: torch.Size([4096, 10])
[DEBUG] Targets shape: torch.Size([4096, 1])
[DEBUG] Predictions shape: torch.Size([4096, 10])
[DEBUG] Targets shape: torch.Size([4096, 1])
[DEBUG] Predictions shape: torch.Size([4096, 10])
[DEBUG] Targets shape: torch.Size([4096, 1])
[DEBUG] Predictions shape: torch.Size([4096, 10])
[DEBUG] Targets shape: torch.Size([4096, 1])
[DEBUG] Predictions shape: torch.Size([4096, 10])
[DEBUG] Targets shape: torch.Size([4096, 1])
[DEBUG] Predictions shape: torch.Size([4096, 10])
[DEBUG] Targets shape: torch.Size([4096, 1])
[DEBUG] Predictions shape: torch.Size([2656, 10])
[DEBUG] Targets shape: torch.Size([2656, 1])
[DEBUG] Predictions shape: torch.Size([4096, 10])
[DEBUG] Targets shape: torch.Size([4096, 1])
[DEBUG] Predictions shape: torch.Size([4096, 10])
[DEBUG] Targets shape: torch.Size([4096, 1])
[DEBUG] Predictions shape: torch.Size([1808, 10])
[DEBUG] Targets shape: torch.Size([1808, 1])
[DEBUG] Writing to CSV - Epoch: 52, Train MSE: 0.024191237742702165, Test MSE: 0.3318684193372726, Train Acc: 21.496666666666666, Test Acc: 21.11
[DEBUG] Predictions shape: torch.Size([4096, 10])
[DEBUG] Targets shape: torch.Size([4096, 1])
[DEBUG] Predictions shape: torch.Size([4096, 10])
[DEBUG] Targets shape: torch.Size([4096, 1])
[DEBUG] Predictions shape: torch.Size([4096, 10])
[DEBUG] Targets shape: torch.Size([4096, 1])
[DEBUG] Predictions shape: torch.Size([4096, 10])
[DEBUG] Targets shape: torch.Size([4096, 1])
[DEBUG] Predictions shape: torch.Size([4096, 10])
[DEBUG] Targets shape: torch.Size([4096, 1])
[DEBUG] Predictions shape: torch.Size([4096, 10])
[DEBUG] Targets shape: torch.Size([4096, 1])
[DEBUG] Predictions shape: torch.Size([4096, 10])
[DEBUG] Targets shape: torch.Size([4096, 1])
[DEBUG] Predictions shape: torch.Size([4096, 10])
[DEBUG] Targets shape: torch.Size([4096, 1])
[DEBUG] Predictions shape: torch.Size([4096, 10])
[DEBUG] Targets shape: torch.Size([4096, 1])
[DEBUG] Predictions shape: torch.Size([4096, 10])
[DEBUG] Targets shape: torch.Size([4096, 1])
[DEBUG] Predictions shape: torch.Size([4096, 10])
[DEBUG] Targets shape: torch.Size([4096, 1])
[DEBUG] Predictions shape: torch.Size([4096, 10])
[DEBUG] Targets shape: torch.Size([4096, 1])
[DEBUG] Predictions shape: torch.Size([4096, 10])
[DEBUG] Targets shape: torch.Size([4096, 1])
[DEBUG] Predictions shape: torch.Size([4096, 10])
[DEBUG] Targets shape: torch.Size([4096, 1])
[DEBUG] Predictions shape: torch.Size([2656, 10])
[DEBUG] Targets shape: torch.Size([2656, 1])
[DEBUG] Predictions shape: torch.Size([4096, 10])
[DEBUG] Targets shape: torch.Size([4096, 1])
[DEBUG] Predictions shape: torch.Size([4096, 10])
[DEBUG] Targets shape: torch.Size([4096, 1])
[DEBUG] Predictions shape: torch.Size([1808, 10])
[DEBUG] Targets shape: torch.Size([1808, 1])
[DEBUG] Writing to CSV - Epoch: 53, Train MSE: 0.015161779682834943, Test MSE: 0.281959871673584, Train Acc: 20.763333333333332, Test Acc: 20.21
[DEBUG] Predictions shape: torch.Size([4096, 10])
[DEBUG] Targets shape: torch.Size([4096, 1])
[DEBUG] Predictions shape: torch.Size([4096, 10])
[DEBUG] Targets shape: torch.Size([4096, 1])
[DEBUG] Predictions shape: torch.Size([4096, 10])
[DEBUG] Targets shape: torch.Size([4096, 1])
[DEBUG] Predictions shape: torch.Size([4096, 10])
[DEBUG] Targets shape: torch.Size([4096, 1])
[DEBUG] Predictions shape: torch.Size([4096, 10])
[DEBUG] Targets shape: torch.Size([4096, 1])
[DEBUG] Predictions shape: torch.Size([4096, 10])
[DEBUG] Targets shape: torch.Size([4096, 1])
[DEBUG] Predictions shape: torch.Size([4096, 10])
[DEBUG] Targets shape: torch.Size([4096, 1])
[DEBUG] Predictions shape: torch.Size([4096, 10])
[DEBUG] Targets shape: torch.Size([4096, 1])
[DEBUG] Predictions shape: torch.Size([4096, 10])
[DEBUG] Targets shape: torch.Size([4096, 1])
[DEBUG] Predictions shape: torch.Size([4096, 10])
[DEBUG] Targets shape: torch.Size([4096, 1])
[DEBUG] Predictions shape: torch.Size([4096, 10])
[DEBUG] Targets shape: torch.Size([4096, 1])
[DEBUG] Predictions shape: torch.Size([4096, 10])
[DEBUG] Targets shape: torch.Size([4096, 1])
[DEBUG] Predictions shape: torch.Size([4096, 10])
[DEBUG] Targets shape: torch.Size([4096, 1])
[DEBUG] Predictions shape: torch.Size([4096, 10])
[DEBUG] Targets shape: torch.Size([4096, 1])
[DEBUG] Predictions shape: torch.Size([2656, 10])
[DEBUG] Targets shape: torch.Size([2656, 1])
[DEBUG] Predictions shape: torch.Size([4096, 10])
[DEBUG] Targets shape: torch.Size([4096, 1])
[DEBUG] Predictions shape: torch.Size([4096, 10])
[DEBUG] Targets shape: torch.Size([4096, 1])
[DEBUG] Predictions shape: torch.Size([1808, 10])
[DEBUG] Targets shape: torch.Size([1808, 1])
[DEBUG] Writing to CSV - Epoch: 54, Train MSE: 0.013194799074033895, Test MSE: 0.2817074798107147, Train Acc: 4.816666666666666, Test Acc: 4.95
[DEBUG] Predictions shape: torch.Size([4096, 10])
[DEBUG] Targets shape: torch.Size([4096, 1])
[DEBUG] Predictions shape: torch.Size([4096, 10])
[DEBUG] Targets shape: torch.Size([4096, 1])
[DEBUG] Predictions shape: torch.Size([4096, 10])
[DEBUG] Targets shape: torch.Size([4096, 1])
[DEBUG] Predictions shape: torch.Size([4096, 10])
[DEBUG] Targets shape: torch.Size([4096, 1])
[DEBUG] Predictions shape: torch.Size([4096, 10])
[DEBUG] Targets shape: torch.Size([4096, 1])
[DEBUG] Predictions shape: torch.Size([4096, 10])
[DEBUG] Targets shape: torch.Size([4096, 1])
[DEBUG] Predictions shape: torch.Size([4096, 10])
[DEBUG] Targets shape: torch.Size([4096, 1])
[DEBUG] Predictions shape: torch.Size([4096, 10])
[DEBUG] Targets shape: torch.Size([4096, 1])
[DEBUG] Predictions shape: torch.Size([4096, 10])
[DEBUG] Targets shape: torch.Size([4096, 1])
[DEBUG] Predictions shape: torch.Size([4096, 10])
[DEBUG] Targets shape: torch.Size([4096, 1])
[DEBUG] Predictions shape: torch.Size([4096, 10])
[DEBUG] Targets shape: torch.Size([4096, 1])
[DEBUG] Predictions shape: torch.Size([4096, 10])
[DEBUG] Targets shape: torch.Size([4096, 1])
[DEBUG] Predictions shape: torch.Size([4096, 10])
[DEBUG] Targets shape: torch.Size([4096, 1])
[DEBUG] Predictions shape: torch.Size([4096, 10])
[DEBUG] Targets shape: torch.Size([4096, 1])
[DEBUG] Predictions shape: torch.Size([2656, 10])
[DEBUG] Targets shape: torch.Size([2656, 1])
[DEBUG] Predictions shape: torch.Size([4096, 10])
[DEBUG] Targets shape: torch.Size([4096, 1])
[DEBUG] Predictions shape: torch.Size([4096, 10])
[DEBUG] Targets shape: torch.Size([4096, 1])
[DEBUG] Predictions shape: torch.Size([1808, 10])
[DEBUG] Targets shape: torch.Size([1808, 1])
[DEBUG] Writing to CSV - Epoch: 55, Train MSE: 0.014405518135428428, Test MSE: 0.2849834216117859, Train Acc: 2.7133333333333334, Test Acc: 3.09
[Epoch 55] train_mse=0.014406  test_mse=0.284983
[DEBUG] Predictions shape: torch.Size([4096, 10])
[DEBUG] Targets shape: torch.Size([4096, 1])
[DEBUG] Predictions shape: torch.Size([4096, 10])
[DEBUG] Targets shape: torch.Size([4096, 1])
[DEBUG] Predictions shape: torch.Size([4096, 10])
[DEBUG] Targets shape: torch.Size([4096, 1])
[DEBUG] Predictions shape: torch.Size([4096, 10])
[DEBUG] Targets shape: torch.Size([4096, 1])
[DEBUG] Predictions shape: torch.Size([4096, 10])
[DEBUG] Targets shape: torch.Size([4096, 1])
[DEBUG] Predictions shape: torch.Size([4096, 10])
[DEBUG] Targets shape: torch.Size([4096, 1])
[DEBUG] Predictions shape: torch.Size([4096, 10])
[DEBUG] Targets shape: torch.Size([4096, 1])
[DEBUG] Predictions shape: torch.Size([4096, 10])
[DEBUG] Targets shape: torch.Size([4096, 1])
[DEBUG] Predictions shape: torch.Size([4096, 10])
[DEBUG] Targets shape: torch.Size([4096, 1])
[DEBUG] Predictions shape: torch.Size([4096, 10])
[DEBUG] Targets shape: torch.Size([4096, 1])
[DEBUG] Predictions shape: torch.Size([4096, 10])
[DEBUG] Targets shape: torch.Size([4096, 1])
[DEBUG] Predictions shape: torch.Size([4096, 10])
[DEBUG] Targets shape: torch.Size([4096, 1])
[DEBUG] Predictions shape: torch.Size([4096, 10])
[DEBUG] Targets shape: torch.Size([4096, 1])
[DEBUG] Predictions shape: torch.Size([4096, 10])
[DEBUG] Targets shape: torch.Size([4096, 1])
[DEBUG] Predictions shape: torch.Size([2656, 10])
[DEBUG] Targets shape: torch.Size([2656, 1])
[DEBUG] Predictions shape: torch.Size([4096, 10])
[DEBUG] Targets shape: torch.Size([4096, 1])
[DEBUG] Predictions shape: torch.Size([4096, 10])
[DEBUG] Targets shape: torch.Size([4096, 1])
[DEBUG] Predictions shape: torch.Size([1808, 10])
[DEBUG] Targets shape: torch.Size([1808, 1])
[DEBUG] Writing to CSV - Epoch: 56, Train MSE: 0.01882787745396296, Test MSE: 0.30298438637256625, Train Acc: 2.1066666666666665, Test Acc: 2.05
[DEBUG] Predictions shape: torch.Size([4096, 10])
[DEBUG] Targets shape: torch.Size([4096, 1])
[DEBUG] Predictions shape: torch.Size([4096, 10])
[DEBUG] Targets shape: torch.Size([4096, 1])
[DEBUG] Predictions shape: torch.Size([4096, 10])
[DEBUG] Targets shape: torch.Size([4096, 1])
[DEBUG] Predictions shape: torch.Size([4096, 10])
[DEBUG] Targets shape: torch.Size([4096, 1])
[DEBUG] Predictions shape: torch.Size([4096, 10])
[DEBUG] Targets shape: torch.Size([4096, 1])
[DEBUG] Predictions shape: torch.Size([4096, 10])
[DEBUG] Targets shape: torch.Size([4096, 1])
[DEBUG] Predictions shape: torch.Size([4096, 10])
[DEBUG] Targets shape: torch.Size([4096, 1])
[DEBUG] Predictions shape: torch.Size([4096, 10])
[DEBUG] Targets shape: torch.Size([4096, 1])
[DEBUG] Predictions shape: torch.Size([4096, 10])
[DEBUG] Targets shape: torch.Size([4096, 1])
[DEBUG] Predictions shape: torch.Size([4096, 10])
[DEBUG] Targets shape: torch.Size([4096, 1])
[DEBUG] Predictions shape: torch.Size([4096, 10])
[DEBUG] Targets shape: torch.Size([4096, 1])
[DEBUG] Predictions shape: torch.Size([4096, 10])
[DEBUG] Targets shape: torch.Size([4096, 1])
[DEBUG] Predictions shape: torch.Size([4096, 10])
[DEBUG] Targets shape: torch.Size([4096, 1])
[DEBUG] Predictions shape: torch.Size([4096, 10])
[DEBUG] Targets shape: torch.Size([4096, 1])
[DEBUG] Predictions shape: torch.Size([2656, 10])
[DEBUG] Targets shape: torch.Size([2656, 1])
[DEBUG] Predictions shape: torch.Size([4096, 10])
[DEBUG] Targets shape: torch.Size([4096, 1])
[DEBUG] Predictions shape: torch.Size([4096, 10])
[DEBUG] Targets shape: torch.Size([4096, 1])
[DEBUG] Predictions shape: torch.Size([1808, 10])
[DEBUG] Targets shape: torch.Size([1808, 1])
[DEBUG] Writing to CSV - Epoch: 57, Train MSE: 0.0194772393082579, Test MSE: 0.2926448703289032, Train Acc: 8.378333333333334, Test Acc: 7.89
[DEBUG] Predictions shape: torch.Size([4096, 10])
[DEBUG] Targets shape: torch.Size([4096, 1])
[DEBUG] Predictions shape: torch.Size([4096, 10])
[DEBUG] Targets shape: torch.Size([4096, 1])
[DEBUG] Predictions shape: torch.Size([4096, 10])
[DEBUG] Targets shape: torch.Size([4096, 1])
[DEBUG] Predictions shape: torch.Size([4096, 10])
[DEBUG] Targets shape: torch.Size([4096, 1])
[DEBUG] Predictions shape: torch.Size([4096, 10])
[DEBUG] Targets shape: torch.Size([4096, 1])
[DEBUG] Predictions shape: torch.Size([4096, 10])
[DEBUG] Targets shape: torch.Size([4096, 1])
[DEBUG] Predictions shape: torch.Size([4096, 10])
[DEBUG] Targets shape: torch.Size([4096, 1])
[DEBUG] Predictions shape: torch.Size([4096, 10])
[DEBUG] Targets shape: torch.Size([4096, 1])
[DEBUG] Predictions shape: torch.Size([4096, 10])
[DEBUG] Targets shape: torch.Size([4096, 1])
[DEBUG] Predictions shape: torch.Size([4096, 10])
[DEBUG] Targets shape: torch.Size([4096, 1])
[DEBUG] Predictions shape: torch.Size([4096, 10])
[DEBUG] Targets shape: torch.Size([4096, 1])
[DEBUG] Predictions shape: torch.Size([4096, 10])
[DEBUG] Targets shape: torch.Size([4096, 1])
[DEBUG] Predictions shape: torch.Size([4096, 10])
[DEBUG] Targets shape: torch.Size([4096, 1])
[DEBUG] Predictions shape: torch.Size([4096, 10])
[DEBUG] Targets shape: torch.Size([4096, 1])
[DEBUG] Predictions shape: torch.Size([2656, 10])
[DEBUG] Targets shape: torch.Size([2656, 1])
[DEBUG] Predictions shape: torch.Size([4096, 10])
[DEBUG] Targets shape: torch.Size([4096, 1])
[DEBUG] Predictions shape: torch.Size([4096, 10])
[DEBUG] Targets shape: torch.Size([4096, 1])
[DEBUG] Predictions shape: torch.Size([1808, 10])
[DEBUG] Targets shape: torch.Size([1808, 1])
[DEBUG] Writing to CSV - Epoch: 58, Train MSE: 0.03746984988848368, Test MSE: 0.31199438495635984, Train Acc: 1.735, Test Acc: 1.66
[DEBUG] Predictions shape: torch.Size([4096, 10])
[DEBUG] Targets shape: torch.Size([4096, 1])
[DEBUG] Predictions shape: torch.Size([4096, 10])
[DEBUG] Targets shape: torch.Size([4096, 1])
[DEBUG] Predictions shape: torch.Size([4096, 10])
[DEBUG] Targets shape: torch.Size([4096, 1])
[DEBUG] Predictions shape: torch.Size([4096, 10])
[DEBUG] Targets shape: torch.Size([4096, 1])
[DEBUG] Predictions shape: torch.Size([4096, 10])
[DEBUG] Targets shape: torch.Size([4096, 1])
[DEBUG] Predictions shape: torch.Size([4096, 10])
[DEBUG] Targets shape: torch.Size([4096, 1])
[DEBUG] Predictions shape: torch.Size([4096, 10])
[DEBUG] Targets shape: torch.Size([4096, 1])
[DEBUG] Predictions shape: torch.Size([4096, 10])
[DEBUG] Targets shape: torch.Size([4096, 1])
[DEBUG] Predictions shape: torch.Size([4096, 10])
[DEBUG] Targets shape: torch.Size([4096, 1])
[DEBUG] Predictions shape: torch.Size([4096, 10])
[DEBUG] Targets shape: torch.Size([4096, 1])
[DEBUG] Predictions shape: torch.Size([4096, 10])
[DEBUG] Targets shape: torch.Size([4096, 1])
[DEBUG] Predictions shape: torch.Size([4096, 10])
[DEBUG] Targets shape: torch.Size([4096, 1])
[DEBUG] Predictions shape: torch.Size([4096, 10])
[DEBUG] Targets shape: torch.Size([4096, 1])
[DEBUG] Predictions shape: torch.Size([4096, 10])
[DEBUG] Targets shape: torch.Size([4096, 1])
[DEBUG] Predictions shape: torch.Size([2656, 10])
[DEBUG] Targets shape: torch.Size([2656, 1])
[DEBUG] Predictions shape: torch.Size([4096, 10])
[DEBUG] Targets shape: torch.Size([4096, 1])
[DEBUG] Predictions shape: torch.Size([4096, 10])
[DEBUG] Targets shape: torch.Size([4096, 1])
[DEBUG] Predictions shape: torch.Size([1808, 10])
[DEBUG] Targets shape: torch.Size([1808, 1])
[DEBUG] Writing to CSV - Epoch: 59, Train MSE: 0.08688667982021968, Test MSE: 0.37179820601940156, Train Acc: 4.308333333333334, Test Acc: 4.27
[DEBUG] Predictions shape: torch.Size([4096, 10])
[DEBUG] Targets shape: torch.Size([4096, 1])
[DEBUG] Predictions shape: torch.Size([4096, 10])
[DEBUG] Targets shape: torch.Size([4096, 1])
[DEBUG] Predictions shape: torch.Size([4096, 10])
[DEBUG] Targets shape: torch.Size([4096, 1])
[DEBUG] Predictions shape: torch.Size([4096, 10])
[DEBUG] Targets shape: torch.Size([4096, 1])
[DEBUG] Predictions shape: torch.Size([4096, 10])
[DEBUG] Targets shape: torch.Size([4096, 1])
[DEBUG] Predictions shape: torch.Size([4096, 10])
[DEBUG] Targets shape: torch.Size([4096, 1])
[DEBUG] Predictions shape: torch.Size([4096, 10])
[DEBUG] Targets shape: torch.Size([4096, 1])
[DEBUG] Predictions shape: torch.Size([4096, 10])
[DEBUG] Targets shape: torch.Size([4096, 1])
[DEBUG] Predictions shape: torch.Size([4096, 10])
[DEBUG] Targets shape: torch.Size([4096, 1])
[DEBUG] Predictions shape: torch.Size([4096, 10])
[DEBUG] Targets shape: torch.Size([4096, 1])
[DEBUG] Predictions shape: torch.Size([4096, 10])
[DEBUG] Targets shape: torch.Size([4096, 1])
[DEBUG] Predictions shape: torch.Size([4096, 10])
[DEBUG] Targets shape: torch.Size([4096, 1])
[DEBUG] Predictions shape: torch.Size([4096, 10])
[DEBUG] Targets shape: torch.Size([4096, 1])
[DEBUG] Predictions shape: torch.Size([4096, 10])
[DEBUG] Targets shape: torch.Size([4096, 1])
[DEBUG] Predictions shape: torch.Size([2656, 10])
[DEBUG] Targets shape: torch.Size([2656, 1])
[DEBUG] Predictions shape: torch.Size([4096, 10])
[DEBUG] Targets shape: torch.Size([4096, 1])
[DEBUG] Predictions shape: torch.Size([4096, 10])
[DEBUG] Targets shape: torch.Size([4096, 1])
[DEBUG] Predictions shape: torch.Size([1808, 10])
[DEBUG] Targets shape: torch.Size([1808, 1])
[DEBUG] Writing to CSV - Epoch: 60, Train MSE: 0.032062803820768995, Test MSE: 0.29393820652961733, Train Acc: 2.2333333333333334, Test Acc: 2.05
[Epoch 60] train_mse=0.032063  test_mse=0.293938
[DEBUG] Predictions shape: torch.Size([4096, 10])
[DEBUG] Targets shape: torch.Size([4096, 1])
[DEBUG] Predictions shape: torch.Size([4096, 10])
[DEBUG] Targets shape: torch.Size([4096, 1])
[DEBUG] Predictions shape: torch.Size([4096, 10])
[DEBUG] Targets shape: torch.Size([4096, 1])
[DEBUG] Predictions shape: torch.Size([4096, 10])
[DEBUG] Targets shape: torch.Size([4096, 1])
[DEBUG] Predictions shape: torch.Size([4096, 10])
[DEBUG] Targets shape: torch.Size([4096, 1])
[DEBUG] Predictions shape: torch.Size([4096, 10])
[DEBUG] Targets shape: torch.Size([4096, 1])
[DEBUG] Predictions shape: torch.Size([4096, 10])
[DEBUG] Targets shape: torch.Size([4096, 1])
[DEBUG] Predictions shape: torch.Size([4096, 10])
[DEBUG] Targets shape: torch.Size([4096, 1])
[DEBUG] Predictions shape: torch.Size([4096, 10])
[DEBUG] Targets shape: torch.Size([4096, 1])
[DEBUG] Predictions shape: torch.Size([4096, 10])
[DEBUG] Targets shape: torch.Size([4096, 1])
[DEBUG] Predictions shape: torch.Size([4096, 10])
[DEBUG] Targets shape: torch.Size([4096, 1])
[DEBUG] Predictions shape: torch.Size([4096, 10])
[DEBUG] Targets shape: torch.Size([4096, 1])
[DEBUG] Predictions shape: torch.Size([4096, 10])
[DEBUG] Targets shape: torch.Size([4096, 1])
[DEBUG] Predictions shape: torch.Size([4096, 10])
[DEBUG] Targets shape: torch.Size([4096, 1])
[DEBUG] Predictions shape: torch.Size([2656, 10])
[DEBUG] Targets shape: torch.Size([2656, 1])
[DEBUG] Predictions shape: torch.Size([4096, 10])
[DEBUG] Targets shape: torch.Size([4096, 1])
[DEBUG] Predictions shape: torch.Size([4096, 10])
[DEBUG] Targets shape: torch.Size([4096, 1])
[DEBUG] Predictions shape: torch.Size([1808, 10])
[DEBUG] Targets shape: torch.Size([1808, 1])
[DEBUG] Writing to CSV - Epoch: 61, Train MSE: 0.015885031336049238, Test MSE: 0.2626064240217209, Train Acc: 33.08166666666666, Test Acc: 32.89
[DEBUG] Predictions shape: torch.Size([4096, 10])
[DEBUG] Targets shape: torch.Size([4096, 1])
[DEBUG] Predictions shape: torch.Size([4096, 10])
[DEBUG] Targets shape: torch.Size([4096, 1])
[DEBUG] Predictions shape: torch.Size([4096, 10])
[DEBUG] Targets shape: torch.Size([4096, 1])
[DEBUG] Predictions shape: torch.Size([4096, 10])
[DEBUG] Targets shape: torch.Size([4096, 1])
[DEBUG] Predictions shape: torch.Size([4096, 10])
[DEBUG] Targets shape: torch.Size([4096, 1])
[DEBUG] Predictions shape: torch.Size([4096, 10])
[DEBUG] Targets shape: torch.Size([4096, 1])
[DEBUG] Predictions shape: torch.Size([4096, 10])
[DEBUG] Targets shape: torch.Size([4096, 1])
[DEBUG] Predictions shape: torch.Size([4096, 10])
[DEBUG] Targets shape: torch.Size([4096, 1])
[DEBUG] Predictions shape: torch.Size([4096, 10])
[DEBUG] Targets shape: torch.Size([4096, 1])
[DEBUG] Predictions shape: torch.Size([4096, 10])
[DEBUG] Targets shape: torch.Size([4096, 1])
[DEBUG] Predictions shape: torch.Size([4096, 10])
[DEBUG] Targets shape: torch.Size([4096, 1])
[DEBUG] Predictions shape: torch.Size([4096, 10])
[DEBUG] Targets shape: torch.Size([4096, 1])
[DEBUG] Predictions shape: torch.Size([4096, 10])
[DEBUG] Targets shape: torch.Size([4096, 1])
[DEBUG] Predictions shape: torch.Size([4096, 10])
[DEBUG] Targets shape: torch.Size([4096, 1])
[DEBUG] Predictions shape: torch.Size([2656, 10])
[DEBUG] Targets shape: torch.Size([2656, 1])
[DEBUG] Predictions shape: torch.Size([4096, 10])
[DEBUG] Targets shape: torch.Size([4096, 1])
[DEBUG] Predictions shape: torch.Size([4096, 10])
[DEBUG] Targets shape: torch.Size([4096, 1])
[DEBUG] Predictions shape: torch.Size([1808, 10])
[DEBUG] Targets shape: torch.Size([1808, 1])
[DEBUG] Writing to CSV - Epoch: 62, Train MSE: 0.017342670100927354, Test MSE: 0.28806612632274625, Train Acc: 9.176666666666666, Test Acc: 9.68
[DEBUG] Predictions shape: torch.Size([4096, 10])
[DEBUG] Targets shape: torch.Size([4096, 1])
[DEBUG] Predictions shape: torch.Size([4096, 10])
[DEBUG] Targets shape: torch.Size([4096, 1])
[DEBUG] Predictions shape: torch.Size([4096, 10])
[DEBUG] Targets shape: torch.Size([4096, 1])
[DEBUG] Predictions shape: torch.Size([4096, 10])
[DEBUG] Targets shape: torch.Size([4096, 1])
[DEBUG] Predictions shape: torch.Size([4096, 10])
[DEBUG] Targets shape: torch.Size([4096, 1])
[DEBUG] Predictions shape: torch.Size([4096, 10])
[DEBUG] Targets shape: torch.Size([4096, 1])
[DEBUG] Predictions shape: torch.Size([4096, 10])
[DEBUG] Targets shape: torch.Size([4096, 1])
[DEBUG] Predictions shape: torch.Size([4096, 10])
[DEBUG] Targets shape: torch.Size([4096, 1])
[DEBUG] Predictions shape: torch.Size([4096, 10])
[DEBUG] Targets shape: torch.Size([4096, 1])
[DEBUG] Predictions shape: torch.Size([4096, 10])
[DEBUG] Targets shape: torch.Size([4096, 1])
[DEBUG] Predictions shape: torch.Size([4096, 10])
[DEBUG] Targets shape: torch.Size([4096, 1])
[DEBUG] Predictions shape: torch.Size([4096, 10])
[DEBUG] Targets shape: torch.Size([4096, 1])
[DEBUG] Predictions shape: torch.Size([4096, 10])
[DEBUG] Targets shape: torch.Size([4096, 1])
[DEBUG] Predictions shape: torch.Size([4096, 10])
[DEBUG] Targets shape: torch.Size([4096, 1])
[DEBUG] Predictions shape: torch.Size([2656, 10])
[DEBUG] Targets shape: torch.Size([2656, 1])
[DEBUG] Predictions shape: torch.Size([4096, 10])
[DEBUG] Targets shape: torch.Size([4096, 1])
[DEBUG] Predictions shape: torch.Size([4096, 10])
[DEBUG] Targets shape: torch.Size([4096, 1])
[DEBUG] Predictions shape: torch.Size([1808, 10])
[DEBUG] Targets shape: torch.Size([1808, 1])
[DEBUG] Writing to CSV - Epoch: 63, Train MSE: 0.011341515908141931, Test MSE: 0.28408834223747254, Train Acc: 11.71, Test Acc: 11.58
[DEBUG] Predictions shape: torch.Size([4096, 10])
[DEBUG] Targets shape: torch.Size([4096, 1])
[DEBUG] Predictions shape: torch.Size([4096, 10])
[DEBUG] Targets shape: torch.Size([4096, 1])
[DEBUG] Predictions shape: torch.Size([4096, 10])
[DEBUG] Targets shape: torch.Size([4096, 1])
[DEBUG] Predictions shape: torch.Size([4096, 10])
[DEBUG] Targets shape: torch.Size([4096, 1])
[DEBUG] Predictions shape: torch.Size([4096, 10])
[DEBUG] Targets shape: torch.Size([4096, 1])
[DEBUG] Predictions shape: torch.Size([4096, 10])
[DEBUG] Targets shape: torch.Size([4096, 1])
[DEBUG] Predictions shape: torch.Size([4096, 10])
[DEBUG] Targets shape: torch.Size([4096, 1])
[DEBUG] Predictions shape: torch.Size([4096, 10])
[DEBUG] Targets shape: torch.Size([4096, 1])
[DEBUG] Predictions shape: torch.Size([4096, 10])
[DEBUG] Targets shape: torch.Size([4096, 1])
[DEBUG] Predictions shape: torch.Size([4096, 10])
[DEBUG] Targets shape: torch.Size([4096, 1])
[DEBUG] Predictions shape: torch.Size([4096, 10])
[DEBUG] Targets shape: torch.Size([4096, 1])
[DEBUG] Predictions shape: torch.Size([4096, 10])
[DEBUG] Targets shape: torch.Size([4096, 1])
[DEBUG] Predictions shape: torch.Size([4096, 10])
[DEBUG] Targets shape: torch.Size([4096, 1])
[DEBUG] Predictions shape: torch.Size([4096, 10])
[DEBUG] Targets shape: torch.Size([4096, 1])
[DEBUG] Predictions shape: torch.Size([2656, 10])
[DEBUG] Targets shape: torch.Size([2656, 1])
[DEBUG] Predictions shape: torch.Size([4096, 10])
[DEBUG] Targets shape: torch.Size([4096, 1])
[DEBUG] Predictions shape: torch.Size([4096, 10])
[DEBUG] Targets shape: torch.Size([4096, 1])
[DEBUG] Predictions shape: torch.Size([1808, 10])
[DEBUG] Targets shape: torch.Size([1808, 1])
[DEBUG] Writing to CSV - Epoch: 64, Train MSE: 0.016832410100102425, Test MSE: 0.27052975730895995, Train Acc: 0.28833333333333333, Test Acc: 0.33
[DEBUG] Predictions shape: torch.Size([4096, 10])
[DEBUG] Targets shape: torch.Size([4096, 1])
[DEBUG] Predictions shape: torch.Size([4096, 10])
[DEBUG] Targets shape: torch.Size([4096, 1])
[DEBUG] Predictions shape: torch.Size([4096, 10])
[DEBUG] Targets shape: torch.Size([4096, 1])
[DEBUG] Predictions shape: torch.Size([4096, 10])
[DEBUG] Targets shape: torch.Size([4096, 1])
[DEBUG] Predictions shape: torch.Size([4096, 10])
[DEBUG] Targets shape: torch.Size([4096, 1])
[DEBUG] Predictions shape: torch.Size([4096, 10])
[DEBUG] Targets shape: torch.Size([4096, 1])
[DEBUG] Predictions shape: torch.Size([4096, 10])
[DEBUG] Targets shape: torch.Size([4096, 1])
[DEBUG] Predictions shape: torch.Size([4096, 10])
[DEBUG] Targets shape: torch.Size([4096, 1])
[DEBUG] Predictions shape: torch.Size([4096, 10])
[DEBUG] Targets shape: torch.Size([4096, 1])
[DEBUG] Predictions shape: torch.Size([4096, 10])
[DEBUG] Targets shape: torch.Size([4096, 1])
[DEBUG] Predictions shape: torch.Size([4096, 10])
[DEBUG] Targets shape: torch.Size([4096, 1])
[DEBUG] Predictions shape: torch.Size([4096, 10])
[DEBUG] Targets shape: torch.Size([4096, 1])
[DEBUG] Predictions shape: torch.Size([4096, 10])
[DEBUG] Targets shape: torch.Size([4096, 1])
[DEBUG] Predictions shape: torch.Size([4096, 10])
[DEBUG] Targets shape: torch.Size([4096, 1])
[DEBUG] Predictions shape: torch.Size([2656, 10])
[DEBUG] Targets shape: torch.Size([2656, 1])
[DEBUG] Predictions shape: torch.Size([4096, 10])
[DEBUG] Targets shape: torch.Size([4096, 1])
[DEBUG] Predictions shape: torch.Size([4096, 10])
[DEBUG] Targets shape: torch.Size([4096, 1])
[DEBUG] Predictions shape: torch.Size([1808, 10])
[DEBUG] Targets shape: torch.Size([1808, 1])
[DEBUG] Writing to CSV - Epoch: 65, Train MSE: 0.036638567303617794, Test MSE: 0.36353307421207426, Train Acc: 8.76, Test Acc: 8.64
[Epoch 65] train_mse=0.036639  test_mse=0.363533
[DEBUG] Predictions shape: torch.Size([4096, 10])
[DEBUG] Targets shape: torch.Size([4096, 1])
[DEBUG] Predictions shape: torch.Size([4096, 10])
[DEBUG] Targets shape: torch.Size([4096, 1])
[DEBUG] Predictions shape: torch.Size([4096, 10])
[DEBUG] Targets shape: torch.Size([4096, 1])
[DEBUG] Predictions shape: torch.Size([4096, 10])
[DEBUG] Targets shape: torch.Size([4096, 1])
[DEBUG] Predictions shape: torch.Size([4096, 10])
[DEBUG] Targets shape: torch.Size([4096, 1])
[DEBUG] Predictions shape: torch.Size([4096, 10])
[DEBUG] Targets shape: torch.Size([4096, 1])
[DEBUG] Predictions shape: torch.Size([4096, 10])
[DEBUG] Targets shape: torch.Size([4096, 1])
[DEBUG] Predictions shape: torch.Size([4096, 10])
[DEBUG] Targets shape: torch.Size([4096, 1])
[DEBUG] Predictions shape: torch.Size([4096, 10])
[DEBUG] Targets shape: torch.Size([4096, 1])
[DEBUG] Predictions shape: torch.Size([4096, 10])
[DEBUG] Targets shape: torch.Size([4096, 1])
[DEBUG] Predictions shape: torch.Size([4096, 10])
[DEBUG] Targets shape: torch.Size([4096, 1])
[DEBUG] Predictions shape: torch.Size([4096, 10])
[DEBUG] Targets shape: torch.Size([4096, 1])
[DEBUG] Predictions shape: torch.Size([4096, 10])
[DEBUG] Targets shape: torch.Size([4096, 1])
[DEBUG] Predictions shape: torch.Size([4096, 10])
[DEBUG] Targets shape: torch.Size([4096, 1])
[DEBUG] Predictions shape: torch.Size([2656, 10])
[DEBUG] Targets shape: torch.Size([2656, 1])
[DEBUG] Predictions shape: torch.Size([4096, 10])
[DEBUG] Targets shape: torch.Size([4096, 1])
[DEBUG] Predictions shape: torch.Size([4096, 10])
[DEBUG] Targets shape: torch.Size([4096, 1])
[DEBUG] Predictions shape: torch.Size([1808, 10])
[DEBUG] Targets shape: torch.Size([1808, 1])
[DEBUG] Writing to CSV - Epoch: 66, Train MSE: 0.011121860647698243, Test MSE: 0.2719129976272583, Train Acc: 2.255, Test Acc: 2.33
[DEBUG] Predictions shape: torch.Size([4096, 10])
[DEBUG] Targets shape: torch.Size([4096, 1])
[DEBUG] Predictions shape: torch.Size([4096, 10])
[DEBUG] Targets shape: torch.Size([4096, 1])
[DEBUG] Predictions shape: torch.Size([4096, 10])
[DEBUG] Targets shape: torch.Size([4096, 1])
[DEBUG] Predictions shape: torch.Size([4096, 10])
[DEBUG] Targets shape: torch.Size([4096, 1])
[DEBUG] Predictions shape: torch.Size([4096, 10])
[DEBUG] Targets shape: torch.Size([4096, 1])
[DEBUG] Predictions shape: torch.Size([4096, 10])
[DEBUG] Targets shape: torch.Size([4096, 1])
[DEBUG] Predictions shape: torch.Size([4096, 10])
[DEBUG] Targets shape: torch.Size([4096, 1])
[DEBUG] Predictions shape: torch.Size([4096, 10])
[DEBUG] Targets shape: torch.Size([4096, 1])
[DEBUG] Predictions shape: torch.Size([4096, 10])
[DEBUG] Targets shape: torch.Size([4096, 1])
[DEBUG] Predictions shape: torch.Size([4096, 10])
[DEBUG] Targets shape: torch.Size([4096, 1])
[DEBUG] Predictions shape: torch.Size([4096, 10])
[DEBUG] Targets shape: torch.Size([4096, 1])
[DEBUG] Predictions shape: torch.Size([4096, 10])
[DEBUG] Targets shape: torch.Size([4096, 1])
[DEBUG] Predictions shape: torch.Size([4096, 10])
[DEBUG] Targets shape: torch.Size([4096, 1])
[DEBUG] Predictions shape: torch.Size([4096, 10])
[DEBUG] Targets shape: torch.Size([4096, 1])
[DEBUG] Predictions shape: torch.Size([2656, 10])
[DEBUG] Targets shape: torch.Size([2656, 1])
[DEBUG] Predictions shape: torch.Size([4096, 10])
[DEBUG] Targets shape: torch.Size([4096, 1])
[DEBUG] Predictions shape: torch.Size([4096, 10])
[DEBUG] Targets shape: torch.Size([4096, 1])
[DEBUG] Predictions shape: torch.Size([1808, 10])
[DEBUG] Targets shape: torch.Size([1808, 1])
[DEBUG] Writing to CSV - Epoch: 67, Train MSE: 0.00449690381102264, Test MSE: 0.25836693482398987, Train Acc: 10.635, Test Acc: 10.45
[DEBUG] Predictions shape: torch.Size([4096, 10])
[DEBUG] Targets shape: torch.Size([4096, 1])
[DEBUG] Predictions shape: torch.Size([4096, 10])
[DEBUG] Targets shape: torch.Size([4096, 1])
[DEBUG] Predictions shape: torch.Size([4096, 10])
[DEBUG] Targets shape: torch.Size([4096, 1])
[DEBUG] Predictions shape: torch.Size([4096, 10])
[DEBUG] Targets shape: torch.Size([4096, 1])
[DEBUG] Predictions shape: torch.Size([4096, 10])
[DEBUG] Targets shape: torch.Size([4096, 1])
[DEBUG] Predictions shape: torch.Size([4096, 10])
[DEBUG] Targets shape: torch.Size([4096, 1])
[DEBUG] Predictions shape: torch.Size([4096, 10])
[DEBUG] Targets shape: torch.Size([4096, 1])
[DEBUG] Predictions shape: torch.Size([4096, 10])
[DEBUG] Targets shape: torch.Size([4096, 1])
[DEBUG] Predictions shape: torch.Size([4096, 10])
[DEBUG] Targets shape: torch.Size([4096, 1])
[DEBUG] Predictions shape: torch.Size([4096, 10])
[DEBUG] Targets shape: torch.Size([4096, 1])
[DEBUG] Predictions shape: torch.Size([4096, 10])
[DEBUG] Targets shape: torch.Size([4096, 1])
[DEBUG] Predictions shape: torch.Size([4096, 10])
[DEBUG] Targets shape: torch.Size([4096, 1])
[DEBUG] Predictions shape: torch.Size([4096, 10])
[DEBUG] Targets shape: torch.Size([4096, 1])
[DEBUG] Predictions shape: torch.Size([4096, 10])
[DEBUG] Targets shape: torch.Size([4096, 1])
[DEBUG] Predictions shape: torch.Size([2656, 10])
[DEBUG] Targets shape: torch.Size([2656, 1])
[DEBUG] Predictions shape: torch.Size([4096, 10])
[DEBUG] Targets shape: torch.Size([4096, 1])
[DEBUG] Predictions shape: torch.Size([4096, 10])
[DEBUG] Targets shape: torch.Size([4096, 1])
[DEBUG] Predictions shape: torch.Size([1808, 10])
[DEBUG] Targets shape: torch.Size([1808, 1])
[DEBUG] Writing to CSV - Epoch: 68, Train MSE: 0.0049496112729112305, Test MSE: 0.2558947927951813, Train Acc: 5.441666666666666, Test Acc: 5.51
[DEBUG] Predictions shape: torch.Size([4096, 10])
[DEBUG] Targets shape: torch.Size([4096, 1])
[DEBUG] Predictions shape: torch.Size([4096, 10])
[DEBUG] Targets shape: torch.Size([4096, 1])
[DEBUG] Predictions shape: torch.Size([4096, 10])
[DEBUG] Targets shape: torch.Size([4096, 1])
[DEBUG] Predictions shape: torch.Size([4096, 10])
[DEBUG] Targets shape: torch.Size([4096, 1])
[DEBUG] Predictions shape: torch.Size([4096, 10])
[DEBUG] Targets shape: torch.Size([4096, 1])
[DEBUG] Predictions shape: torch.Size([4096, 10])
[DEBUG] Targets shape: torch.Size([4096, 1])
[DEBUG] Predictions shape: torch.Size([4096, 10])
[DEBUG] Targets shape: torch.Size([4096, 1])
[DEBUG] Predictions shape: torch.Size([4096, 10])
[DEBUG] Targets shape: torch.Size([4096, 1])
[DEBUG] Predictions shape: torch.Size([4096, 10])
[DEBUG] Targets shape: torch.Size([4096, 1])
[DEBUG] Predictions shape: torch.Size([4096, 10])
[DEBUG] Targets shape: torch.Size([4096, 1])
[DEBUG] Predictions shape: torch.Size([4096, 10])
[DEBUG] Targets shape: torch.Size([4096, 1])
[DEBUG] Predictions shape: torch.Size([4096, 10])
[DEBUG] Targets shape: torch.Size([4096, 1])
[DEBUG] Predictions shape: torch.Size([4096, 10])
[DEBUG] Targets shape: torch.Size([4096, 1])
[DEBUG] Predictions shape: torch.Size([4096, 10])
[DEBUG] Targets shape: torch.Size([4096, 1])
[DEBUG] Predictions shape: torch.Size([2656, 10])
[DEBUG] Targets shape: torch.Size([2656, 1])
[DEBUG] Predictions shape: torch.Size([4096, 10])
[DEBUG] Targets shape: torch.Size([4096, 1])
[DEBUG] Predictions shape: torch.Size([4096, 10])
[DEBUG] Targets shape: torch.Size([4096, 1])
[DEBUG] Predictions shape: torch.Size([1808, 10])
[DEBUG] Targets shape: torch.Size([1808, 1])
[DEBUG] Writing to CSV - Epoch: 69, Train MSE: 0.0040552210809042056, Test MSE: 0.2581195039272308, Train Acc: 6.001666666666667, Test Acc: 5.72
[DEBUG] Predictions shape: torch.Size([4096, 10])
[DEBUG] Targets shape: torch.Size([4096, 1])
[DEBUG] Predictions shape: torch.Size([4096, 10])
[DEBUG] Targets shape: torch.Size([4096, 1])
[DEBUG] Predictions shape: torch.Size([4096, 10])
[DEBUG] Targets shape: torch.Size([4096, 1])
[DEBUG] Predictions shape: torch.Size([4096, 10])
[DEBUG] Targets shape: torch.Size([4096, 1])
[DEBUG] Predictions shape: torch.Size([4096, 10])
[DEBUG] Targets shape: torch.Size([4096, 1])
[DEBUG] Predictions shape: torch.Size([4096, 10])
[DEBUG] Targets shape: torch.Size([4096, 1])
[DEBUG] Predictions shape: torch.Size([4096, 10])
[DEBUG] Targets shape: torch.Size([4096, 1])
[DEBUG] Predictions shape: torch.Size([4096, 10])
[DEBUG] Targets shape: torch.Size([4096, 1])
[DEBUG] Predictions shape: torch.Size([4096, 10])
[DEBUG] Targets shape: torch.Size([4096, 1])
[DEBUG] Predictions shape: torch.Size([4096, 10])
[DEBUG] Targets shape: torch.Size([4096, 1])
[DEBUG] Predictions shape: torch.Size([4096, 10])
[DEBUG] Targets shape: torch.Size([4096, 1])
[DEBUG] Predictions shape: torch.Size([4096, 10])
[DEBUG] Targets shape: torch.Size([4096, 1])
[DEBUG] Predictions shape: torch.Size([4096, 10])
[DEBUG] Targets shape: torch.Size([4096, 1])
[DEBUG] Predictions shape: torch.Size([4096, 10])
[DEBUG] Targets shape: torch.Size([4096, 1])
[DEBUG] Predictions shape: torch.Size([2656, 10])
[DEBUG] Targets shape: torch.Size([2656, 1])
[DEBUG] Predictions shape: torch.Size([4096, 10])
[DEBUG] Targets shape: torch.Size([4096, 1])
[DEBUG] Predictions shape: torch.Size([4096, 10])
[DEBUG] Targets shape: torch.Size([4096, 1])
[DEBUG] Predictions shape: torch.Size([1808, 10])
[DEBUG] Targets shape: torch.Size([1808, 1])
[DEBUG] Writing to CSV - Epoch: 70, Train MSE: 0.004002816434701284, Test MSE: 0.25314349265098574, Train Acc: 45.62, Test Acc: 45.3
[Epoch 70] train_mse=0.004003  test_mse=0.253143
[DEBUG] Predictions shape: torch.Size([4096, 10])
[DEBUG] Targets shape: torch.Size([4096, 1])
[DEBUG] Predictions shape: torch.Size([4096, 10])
[DEBUG] Targets shape: torch.Size([4096, 1])
[DEBUG] Predictions shape: torch.Size([4096, 10])
[DEBUG] Targets shape: torch.Size([4096, 1])
[DEBUG] Predictions shape: torch.Size([4096, 10])
[DEBUG] Targets shape: torch.Size([4096, 1])
[DEBUG] Predictions shape: torch.Size([4096, 10])
[DEBUG] Targets shape: torch.Size([4096, 1])
[DEBUG] Predictions shape: torch.Size([4096, 10])
[DEBUG] Targets shape: torch.Size([4096, 1])
[DEBUG] Predictions shape: torch.Size([4096, 10])
[DEBUG] Targets shape: torch.Size([4096, 1])
[DEBUG] Predictions shape: torch.Size([4096, 10])
[DEBUG] Targets shape: torch.Size([4096, 1])
[DEBUG] Predictions shape: torch.Size([4096, 10])
[DEBUG] Targets shape: torch.Size([4096, 1])
[DEBUG] Predictions shape: torch.Size([4096, 10])
[DEBUG] Targets shape: torch.Size([4096, 1])
[DEBUG] Predictions shape: torch.Size([4096, 10])
[DEBUG] Targets shape: torch.Size([4096, 1])
[DEBUG] Predictions shape: torch.Size([4096, 10])
[DEBUG] Targets shape: torch.Size([4096, 1])
[DEBUG] Predictions shape: torch.Size([4096, 10])
[DEBUG] Targets shape: torch.Size([4096, 1])
[DEBUG] Predictions shape: torch.Size([4096, 10])
[DEBUG] Targets shape: torch.Size([4096, 1])
[DEBUG] Predictions shape: torch.Size([2656, 10])
[DEBUG] Targets shape: torch.Size([2656, 1])
[DEBUG] Predictions shape: torch.Size([4096, 10])
[DEBUG] Targets shape: torch.Size([4096, 1])
[DEBUG] Predictions shape: torch.Size([4096, 10])
[DEBUG] Targets shape: torch.Size([4096, 1])
[DEBUG] Predictions shape: torch.Size([1808, 10])
[DEBUG] Targets shape: torch.Size([1808, 1])
[DEBUG] Writing to CSV - Epoch: 71, Train MSE: 0.0037768220314135154, Test MSE: 0.2560450721025467, Train Acc: 0.45666666666666667, Test Acc: 0.47
[DEBUG] Predictions shape: torch.Size([4096, 10])
[DEBUG] Targets shape: torch.Size([4096, 1])
[DEBUG] Predictions shape: torch.Size([4096, 10])
[DEBUG] Targets shape: torch.Size([4096, 1])
[DEBUG] Predictions shape: torch.Size([4096, 10])
[DEBUG] Targets shape: torch.Size([4096, 1])
[DEBUG] Predictions shape: torch.Size([4096, 10])
[DEBUG] Targets shape: torch.Size([4096, 1])
[DEBUG] Predictions shape: torch.Size([4096, 10])
[DEBUG] Targets shape: torch.Size([4096, 1])
[DEBUG] Predictions shape: torch.Size([4096, 10])
[DEBUG] Targets shape: torch.Size([4096, 1])
[DEBUG] Predictions shape: torch.Size([4096, 10])
[DEBUG] Targets shape: torch.Size([4096, 1])
[DEBUG] Predictions shape: torch.Size([4096, 10])
[DEBUG] Targets shape: torch.Size([4096, 1])
[DEBUG] Predictions shape: torch.Size([4096, 10])
[DEBUG] Targets shape: torch.Size([4096, 1])
[DEBUG] Predictions shape: torch.Size([4096, 10])
[DEBUG] Targets shape: torch.Size([4096, 1])
[DEBUG] Predictions shape: torch.Size([4096, 10])
[DEBUG] Targets shape: torch.Size([4096, 1])
[DEBUG] Predictions shape: torch.Size([4096, 10])
[DEBUG] Targets shape: torch.Size([4096, 1])
[DEBUG] Predictions shape: torch.Size([4096, 10])
[DEBUG] Targets shape: torch.Size([4096, 1])
[DEBUG] Predictions shape: torch.Size([4096, 10])
[DEBUG] Targets shape: torch.Size([4096, 1])
[DEBUG] Predictions shape: torch.Size([2656, 10])
[DEBUG] Targets shape: torch.Size([2656, 1])
[DEBUG] Predictions shape: torch.Size([4096, 10])
[DEBUG] Targets shape: torch.Size([4096, 1])
[DEBUG] Predictions shape: torch.Size([4096, 10])
[DEBUG] Targets shape: torch.Size([4096, 1])
[DEBUG] Predictions shape: torch.Size([1808, 10])
[DEBUG] Targets shape: torch.Size([1808, 1])
[DEBUG] Writing to CSV - Epoch: 72, Train MSE: 0.0037748214116940897, Test MSE: 0.2546578780412674, Train Acc: 4.668333333333333, Test Acc: 4.94
[DEBUG] Predictions shape: torch.Size([4096, 10])
[DEBUG] Targets shape: torch.Size([4096, 1])
[DEBUG] Predictions shape: torch.Size([4096, 10])
[DEBUG] Targets shape: torch.Size([4096, 1])
[DEBUG] Predictions shape: torch.Size([4096, 10])
[DEBUG] Targets shape: torch.Size([4096, 1])
[DEBUG] Predictions shape: torch.Size([4096, 10])
[DEBUG] Targets shape: torch.Size([4096, 1])
[DEBUG] Predictions shape: torch.Size([4096, 10])
[DEBUG] Targets shape: torch.Size([4096, 1])
[DEBUG] Predictions shape: torch.Size([4096, 10])
[DEBUG] Targets shape: torch.Size([4096, 1])
[DEBUG] Predictions shape: torch.Size([4096, 10])
[DEBUG] Targets shape: torch.Size([4096, 1])
[DEBUG] Predictions shape: torch.Size([4096, 10])
[DEBUG] Targets shape: torch.Size([4096, 1])
[DEBUG] Predictions shape: torch.Size([4096, 10])
[DEBUG] Targets shape: torch.Size([4096, 1])
[DEBUG] Predictions shape: torch.Size([4096, 10])
[DEBUG] Targets shape: torch.Size([4096, 1])
[DEBUG] Predictions shape: torch.Size([4096, 10])
[DEBUG] Targets shape: torch.Size([4096, 1])
[DEBUG] Predictions shape: torch.Size([4096, 10])
[DEBUG] Targets shape: torch.Size([4096, 1])
[DEBUG] Predictions shape: torch.Size([4096, 10])
[DEBUG] Targets shape: torch.Size([4096, 1])
[DEBUG] Predictions shape: torch.Size([4096, 10])
[DEBUG] Targets shape: torch.Size([4096, 1])
[DEBUG] Predictions shape: torch.Size([2656, 10])
[DEBUG] Targets shape: torch.Size([2656, 1])
[DEBUG] Predictions shape: torch.Size([4096, 10])
[DEBUG] Targets shape: torch.Size([4096, 1])
[DEBUG] Predictions shape: torch.Size([4096, 10])
[DEBUG] Targets shape: torch.Size([4096, 1])
[DEBUG] Predictions shape: torch.Size([1808, 10])
[DEBUG] Targets shape: torch.Size([1808, 1])
[DEBUG] Writing to CSV - Epoch: 73, Train MSE: 0.07777772451639176, Test MSE: 0.39713920855522156, Train Acc: 1.405, Test Acc: 1.53
[DEBUG] Predictions shape: torch.Size([4096, 10])
[DEBUG] Targets shape: torch.Size([4096, 1])
[DEBUG] Predictions shape: torch.Size([4096, 10])
[DEBUG] Targets shape: torch.Size([4096, 1])
[DEBUG] Predictions shape: torch.Size([4096, 10])
[DEBUG] Targets shape: torch.Size([4096, 1])
[DEBUG] Predictions shape: torch.Size([4096, 10])
[DEBUG] Targets shape: torch.Size([4096, 1])
[DEBUG] Predictions shape: torch.Size([4096, 10])
[DEBUG] Targets shape: torch.Size([4096, 1])
[DEBUG] Predictions shape: torch.Size([4096, 10])
[DEBUG] Targets shape: torch.Size([4096, 1])
[DEBUG] Predictions shape: torch.Size([4096, 10])
[DEBUG] Targets shape: torch.Size([4096, 1])
[DEBUG] Predictions shape: torch.Size([4096, 10])
[DEBUG] Targets shape: torch.Size([4096, 1])
[DEBUG] Predictions shape: torch.Size([4096, 10])
[DEBUG] Targets shape: torch.Size([4096, 1])
[DEBUG] Predictions shape: torch.Size([4096, 10])
[DEBUG] Targets shape: torch.Size([4096, 1])
[DEBUG] Predictions shape: torch.Size([4096, 10])
[DEBUG] Targets shape: torch.Size([4096, 1])
[DEBUG] Predictions shape: torch.Size([4096, 10])
[DEBUG] Targets shape: torch.Size([4096, 1])
[DEBUG] Predictions shape: torch.Size([4096, 10])
[DEBUG] Targets shape: torch.Size([4096, 1])
[DEBUG] Predictions shape: torch.Size([4096, 10])
[DEBUG] Targets shape: torch.Size([4096, 1])
[DEBUG] Predictions shape: torch.Size([2656, 10])
[DEBUG] Targets shape: torch.Size([2656, 1])
[DEBUG] Predictions shape: torch.Size([4096, 10])
[DEBUG] Targets shape: torch.Size([4096, 1])
[DEBUG] Predictions shape: torch.Size([4096, 10])
[DEBUG] Targets shape: torch.Size([4096, 1])
[DEBUG] Predictions shape: torch.Size([1808, 10])
[DEBUG] Targets shape: torch.Size([1808, 1])
[DEBUG] Writing to CSV - Epoch: 74, Train MSE: 0.046290521649519606, Test MSE: 0.314303440451622, Train Acc: 6.783333333333333, Test Acc: 7.58
[DEBUG] Predictions shape: torch.Size([4096, 10])
[DEBUG] Targets shape: torch.Size([4096, 1])
[DEBUG] Predictions shape: torch.Size([4096, 10])
[DEBUG] Targets shape: torch.Size([4096, 1])
[DEBUG] Predictions shape: torch.Size([4096, 10])
[DEBUG] Targets shape: torch.Size([4096, 1])
[DEBUG] Predictions shape: torch.Size([4096, 10])
[DEBUG] Targets shape: torch.Size([4096, 1])
[DEBUG] Predictions shape: torch.Size([4096, 10])
[DEBUG] Targets shape: torch.Size([4096, 1])
[DEBUG] Predictions shape: torch.Size([4096, 10])
[DEBUG] Targets shape: torch.Size([4096, 1])
[DEBUG] Predictions shape: torch.Size([4096, 10])
[DEBUG] Targets shape: torch.Size([4096, 1])
[DEBUG] Predictions shape: torch.Size([4096, 10])
[DEBUG] Targets shape: torch.Size([4096, 1])
[DEBUG] Predictions shape: torch.Size([4096, 10])
[DEBUG] Targets shape: torch.Size([4096, 1])
[DEBUG] Predictions shape: torch.Size([4096, 10])
[DEBUG] Targets shape: torch.Size([4096, 1])
[DEBUG] Predictions shape: torch.Size([4096, 10])
[DEBUG] Targets shape: torch.Size([4096, 1])
[DEBUG] Predictions shape: torch.Size([4096, 10])
[DEBUG] Targets shape: torch.Size([4096, 1])
[DEBUG] Predictions shape: torch.Size([4096, 10])
[DEBUG] Targets shape: torch.Size([4096, 1])
[DEBUG] Predictions shape: torch.Size([4096, 10])
[DEBUG] Targets shape: torch.Size([4096, 1])
[DEBUG] Predictions shape: torch.Size([2656, 10])
[DEBUG] Targets shape: torch.Size([2656, 1])
[DEBUG] Predictions shape: torch.Size([4096, 10])
[DEBUG] Targets shape: torch.Size([4096, 1])
[DEBUG] Predictions shape: torch.Size([4096, 10])
[DEBUG] Targets shape: torch.Size([4096, 1])
[DEBUG] Predictions shape: torch.Size([1808, 10])
[DEBUG] Targets shape: torch.Size([1808, 1])
[DEBUG] Writing to CSV - Epoch: 75, Train MSE: 0.024752541744709016, Test MSE: 0.30206626574993134, Train Acc: 9.908333333333333, Test Acc: 9.47
[Epoch 75] train_mse=0.024753  test_mse=0.302066
[DEBUG] Predictions shape: torch.Size([4096, 10])
[DEBUG] Targets shape: torch.Size([4096, 1])
[DEBUG] Predictions shape: torch.Size([4096, 10])
[DEBUG] Targets shape: torch.Size([4096, 1])
[DEBUG] Predictions shape: torch.Size([4096, 10])
[DEBUG] Targets shape: torch.Size([4096, 1])
[DEBUG] Predictions shape: torch.Size([4096, 10])
[DEBUG] Targets shape: torch.Size([4096, 1])
[DEBUG] Predictions shape: torch.Size([4096, 10])
[DEBUG] Targets shape: torch.Size([4096, 1])
[DEBUG] Predictions shape: torch.Size([4096, 10])
[DEBUG] Targets shape: torch.Size([4096, 1])
[DEBUG] Predictions shape: torch.Size([4096, 10])
[DEBUG] Targets shape: torch.Size([4096, 1])
[DEBUG] Predictions shape: torch.Size([4096, 10])
[DEBUG] Targets shape: torch.Size([4096, 1])
[DEBUG] Predictions shape: torch.Size([4096, 10])
[DEBUG] Targets shape: torch.Size([4096, 1])
[DEBUG] Predictions shape: torch.Size([4096, 10])
[DEBUG] Targets shape: torch.Size([4096, 1])
[DEBUG] Predictions shape: torch.Size([4096, 10])
[DEBUG] Targets shape: torch.Size([4096, 1])
[DEBUG] Predictions shape: torch.Size([4096, 10])
[DEBUG] Targets shape: torch.Size([4096, 1])
[DEBUG] Predictions shape: torch.Size([4096, 10])
[DEBUG] Targets shape: torch.Size([4096, 1])
[DEBUG] Predictions shape: torch.Size([4096, 10])
[DEBUG] Targets shape: torch.Size([4096, 1])
[DEBUG] Predictions shape: torch.Size([2656, 10])
[DEBUG] Targets shape: torch.Size([2656, 1])
[DEBUG] Predictions shape: torch.Size([4096, 10])
[DEBUG] Targets shape: torch.Size([4096, 1])
[DEBUG] Predictions shape: torch.Size([4096, 10])
[DEBUG] Targets shape: torch.Size([4096, 1])
[DEBUG] Predictions shape: torch.Size([1808, 10])
[DEBUG] Targets shape: torch.Size([1808, 1])
[DEBUG] Writing to CSV - Epoch: 76, Train MSE: 0.015894774342576662, Test MSE: 0.29117810945510864, Train Acc: 12.09, Test Acc: 12.05
[DEBUG] Predictions shape: torch.Size([4096, 10])
[DEBUG] Targets shape: torch.Size([4096, 1])
[DEBUG] Predictions shape: torch.Size([4096, 10])
[DEBUG] Targets shape: torch.Size([4096, 1])
[DEBUG] Predictions shape: torch.Size([4096, 10])
[DEBUG] Targets shape: torch.Size([4096, 1])
[DEBUG] Predictions shape: torch.Size([4096, 10])
[DEBUG] Targets shape: torch.Size([4096, 1])
[DEBUG] Predictions shape: torch.Size([4096, 10])
[DEBUG] Targets shape: torch.Size([4096, 1])
[DEBUG] Predictions shape: torch.Size([4096, 10])
[DEBUG] Targets shape: torch.Size([4096, 1])
[DEBUG] Predictions shape: torch.Size([4096, 10])
[DEBUG] Targets shape: torch.Size([4096, 1])
[DEBUG] Predictions shape: torch.Size([4096, 10])
[DEBUG] Targets shape: torch.Size([4096, 1])
[DEBUG] Predictions shape: torch.Size([4096, 10])
[DEBUG] Targets shape: torch.Size([4096, 1])
[DEBUG] Predictions shape: torch.Size([4096, 10])
[DEBUG] Targets shape: torch.Size([4096, 1])
[DEBUG] Predictions shape: torch.Size([4096, 10])
[DEBUG] Targets shape: torch.Size([4096, 1])
[DEBUG] Predictions shape: torch.Size([4096, 10])
[DEBUG] Targets shape: torch.Size([4096, 1])
[DEBUG] Predictions shape: torch.Size([4096, 10])
[DEBUG] Targets shape: torch.Size([4096, 1])
[DEBUG] Predictions shape: torch.Size([4096, 10])
[DEBUG] Targets shape: torch.Size([4096, 1])
[DEBUG] Predictions shape: torch.Size([2656, 10])
[DEBUG] Targets shape: torch.Size([2656, 1])
[DEBUG] Predictions shape: torch.Size([4096, 10])
[DEBUG] Targets shape: torch.Size([4096, 1])
[DEBUG] Predictions shape: torch.Size([4096, 10])
[DEBUG] Targets shape: torch.Size([4096, 1])
[DEBUG] Predictions shape: torch.Size([1808, 10])
[DEBUG] Targets shape: torch.Size([1808, 1])
[DEBUG] Writing to CSV - Epoch: 77, Train MSE: 0.010235506641368072, Test MSE: 0.2756736701965332, Train Acc: 2.6933333333333334, Test Acc: 2.65
[DEBUG] Predictions shape: torch.Size([4096, 10])
[DEBUG] Targets shape: torch.Size([4096, 1])
[DEBUG] Predictions shape: torch.Size([4096, 10])
[DEBUG] Targets shape: torch.Size([4096, 1])
[DEBUG] Predictions shape: torch.Size([4096, 10])
[DEBUG] Targets shape: torch.Size([4096, 1])
[DEBUG] Predictions shape: torch.Size([4096, 10])
[DEBUG] Targets shape: torch.Size([4096, 1])
[DEBUG] Predictions shape: torch.Size([4096, 10])
[DEBUG] Targets shape: torch.Size([4096, 1])
[DEBUG] Predictions shape: torch.Size([4096, 10])
[DEBUG] Targets shape: torch.Size([4096, 1])
[DEBUG] Predictions shape: torch.Size([4096, 10])
[DEBUG] Targets shape: torch.Size([4096, 1])
[DEBUG] Predictions shape: torch.Size([4096, 10])
[DEBUG] Targets shape: torch.Size([4096, 1])
[DEBUG] Predictions shape: torch.Size([4096, 10])
[DEBUG] Targets shape: torch.Size([4096, 1])
[DEBUG] Predictions shape: torch.Size([4096, 10])
[DEBUG] Targets shape: torch.Size([4096, 1])
[DEBUG] Predictions shape: torch.Size([4096, 10])
[DEBUG] Targets shape: torch.Size([4096, 1])
[DEBUG] Predictions shape: torch.Size([4096, 10])
[DEBUG] Targets shape: torch.Size([4096, 1])
[DEBUG] Predictions shape: torch.Size([4096, 10])
[DEBUG] Targets shape: torch.Size([4096, 1])
[DEBUG] Predictions shape: torch.Size([4096, 10])
[DEBUG] Targets shape: torch.Size([4096, 1])
[DEBUG] Predictions shape: torch.Size([2656, 10])
[DEBUG] Targets shape: torch.Size([2656, 1])
[DEBUG] Predictions shape: torch.Size([4096, 10])
[DEBUG] Targets shape: torch.Size([4096, 1])
[DEBUG] Predictions shape: torch.Size([4096, 10])
[DEBUG] Targets shape: torch.Size([4096, 1])
[DEBUG] Predictions shape: torch.Size([1808, 10])
[DEBUG] Targets shape: torch.Size([1808, 1])
[DEBUG] Writing to CSV - Epoch: 78, Train MSE: 0.0784809928536415, Test MSE: 0.317400576543808, Train Acc: 0.9216666666666666, Test Acc: 1.02
[DEBUG] Predictions shape: torch.Size([4096, 10])
[DEBUG] Targets shape: torch.Size([4096, 1])
[DEBUG] Predictions shape: torch.Size([4096, 10])
[DEBUG] Targets shape: torch.Size([4096, 1])
[DEBUG] Predictions shape: torch.Size([4096, 10])
[DEBUG] Targets shape: torch.Size([4096, 1])
[DEBUG] Predictions shape: torch.Size([4096, 10])
[DEBUG] Targets shape: torch.Size([4096, 1])
[DEBUG] Predictions shape: torch.Size([4096, 10])
[DEBUG] Targets shape: torch.Size([4096, 1])
[DEBUG] Predictions shape: torch.Size([4096, 10])
[DEBUG] Targets shape: torch.Size([4096, 1])
[DEBUG] Predictions shape: torch.Size([4096, 10])
[DEBUG] Targets shape: torch.Size([4096, 1])
[DEBUG] Predictions shape: torch.Size([4096, 10])
[DEBUG] Targets shape: torch.Size([4096, 1])
[DEBUG] Predictions shape: torch.Size([4096, 10])
[DEBUG] Targets shape: torch.Size([4096, 1])
[DEBUG] Predictions shape: torch.Size([4096, 10])
[DEBUG] Targets shape: torch.Size([4096, 1])
[DEBUG] Predictions shape: torch.Size([4096, 10])
[DEBUG] Targets shape: torch.Size([4096, 1])
[DEBUG] Predictions shape: torch.Size([4096, 10])
[DEBUG] Targets shape: torch.Size([4096, 1])
[DEBUG] Predictions shape: torch.Size([4096, 10])
[DEBUG] Targets shape: torch.Size([4096, 1])
[DEBUG] Predictions shape: torch.Size([4096, 10])
[DEBUG] Targets shape: torch.Size([4096, 1])
[DEBUG] Predictions shape: torch.Size([2656, 10])
[DEBUG] Targets shape: torch.Size([2656, 1])
[DEBUG] Predictions shape: torch.Size([4096, 10])
[DEBUG] Targets shape: torch.Size([4096, 1])
[DEBUG] Predictions shape: torch.Size([4096, 10])
[DEBUG] Targets shape: torch.Size([4096, 1])
[DEBUG] Predictions shape: torch.Size([1808, 10])
[DEBUG] Targets shape: torch.Size([1808, 1])
[DEBUG] Writing to CSV - Epoch: 79, Train MSE: 0.024352772510051728, Test MSE: 0.33095639152526857, Train Acc: 18.436666666666667, Test Acc: 18.99
[DEBUG] Predictions shape: torch.Size([4096, 10])
[DEBUG] Targets shape: torch.Size([4096, 1])
[DEBUG] Predictions shape: torch.Size([4096, 10])
[DEBUG] Targets shape: torch.Size([4096, 1])
[DEBUG] Predictions shape: torch.Size([4096, 10])
[DEBUG] Targets shape: torch.Size([4096, 1])
[DEBUG] Predictions shape: torch.Size([4096, 10])
[DEBUG] Targets shape: torch.Size([4096, 1])
[DEBUG] Predictions shape: torch.Size([4096, 10])
[DEBUG] Targets shape: torch.Size([4096, 1])
[DEBUG] Predictions shape: torch.Size([4096, 10])
[DEBUG] Targets shape: torch.Size([4096, 1])
[DEBUG] Predictions shape: torch.Size([4096, 10])
[DEBUG] Targets shape: torch.Size([4096, 1])
[DEBUG] Predictions shape: torch.Size([4096, 10])
[DEBUG] Targets shape: torch.Size([4096, 1])
[DEBUG] Predictions shape: torch.Size([4096, 10])
[DEBUG] Targets shape: torch.Size([4096, 1])
[DEBUG] Predictions shape: torch.Size([4096, 10])
[DEBUG] Targets shape: torch.Size([4096, 1])
[DEBUG] Predictions shape: torch.Size([4096, 10])
[DEBUG] Targets shape: torch.Size([4096, 1])
[DEBUG] Predictions shape: torch.Size([4096, 10])
[DEBUG] Targets shape: torch.Size([4096, 1])
[DEBUG] Predictions shape: torch.Size([4096, 10])
[DEBUG] Targets shape: torch.Size([4096, 1])
[DEBUG] Predictions shape: torch.Size([4096, 10])
[DEBUG] Targets shape: torch.Size([4096, 1])
[DEBUG] Predictions shape: torch.Size([2656, 10])
[DEBUG] Targets shape: torch.Size([2656, 1])
[DEBUG] Predictions shape: torch.Size([4096, 10])
[DEBUG] Targets shape: torch.Size([4096, 1])
[DEBUG] Predictions shape: torch.Size([4096, 10])
[DEBUG] Targets shape: torch.Size([4096, 1])
[DEBUG] Predictions shape: torch.Size([1808, 10])
[DEBUG] Targets shape: torch.Size([1808, 1])
[DEBUG] Writing to CSV - Epoch: 80, Train MSE: 0.011574439080556234, Test MSE: 0.29461162116527556, Train Acc: 4.355, Test Acc: 4.18
[Epoch 80] train_mse=0.011574  test_mse=0.294612
[DEBUG] Predictions shape: torch.Size([4096, 10])
[DEBUG] Targets shape: torch.Size([4096, 1])
[DEBUG] Predictions shape: torch.Size([4096, 10])
[DEBUG] Targets shape: torch.Size([4096, 1])
[DEBUG] Predictions shape: torch.Size([4096, 10])
[DEBUG] Targets shape: torch.Size([4096, 1])
[DEBUG] Predictions shape: torch.Size([4096, 10])
[DEBUG] Targets shape: torch.Size([4096, 1])
[DEBUG] Predictions shape: torch.Size([4096, 10])
[DEBUG] Targets shape: torch.Size([4096, 1])
[DEBUG] Predictions shape: torch.Size([4096, 10])
[DEBUG] Targets shape: torch.Size([4096, 1])
[DEBUG] Predictions shape: torch.Size([4096, 10])
[DEBUG] Targets shape: torch.Size([4096, 1])
[DEBUG] Predictions shape: torch.Size([4096, 10])
[DEBUG] Targets shape: torch.Size([4096, 1])
[DEBUG] Predictions shape: torch.Size([4096, 10])
[DEBUG] Targets shape: torch.Size([4096, 1])
[DEBUG] Predictions shape: torch.Size([4096, 10])
[DEBUG] Targets shape: torch.Size([4096, 1])
[DEBUG] Predictions shape: torch.Size([4096, 10])
[DEBUG] Targets shape: torch.Size([4096, 1])
[DEBUG] Predictions shape: torch.Size([4096, 10])
[DEBUG] Targets shape: torch.Size([4096, 1])
[DEBUG] Predictions shape: torch.Size([4096, 10])
[DEBUG] Targets shape: torch.Size([4096, 1])
[DEBUG] Predictions shape: torch.Size([4096, 10])
[DEBUG] Targets shape: torch.Size([4096, 1])
[DEBUG] Predictions shape: torch.Size([2656, 10])
[DEBUG] Targets shape: torch.Size([2656, 1])
[DEBUG] Predictions shape: torch.Size([4096, 10])
[DEBUG] Targets shape: torch.Size([4096, 1])
[DEBUG] Predictions shape: torch.Size([4096, 10])
[DEBUG] Targets shape: torch.Size([4096, 1])
[DEBUG] Predictions shape: torch.Size([1808, 10])
[DEBUG] Targets shape: torch.Size([1808, 1])
[DEBUG] Writing to CSV - Epoch: 81, Train MSE: 0.0057377485568324725, Test MSE: 0.2501892976284027, Train Acc: 5.136666666666667, Test Acc: 4.79
[DEBUG] Predictions shape: torch.Size([4096, 10])
[DEBUG] Targets shape: torch.Size([4096, 1])
[DEBUG] Predictions shape: torch.Size([4096, 10])
[DEBUG] Targets shape: torch.Size([4096, 1])
[DEBUG] Predictions shape: torch.Size([4096, 10])
[DEBUG] Targets shape: torch.Size([4096, 1])
[DEBUG] Predictions shape: torch.Size([4096, 10])
[DEBUG] Targets shape: torch.Size([4096, 1])
[DEBUG] Predictions shape: torch.Size([4096, 10])
[DEBUG] Targets shape: torch.Size([4096, 1])
[DEBUG] Predictions shape: torch.Size([4096, 10])
[DEBUG] Targets shape: torch.Size([4096, 1])
[DEBUG] Predictions shape: torch.Size([4096, 10])
[DEBUG] Targets shape: torch.Size([4096, 1])
[DEBUG] Predictions shape: torch.Size([4096, 10])
[DEBUG] Targets shape: torch.Size([4096, 1])
[DEBUG] Predictions shape: torch.Size([4096, 10])
[DEBUG] Targets shape: torch.Size([4096, 1])
[DEBUG] Predictions shape: torch.Size([4096, 10])
[DEBUG] Targets shape: torch.Size([4096, 1])
[DEBUG] Predictions shape: torch.Size([4096, 10])
[DEBUG] Targets shape: torch.Size([4096, 1])
[DEBUG] Predictions shape: torch.Size([4096, 10])
[DEBUG] Targets shape: torch.Size([4096, 1])
[DEBUG] Predictions shape: torch.Size([4096, 10])
[DEBUG] Targets shape: torch.Size([4096, 1])
[DEBUG] Predictions shape: torch.Size([4096, 10])
[DEBUG] Targets shape: torch.Size([4096, 1])
[DEBUG] Predictions shape: torch.Size([2656, 10])
[DEBUG] Targets shape: torch.Size([2656, 1])
[DEBUG] Predictions shape: torch.Size([4096, 10])
[DEBUG] Targets shape: torch.Size([4096, 1])
[DEBUG] Predictions shape: torch.Size([4096, 10])
[DEBUG] Targets shape: torch.Size([4096, 1])
[DEBUG] Predictions shape: torch.Size([1808, 10])
[DEBUG] Targets shape: torch.Size([1808, 1])
[DEBUG] Writing to CSV - Epoch: 82, Train MSE: 0.09650308396816254, Test MSE: 0.36694846963882444, Train Acc: 10.7, Test Acc: 10.93
[DEBUG] Predictions shape: torch.Size([4096, 10])
[DEBUG] Targets shape: torch.Size([4096, 1])
[DEBUG] Predictions shape: torch.Size([4096, 10])
[DEBUG] Targets shape: torch.Size([4096, 1])
[DEBUG] Predictions shape: torch.Size([4096, 10])
[DEBUG] Targets shape: torch.Size([4096, 1])
[DEBUG] Predictions shape: torch.Size([4096, 10])
[DEBUG] Targets shape: torch.Size([4096, 1])
[DEBUG] Predictions shape: torch.Size([4096, 10])
[DEBUG] Targets shape: torch.Size([4096, 1])
[DEBUG] Predictions shape: torch.Size([4096, 10])
[DEBUG] Targets shape: torch.Size([4096, 1])
[DEBUG] Predictions shape: torch.Size([4096, 10])
[DEBUG] Targets shape: torch.Size([4096, 1])
[DEBUG] Predictions shape: torch.Size([4096, 10])
[DEBUG] Targets shape: torch.Size([4096, 1])
[DEBUG] Predictions shape: torch.Size([4096, 10])
[DEBUG] Targets shape: torch.Size([4096, 1])
[DEBUG] Predictions shape: torch.Size([4096, 10])
[DEBUG] Targets shape: torch.Size([4096, 1])
[DEBUG] Predictions shape: torch.Size([4096, 10])
[DEBUG] Targets shape: torch.Size([4096, 1])
[DEBUG] Predictions shape: torch.Size([4096, 10])
[DEBUG] Targets shape: torch.Size([4096, 1])
[DEBUG] Predictions shape: torch.Size([4096, 10])
[DEBUG] Targets shape: torch.Size([4096, 1])
[DEBUG] Predictions shape: torch.Size([4096, 10])
[DEBUG] Targets shape: torch.Size([4096, 1])
[DEBUG] Predictions shape: torch.Size([2656, 10])
[DEBUG] Targets shape: torch.Size([2656, 1])
[DEBUG] Predictions shape: torch.Size([4096, 10])
[DEBUG] Targets shape: torch.Size([4096, 1])
[DEBUG] Predictions shape: torch.Size([4096, 10])
[DEBUG] Targets shape: torch.Size([4096, 1])
[DEBUG] Predictions shape: torch.Size([1808, 10])
[DEBUG] Targets shape: torch.Size([1808, 1])
[DEBUG] Writing to CSV - Epoch: 83, Train MSE: 0.022487314943472544, Test MSE: 0.2971035234928131, Train Acc: 2.01, Test Acc: 2.08
[DEBUG] Predictions shape: torch.Size([4096, 10])
[DEBUG] Targets shape: torch.Size([4096, 1])
[DEBUG] Predictions shape: torch.Size([4096, 10])
[DEBUG] Targets shape: torch.Size([4096, 1])
[DEBUG] Predictions shape: torch.Size([4096, 10])
[DEBUG] Targets shape: torch.Size([4096, 1])
[DEBUG] Predictions shape: torch.Size([4096, 10])
[DEBUG] Targets shape: torch.Size([4096, 1])
[DEBUG] Predictions shape: torch.Size([4096, 10])
[DEBUG] Targets shape: torch.Size([4096, 1])
[DEBUG] Predictions shape: torch.Size([4096, 10])
[DEBUG] Targets shape: torch.Size([4096, 1])
[DEBUG] Predictions shape: torch.Size([4096, 10])
[DEBUG] Targets shape: torch.Size([4096, 1])
[DEBUG] Predictions shape: torch.Size([4096, 10])
[DEBUG] Targets shape: torch.Size([4096, 1])
[DEBUG] Predictions shape: torch.Size([4096, 10])
[DEBUG] Targets shape: torch.Size([4096, 1])
[DEBUG] Predictions shape: torch.Size([4096, 10])
[DEBUG] Targets shape: torch.Size([4096, 1])
[DEBUG] Predictions shape: torch.Size([4096, 10])
[DEBUG] Targets shape: torch.Size([4096, 1])
[DEBUG] Predictions shape: torch.Size([4096, 10])
[DEBUG] Targets shape: torch.Size([4096, 1])
[DEBUG] Predictions shape: torch.Size([4096, 10])
[DEBUG] Targets shape: torch.Size([4096, 1])
[DEBUG] Predictions shape: torch.Size([4096, 10])
[DEBUG] Targets shape: torch.Size([4096, 1])
[DEBUG] Predictions shape: torch.Size([2656, 10])
[DEBUG] Targets shape: torch.Size([2656, 1])
[DEBUG] Predictions shape: torch.Size([4096, 10])
[DEBUG] Targets shape: torch.Size([4096, 1])
[DEBUG] Predictions shape: torch.Size([4096, 10])
[DEBUG] Targets shape: torch.Size([4096, 1])
[DEBUG] Predictions shape: torch.Size([1808, 10])
[DEBUG] Targets shape: torch.Size([1808, 1])
[DEBUG] Writing to CSV - Epoch: 84, Train MSE: 0.009677953814963499, Test MSE: 0.27715160286426543, Train Acc: 1.4166666666666667, Test Acc: 1.43
[DEBUG] Predictions shape: torch.Size([4096, 10])
[DEBUG] Targets shape: torch.Size([4096, 1])
[DEBUG] Predictions shape: torch.Size([4096, 10])
[DEBUG] Targets shape: torch.Size([4096, 1])
[DEBUG] Predictions shape: torch.Size([4096, 10])
[DEBUG] Targets shape: torch.Size([4096, 1])
[DEBUG] Predictions shape: torch.Size([4096, 10])
[DEBUG] Targets shape: torch.Size([4096, 1])
[DEBUG] Predictions shape: torch.Size([4096, 10])
[DEBUG] Targets shape: torch.Size([4096, 1])
[DEBUG] Predictions shape: torch.Size([4096, 10])
[DEBUG] Targets shape: torch.Size([4096, 1])
[DEBUG] Predictions shape: torch.Size([4096, 10])
[DEBUG] Targets shape: torch.Size([4096, 1])
[DEBUG] Predictions shape: torch.Size([4096, 10])
[DEBUG] Targets shape: torch.Size([4096, 1])
[DEBUG] Predictions shape: torch.Size([4096, 10])
[DEBUG] Targets shape: torch.Size([4096, 1])
[DEBUG] Predictions shape: torch.Size([4096, 10])
[DEBUG] Targets shape: torch.Size([4096, 1])
[DEBUG] Predictions shape: torch.Size([4096, 10])
[DEBUG] Targets shape: torch.Size([4096, 1])
[DEBUG] Predictions shape: torch.Size([4096, 10])
[DEBUG] Targets shape: torch.Size([4096, 1])
[DEBUG] Predictions shape: torch.Size([4096, 10])
[DEBUG] Targets shape: torch.Size([4096, 1])
[DEBUG] Predictions shape: torch.Size([4096, 10])
[DEBUG] Targets shape: torch.Size([4096, 1])
[DEBUG] Predictions shape: torch.Size([2656, 10])
[DEBUG] Targets shape: torch.Size([2656, 1])
[DEBUG] Predictions shape: torch.Size([4096, 10])
[DEBUG] Targets shape: torch.Size([4096, 1])
[DEBUG] Predictions shape: torch.Size([4096, 10])
[DEBUG] Targets shape: torch.Size([4096, 1])
[DEBUG] Predictions shape: torch.Size([1808, 10])
[DEBUG] Targets shape: torch.Size([1808, 1])
[DEBUG] Writing to CSV - Epoch: 85, Train MSE: 0.021940799740950267, Test MSE: 0.2666484736442566, Train Acc: 6.595, Test Acc: 6.66
[Epoch 85] train_mse=0.021941  test_mse=0.266648
[DEBUG] Predictions shape: torch.Size([4096, 10])
[DEBUG] Targets shape: torch.Size([4096, 1])
[DEBUG] Predictions shape: torch.Size([4096, 10])
[DEBUG] Targets shape: torch.Size([4096, 1])
[DEBUG] Predictions shape: torch.Size([4096, 10])
[DEBUG] Targets shape: torch.Size([4096, 1])
[DEBUG] Predictions shape: torch.Size([4096, 10])
[DEBUG] Targets shape: torch.Size([4096, 1])
[DEBUG] Predictions shape: torch.Size([4096, 10])
[DEBUG] Targets shape: torch.Size([4096, 1])
[DEBUG] Predictions shape: torch.Size([4096, 10])
[DEBUG] Targets shape: torch.Size([4096, 1])
[DEBUG] Predictions shape: torch.Size([4096, 10])
[DEBUG] Targets shape: torch.Size([4096, 1])
[DEBUG] Predictions shape: torch.Size([4096, 10])
[DEBUG] Targets shape: torch.Size([4096, 1])
[DEBUG] Predictions shape: torch.Size([4096, 10])
[DEBUG] Targets shape: torch.Size([4096, 1])
[DEBUG] Predictions shape: torch.Size([4096, 10])
[DEBUG] Targets shape: torch.Size([4096, 1])
[DEBUG] Predictions shape: torch.Size([4096, 10])
[DEBUG] Targets shape: torch.Size([4096, 1])
[DEBUG] Predictions shape: torch.Size([4096, 10])
[DEBUG] Targets shape: torch.Size([4096, 1])
[DEBUG] Predictions shape: torch.Size([4096, 10])
[DEBUG] Targets shape: torch.Size([4096, 1])
[DEBUG] Predictions shape: torch.Size([4096, 10])
[DEBUG] Targets shape: torch.Size([4096, 1])
[DEBUG] Predictions shape: torch.Size([2656, 10])
[DEBUG] Targets shape: torch.Size([2656, 1])
[DEBUG] Predictions shape: torch.Size([4096, 10])
[DEBUG] Targets shape: torch.Size([4096, 1])
[DEBUG] Predictions shape: torch.Size([4096, 10])
[DEBUG] Targets shape: torch.Size([4096, 1])
[DEBUG] Predictions shape: torch.Size([1808, 10])
[DEBUG] Targets shape: torch.Size([1808, 1])
[DEBUG] Writing to CSV - Epoch: 86, Train MSE: 0.01330092123846213, Test MSE: 0.27482544043064117, Train Acc: 15.355, Test Acc: 15.76
[DEBUG] Predictions shape: torch.Size([4096, 10])
[DEBUG] Targets shape: torch.Size([4096, 1])
[DEBUG] Predictions shape: torch.Size([4096, 10])
[DEBUG] Targets shape: torch.Size([4096, 1])
[DEBUG] Predictions shape: torch.Size([4096, 10])
[DEBUG] Targets shape: torch.Size([4096, 1])
[DEBUG] Predictions shape: torch.Size([4096, 10])
[DEBUG] Targets shape: torch.Size([4096, 1])
[DEBUG] Predictions shape: torch.Size([4096, 10])
[DEBUG] Targets shape: torch.Size([4096, 1])
[DEBUG] Predictions shape: torch.Size([4096, 10])
[DEBUG] Targets shape: torch.Size([4096, 1])
[DEBUG] Predictions shape: torch.Size([4096, 10])
[DEBUG] Targets shape: torch.Size([4096, 1])
[DEBUG] Predictions shape: torch.Size([4096, 10])
[DEBUG] Targets shape: torch.Size([4096, 1])
[DEBUG] Predictions shape: torch.Size([4096, 10])
[DEBUG] Targets shape: torch.Size([4096, 1])
[DEBUG] Predictions shape: torch.Size([4096, 10])
[DEBUG] Targets shape: torch.Size([4096, 1])
[DEBUG] Predictions shape: torch.Size([4096, 10])
[DEBUG] Targets shape: torch.Size([4096, 1])
[DEBUG] Predictions shape: torch.Size([4096, 10])
[DEBUG] Targets shape: torch.Size([4096, 1])
[DEBUG] Predictions shape: torch.Size([4096, 10])
[DEBUG] Targets shape: torch.Size([4096, 1])
[DEBUG] Predictions shape: torch.Size([4096, 10])
[DEBUG] Targets shape: torch.Size([4096, 1])
[DEBUG] Predictions shape: torch.Size([2656, 10])
[DEBUG] Targets shape: torch.Size([2656, 1])
[DEBUG] Predictions shape: torch.Size([4096, 10])
[DEBUG] Targets shape: torch.Size([4096, 1])
[DEBUG] Predictions shape: torch.Size([4096, 10])
[DEBUG] Targets shape: torch.Size([4096, 1])
[DEBUG] Predictions shape: torch.Size([1808, 10])
[DEBUG] Targets shape: torch.Size([1808, 1])
[DEBUG] Writing to CSV - Epoch: 87, Train MSE: 0.015375118143856526, Test MSE: 0.2836323830604553, Train Acc: 10.471666666666666, Test Acc: 10.48
[DEBUG] Predictions shape: torch.Size([4096, 10])
[DEBUG] Targets shape: torch.Size([4096, 1])
[DEBUG] Predictions shape: torch.Size([4096, 10])
[DEBUG] Targets shape: torch.Size([4096, 1])
[DEBUG] Predictions shape: torch.Size([4096, 10])
[DEBUG] Targets shape: torch.Size([4096, 1])
[DEBUG] Predictions shape: torch.Size([4096, 10])
[DEBUG] Targets shape: torch.Size([4096, 1])
[DEBUG] Predictions shape: torch.Size([4096, 10])
[DEBUG] Targets shape: torch.Size([4096, 1])
[DEBUG] Predictions shape: torch.Size([4096, 10])
[DEBUG] Targets shape: torch.Size([4096, 1])
[DEBUG] Predictions shape: torch.Size([4096, 10])
[DEBUG] Targets shape: torch.Size([4096, 1])
[DEBUG] Predictions shape: torch.Size([4096, 10])
[DEBUG] Targets shape: torch.Size([4096, 1])
[DEBUG] Predictions shape: torch.Size([4096, 10])
[DEBUG] Targets shape: torch.Size([4096, 1])
[DEBUG] Predictions shape: torch.Size([4096, 10])
[DEBUG] Targets shape: torch.Size([4096, 1])
[DEBUG] Predictions shape: torch.Size([4096, 10])
[DEBUG] Targets shape: torch.Size([4096, 1])
[DEBUG] Predictions shape: torch.Size([4096, 10])
[DEBUG] Targets shape: torch.Size([4096, 1])
[DEBUG] Predictions shape: torch.Size([4096, 10])
[DEBUG] Targets shape: torch.Size([4096, 1])
[DEBUG] Predictions shape: torch.Size([4096, 10])
[DEBUG] Targets shape: torch.Size([4096, 1])
[DEBUG] Predictions shape: torch.Size([2656, 10])
[DEBUG] Targets shape: torch.Size([2656, 1])
[DEBUG] Predictions shape: torch.Size([4096, 10])
[DEBUG] Targets shape: torch.Size([4096, 1])
[DEBUG] Predictions shape: torch.Size([4096, 10])
[DEBUG] Targets shape: torch.Size([4096, 1])
[DEBUG] Predictions shape: torch.Size([1808, 10])
[DEBUG] Targets shape: torch.Size([1808, 1])
[DEBUG] Writing to CSV - Epoch: 88, Train MSE: 0.005694243414700031, Test MSE: 0.2720261753559113, Train Acc: 0.9533333333333334, Test Acc: 0.96
[DEBUG] Predictions shape: torch.Size([4096, 10])
[DEBUG] Targets shape: torch.Size([4096, 1])
[DEBUG] Predictions shape: torch.Size([4096, 10])
[DEBUG] Targets shape: torch.Size([4096, 1])
[DEBUG] Predictions shape: torch.Size([4096, 10])
[DEBUG] Targets shape: torch.Size([4096, 1])
[DEBUG] Predictions shape: torch.Size([4096, 10])
[DEBUG] Targets shape: torch.Size([4096, 1])
[DEBUG] Predictions shape: torch.Size([4096, 10])
[DEBUG] Targets shape: torch.Size([4096, 1])
[DEBUG] Predictions shape: torch.Size([4096, 10])
[DEBUG] Targets shape: torch.Size([4096, 1])
[DEBUG] Predictions shape: torch.Size([4096, 10])
[DEBUG] Targets shape: torch.Size([4096, 1])
[DEBUG] Predictions shape: torch.Size([4096, 10])
[DEBUG] Targets shape: torch.Size([4096, 1])
[DEBUG] Predictions shape: torch.Size([4096, 10])
[DEBUG] Targets shape: torch.Size([4096, 1])
[DEBUG] Predictions shape: torch.Size([4096, 10])
[DEBUG] Targets shape: torch.Size([4096, 1])
[DEBUG] Predictions shape: torch.Size([4096, 10])
[DEBUG] Targets shape: torch.Size([4096, 1])
[DEBUG] Predictions shape: torch.Size([4096, 10])
[DEBUG] Targets shape: torch.Size([4096, 1])
[DEBUG] Predictions shape: torch.Size([4096, 10])
[DEBUG] Targets shape: torch.Size([4096, 1])
[DEBUG] Predictions shape: torch.Size([4096, 10])
[DEBUG] Targets shape: torch.Size([4096, 1])
[DEBUG] Predictions shape: torch.Size([2656, 10])
[DEBUG] Targets shape: torch.Size([2656, 1])
[DEBUG] Predictions shape: torch.Size([4096, 10])
[DEBUG] Targets shape: torch.Size([4096, 1])
[DEBUG] Predictions shape: torch.Size([4096, 10])
[DEBUG] Targets shape: torch.Size([4096, 1])
[DEBUG] Predictions shape: torch.Size([1808, 10])
[DEBUG] Targets shape: torch.Size([1808, 1])
[DEBUG] Writing to CSV - Epoch: 89, Train MSE: 0.0062224419807394345, Test MSE: 0.2695922100782394, Train Acc: 1.49, Test Acc: 1.61
[DEBUG] Predictions shape: torch.Size([4096, 10])
[DEBUG] Targets shape: torch.Size([4096, 1])
[DEBUG] Predictions shape: torch.Size([4096, 10])
[DEBUG] Targets shape: torch.Size([4096, 1])
[DEBUG] Predictions shape: torch.Size([4096, 10])
[DEBUG] Targets shape: torch.Size([4096, 1])
[DEBUG] Predictions shape: torch.Size([4096, 10])
[DEBUG] Targets shape: torch.Size([4096, 1])
[DEBUG] Predictions shape: torch.Size([4096, 10])
[DEBUG] Targets shape: torch.Size([4096, 1])
[DEBUG] Predictions shape: torch.Size([4096, 10])
[DEBUG] Targets shape: torch.Size([4096, 1])
[DEBUG] Predictions shape: torch.Size([4096, 10])
[DEBUG] Targets shape: torch.Size([4096, 1])
[DEBUG] Predictions shape: torch.Size([4096, 10])
[DEBUG] Targets shape: torch.Size([4096, 1])
[DEBUG] Predictions shape: torch.Size([4096, 10])
[DEBUG] Targets shape: torch.Size([4096, 1])
[DEBUG] Predictions shape: torch.Size([4096, 10])
[DEBUG] Targets shape: torch.Size([4096, 1])
[DEBUG] Predictions shape: torch.Size([4096, 10])
[DEBUG] Targets shape: torch.Size([4096, 1])
[DEBUG] Predictions shape: torch.Size([4096, 10])
[DEBUG] Targets shape: torch.Size([4096, 1])
[DEBUG] Predictions shape: torch.Size([4096, 10])
[DEBUG] Targets shape: torch.Size([4096, 1])
[DEBUG] Predictions shape: torch.Size([4096, 10])
[DEBUG] Targets shape: torch.Size([4096, 1])
[DEBUG] Predictions shape: torch.Size([2656, 10])
[DEBUG] Targets shape: torch.Size([2656, 1])
[DEBUG] Predictions shape: torch.Size([4096, 10])
[DEBUG] Targets shape: torch.Size([4096, 1])
[DEBUG] Predictions shape: torch.Size([4096, 10])
[DEBUG] Targets shape: torch.Size([4096, 1])
[DEBUG] Predictions shape: torch.Size([1808, 10])
[DEBUG] Targets shape: torch.Size([1808, 1])
[DEBUG] Writing to CSV - Epoch: 90, Train MSE: 0.0036695152804255486, Test MSE: 0.2782797008752823, Train Acc: 0.8666666666666667, Test Acc: 0.92
[Epoch 90] train_mse=0.003670  test_mse=0.278280
[DEBUG] Predictions shape: torch.Size([4096, 10])
[DEBUG] Targets shape: torch.Size([4096, 1])
[DEBUG] Predictions shape: torch.Size([4096, 10])
[DEBUG] Targets shape: torch.Size([4096, 1])
[DEBUG] Predictions shape: torch.Size([4096, 10])
[DEBUG] Targets shape: torch.Size([4096, 1])
[DEBUG] Predictions shape: torch.Size([4096, 10])
[DEBUG] Targets shape: torch.Size([4096, 1])
[DEBUG] Predictions shape: torch.Size([4096, 10])
[DEBUG] Targets shape: torch.Size([4096, 1])
[DEBUG] Predictions shape: torch.Size([4096, 10])
[DEBUG] Targets shape: torch.Size([4096, 1])
[DEBUG] Predictions shape: torch.Size([4096, 10])
[DEBUG] Targets shape: torch.Size([4096, 1])
[DEBUG] Predictions shape: torch.Size([4096, 10])
[DEBUG] Targets shape: torch.Size([4096, 1])
[DEBUG] Predictions shape: torch.Size([4096, 10])
[DEBUG] Targets shape: torch.Size([4096, 1])
[DEBUG] Predictions shape: torch.Size([4096, 10])
[DEBUG] Targets shape: torch.Size([4096, 1])
[DEBUG] Predictions shape: torch.Size([4096, 10])
[DEBUG] Targets shape: torch.Size([4096, 1])
[DEBUG] Predictions shape: torch.Size([4096, 10])
[DEBUG] Targets shape: torch.Size([4096, 1])
[DEBUG] Predictions shape: torch.Size([4096, 10])
[DEBUG] Targets shape: torch.Size([4096, 1])
[DEBUG] Predictions shape: torch.Size([4096, 10])
[DEBUG] Targets shape: torch.Size([4096, 1])
[DEBUG] Predictions shape: torch.Size([2656, 10])
[DEBUG] Targets shape: torch.Size([2656, 1])
[DEBUG] Predictions shape: torch.Size([4096, 10])
[DEBUG] Targets shape: torch.Size([4096, 1])
[DEBUG] Predictions shape: torch.Size([4096, 10])
[DEBUG] Targets shape: torch.Size([4096, 1])
[DEBUG] Predictions shape: torch.Size([1808, 10])
[DEBUG] Targets shape: torch.Size([1808, 1])
[DEBUG] Writing to CSV - Epoch: 91, Train MSE: 0.0031936868141094845, Test MSE: 0.27313700585365297, Train Acc: 1.6966666666666668, Test Acc: 1.83
[DEBUG] Predictions shape: torch.Size([4096, 10])
[DEBUG] Targets shape: torch.Size([4096, 1])
[DEBUG] Predictions shape: torch.Size([4096, 10])
[DEBUG] Targets shape: torch.Size([4096, 1])
[DEBUG] Predictions shape: torch.Size([4096, 10])
[DEBUG] Targets shape: torch.Size([4096, 1])
[DEBUG] Predictions shape: torch.Size([4096, 10])
[DEBUG] Targets shape: torch.Size([4096, 1])
[DEBUG] Predictions shape: torch.Size([4096, 10])
[DEBUG] Targets shape: torch.Size([4096, 1])
[DEBUG] Predictions shape: torch.Size([4096, 10])
[DEBUG] Targets shape: torch.Size([4096, 1])
[DEBUG] Predictions shape: torch.Size([4096, 10])
[DEBUG] Targets shape: torch.Size([4096, 1])
[DEBUG] Predictions shape: torch.Size([4096, 10])
[DEBUG] Targets shape: torch.Size([4096, 1])
[DEBUG] Predictions shape: torch.Size([4096, 10])
[DEBUG] Targets shape: torch.Size([4096, 1])
[DEBUG] Predictions shape: torch.Size([4096, 10])
[DEBUG] Targets shape: torch.Size([4096, 1])
[DEBUG] Predictions shape: torch.Size([4096, 10])
[DEBUG] Targets shape: torch.Size([4096, 1])
[DEBUG] Predictions shape: torch.Size([4096, 10])
[DEBUG] Targets shape: torch.Size([4096, 1])
[DEBUG] Predictions shape: torch.Size([4096, 10])
[DEBUG] Targets shape: torch.Size([4096, 1])
[DEBUG] Predictions shape: torch.Size([4096, 10])
[DEBUG] Targets shape: torch.Size([4096, 1])
[DEBUG] Predictions shape: torch.Size([2656, 10])
[DEBUG] Targets shape: torch.Size([2656, 1])
[DEBUG] Predictions shape: torch.Size([4096, 10])
[DEBUG] Targets shape: torch.Size([4096, 1])
[DEBUG] Predictions shape: torch.Size([4096, 10])
[DEBUG] Targets shape: torch.Size([4096, 1])
[DEBUG] Predictions shape: torch.Size([1808, 10])
[DEBUG] Targets shape: torch.Size([1808, 1])
[DEBUG] Writing to CSV - Epoch: 92, Train MSE: 0.0032681219012786946, Test MSE: 0.2585715499401093, Train Acc: 2.07, Test Acc: 2.15
[DEBUG] Predictions shape: torch.Size([4096, 10])
[DEBUG] Targets shape: torch.Size([4096, 1])
[DEBUG] Predictions shape: torch.Size([4096, 10])
[DEBUG] Targets shape: torch.Size([4096, 1])
[DEBUG] Predictions shape: torch.Size([4096, 10])
[DEBUG] Targets shape: torch.Size([4096, 1])
[DEBUG] Predictions shape: torch.Size([4096, 10])
[DEBUG] Targets shape: torch.Size([4096, 1])
[DEBUG] Predictions shape: torch.Size([4096, 10])
[DEBUG] Targets shape: torch.Size([4096, 1])
[DEBUG] Predictions shape: torch.Size([4096, 10])
[DEBUG] Targets shape: torch.Size([4096, 1])
[DEBUG] Predictions shape: torch.Size([4096, 10])
[DEBUG] Targets shape: torch.Size([4096, 1])
[DEBUG] Predictions shape: torch.Size([4096, 10])
[DEBUG] Targets shape: torch.Size([4096, 1])
[DEBUG] Predictions shape: torch.Size([4096, 10])
[DEBUG] Targets shape: torch.Size([4096, 1])
[DEBUG] Predictions shape: torch.Size([4096, 10])
[DEBUG] Targets shape: torch.Size([4096, 1])
[DEBUG] Predictions shape: torch.Size([4096, 10])
[DEBUG] Targets shape: torch.Size([4096, 1])
[DEBUG] Predictions shape: torch.Size([4096, 10])
[DEBUG] Targets shape: torch.Size([4096, 1])
[DEBUG] Predictions shape: torch.Size([4096, 10])
[DEBUG] Targets shape: torch.Size([4096, 1])
[DEBUG] Predictions shape: torch.Size([4096, 10])
[DEBUG] Targets shape: torch.Size([4096, 1])
[DEBUG] Predictions shape: torch.Size([2656, 10])
[DEBUG] Targets shape: torch.Size([2656, 1])
[DEBUG] Predictions shape: torch.Size([4096, 10])
[DEBUG] Targets shape: torch.Size([4096, 1])
[DEBUG] Predictions shape: torch.Size([4096, 10])
[DEBUG] Targets shape: torch.Size([4096, 1])
[DEBUG] Predictions shape: torch.Size([1808, 10])
[DEBUG] Targets shape: torch.Size([1808, 1])
[DEBUG] Writing to CSV - Epoch: 93, Train MSE: 0.018155697898070016, Test MSE: 0.27017349355220793, Train Acc: 34.88666666666666, Test Acc: 34.0
[DEBUG] Predictions shape: torch.Size([4096, 10])
[DEBUG] Targets shape: torch.Size([4096, 1])
[DEBUG] Predictions shape: torch.Size([4096, 10])
[DEBUG] Targets shape: torch.Size([4096, 1])
[DEBUG] Predictions shape: torch.Size([4096, 10])
[DEBUG] Targets shape: torch.Size([4096, 1])
[DEBUG] Predictions shape: torch.Size([4096, 10])
[DEBUG] Targets shape: torch.Size([4096, 1])
[DEBUG] Predictions shape: torch.Size([4096, 10])
[DEBUG] Targets shape: torch.Size([4096, 1])
[DEBUG] Predictions shape: torch.Size([4096, 10])
[DEBUG] Targets shape: torch.Size([4096, 1])
[DEBUG] Predictions shape: torch.Size([4096, 10])
[DEBUG] Targets shape: torch.Size([4096, 1])
[DEBUG] Predictions shape: torch.Size([4096, 10])
[DEBUG] Targets shape: torch.Size([4096, 1])
[DEBUG] Predictions shape: torch.Size([4096, 10])
[DEBUG] Targets shape: torch.Size([4096, 1])
[DEBUG] Predictions shape: torch.Size([4096, 10])
[DEBUG] Targets shape: torch.Size([4096, 1])
[DEBUG] Predictions shape: torch.Size([4096, 10])
[DEBUG] Targets shape: torch.Size([4096, 1])
[DEBUG] Predictions shape: torch.Size([4096, 10])
[DEBUG] Targets shape: torch.Size([4096, 1])
[DEBUG] Predictions shape: torch.Size([4096, 10])
[DEBUG] Targets shape: torch.Size([4096, 1])
[DEBUG] Predictions shape: torch.Size([4096, 10])
[DEBUG] Targets shape: torch.Size([4096, 1])
[DEBUG] Predictions shape: torch.Size([2656, 10])
[DEBUG] Targets shape: torch.Size([2656, 1])
[DEBUG] Predictions shape: torch.Size([4096, 10])
[DEBUG] Targets shape: torch.Size([4096, 1])
[DEBUG] Predictions shape: torch.Size([4096, 10])
[DEBUG] Targets shape: torch.Size([4096, 1])
[DEBUG] Predictions shape: torch.Size([1808, 10])
[DEBUG] Targets shape: torch.Size([1808, 1])
[DEBUG] Writing to CSV - Epoch: 94, Train MSE: 0.026512105579674244, Test MSE: 0.2882689822912216, Train Acc: 3.6983333333333333, Test Acc: 3.96
[DEBUG] Predictions shape: torch.Size([4096, 10])
[DEBUG] Targets shape: torch.Size([4096, 1])
[DEBUG] Predictions shape: torch.Size([4096, 10])
[DEBUG] Targets shape: torch.Size([4096, 1])
[DEBUG] Predictions shape: torch.Size([4096, 10])
[DEBUG] Targets shape: torch.Size([4096, 1])
[DEBUG] Predictions shape: torch.Size([4096, 10])
[DEBUG] Targets shape: torch.Size([4096, 1])
[DEBUG] Predictions shape: torch.Size([4096, 10])
[DEBUG] Targets shape: torch.Size([4096, 1])
[DEBUG] Predictions shape: torch.Size([4096, 10])
[DEBUG] Targets shape: torch.Size([4096, 1])
[DEBUG] Predictions shape: torch.Size([4096, 10])
[DEBUG] Targets shape: torch.Size([4096, 1])
[DEBUG] Predictions shape: torch.Size([4096, 10])
[DEBUG] Targets shape: torch.Size([4096, 1])
[DEBUG] Predictions shape: torch.Size([4096, 10])
[DEBUG] Targets shape: torch.Size([4096, 1])
[DEBUG] Predictions shape: torch.Size([4096, 10])
[DEBUG] Targets shape: torch.Size([4096, 1])
[DEBUG] Predictions shape: torch.Size([4096, 10])
[DEBUG] Targets shape: torch.Size([4096, 1])
[DEBUG] Predictions shape: torch.Size([4096, 10])
[DEBUG] Targets shape: torch.Size([4096, 1])
[DEBUG] Predictions shape: torch.Size([4096, 10])
[DEBUG] Targets shape: torch.Size([4096, 1])
[DEBUG] Predictions shape: torch.Size([4096, 10])
[DEBUG] Targets shape: torch.Size([4096, 1])
[DEBUG] Predictions shape: torch.Size([2656, 10])
[DEBUG] Targets shape: torch.Size([2656, 1])
[DEBUG] Predictions shape: torch.Size([4096, 10])
[DEBUG] Targets shape: torch.Size([4096, 1])
[DEBUG] Predictions shape: torch.Size([4096, 10])
[DEBUG] Targets shape: torch.Size([4096, 1])
[DEBUG] Predictions shape: torch.Size([1808, 10])
[DEBUG] Targets shape: torch.Size([1808, 1])
[DEBUG] Writing to CSV - Epoch: 95, Train MSE: 0.015157787026961644, Test MSE: 0.28262368888854983, Train Acc: 6.155, Test Acc: 6.32
[Epoch 95] train_mse=0.015158  test_mse=0.282624
[DEBUG] Predictions shape: torch.Size([4096, 10])
[DEBUG] Targets shape: torch.Size([4096, 1])
[DEBUG] Predictions shape: torch.Size([4096, 10])
[DEBUG] Targets shape: torch.Size([4096, 1])
[DEBUG] Predictions shape: torch.Size([4096, 10])
[DEBUG] Targets shape: torch.Size([4096, 1])
[DEBUG] Predictions shape: torch.Size([4096, 10])
[DEBUG] Targets shape: torch.Size([4096, 1])
[DEBUG] Predictions shape: torch.Size([4096, 10])
[DEBUG] Targets shape: torch.Size([4096, 1])
[DEBUG] Predictions shape: torch.Size([4096, 10])
[DEBUG] Targets shape: torch.Size([4096, 1])
[DEBUG] Predictions shape: torch.Size([4096, 10])
[DEBUG] Targets shape: torch.Size([4096, 1])
[DEBUG] Predictions shape: torch.Size([4096, 10])
[DEBUG] Targets shape: torch.Size([4096, 1])
[DEBUG] Predictions shape: torch.Size([4096, 10])
[DEBUG] Targets shape: torch.Size([4096, 1])
[DEBUG] Predictions shape: torch.Size([4096, 10])
[DEBUG] Targets shape: torch.Size([4096, 1])
[DEBUG] Predictions shape: torch.Size([4096, 10])
[DEBUG] Targets shape: torch.Size([4096, 1])
[DEBUG] Predictions shape: torch.Size([4096, 10])
[DEBUG] Targets shape: torch.Size([4096, 1])
[DEBUG] Predictions shape: torch.Size([4096, 10])
[DEBUG] Targets shape: torch.Size([4096, 1])
[DEBUG] Predictions shape: torch.Size([4096, 10])
[DEBUG] Targets shape: torch.Size([4096, 1])
[DEBUG] Predictions shape: torch.Size([2656, 10])
[DEBUG] Targets shape: torch.Size([2656, 1])
[DEBUG] Predictions shape: torch.Size([4096, 10])
[DEBUG] Targets shape: torch.Size([4096, 1])
[DEBUG] Predictions shape: torch.Size([4096, 10])
[DEBUG] Targets shape: torch.Size([4096, 1])
[DEBUG] Predictions shape: torch.Size([1808, 10])
[DEBUG] Targets shape: torch.Size([1808, 1])
[DEBUG] Writing to CSV - Epoch: 96, Train MSE: 0.016381522179146606, Test MSE: 0.2925573385477066, Train Acc: 54.85, Test Acc: 54.17
[DEBUG] Predictions shape: torch.Size([4096, 10])
[DEBUG] Targets shape: torch.Size([4096, 1])
[DEBUG] Predictions shape: torch.Size([4096, 10])
[DEBUG] Targets shape: torch.Size([4096, 1])
[DEBUG] Predictions shape: torch.Size([4096, 10])
[DEBUG] Targets shape: torch.Size([4096, 1])
[DEBUG] Predictions shape: torch.Size([4096, 10])
[DEBUG] Targets shape: torch.Size([4096, 1])
[DEBUG] Predictions shape: torch.Size([4096, 10])
[DEBUG] Targets shape: torch.Size([4096, 1])
[DEBUG] Predictions shape: torch.Size([4096, 10])
[DEBUG] Targets shape: torch.Size([4096, 1])
[DEBUG] Predictions shape: torch.Size([4096, 10])
[DEBUG] Targets shape: torch.Size([4096, 1])
[DEBUG] Predictions shape: torch.Size([4096, 10])
[DEBUG] Targets shape: torch.Size([4096, 1])
[DEBUG] Predictions shape: torch.Size([4096, 10])
[DEBUG] Targets shape: torch.Size([4096, 1])
[DEBUG] Predictions shape: torch.Size([4096, 10])
[DEBUG] Targets shape: torch.Size([4096, 1])
[DEBUG] Predictions shape: torch.Size([4096, 10])
[DEBUG] Targets shape: torch.Size([4096, 1])
[DEBUG] Predictions shape: torch.Size([4096, 10])
[DEBUG] Targets shape: torch.Size([4096, 1])
[DEBUG] Predictions shape: torch.Size([4096, 10])
[DEBUG] Targets shape: torch.Size([4096, 1])
[DEBUG] Predictions shape: torch.Size([4096, 10])
[DEBUG] Targets shape: torch.Size([4096, 1])
[DEBUG] Predictions shape: torch.Size([2656, 10])
[DEBUG] Targets shape: torch.Size([2656, 1])
[DEBUG] Predictions shape: torch.Size([4096, 10])
[DEBUG] Targets shape: torch.Size([4096, 1])
[DEBUG] Predictions shape: torch.Size([4096, 10])
[DEBUG] Targets shape: torch.Size([4096, 1])
[DEBUG] Predictions shape: torch.Size([1808, 10])
[DEBUG] Targets shape: torch.Size([1808, 1])
[DEBUG] Writing to CSV - Epoch: 97, Train MSE: 0.009400751675168673, Test MSE: 0.2609591104745865, Train Acc: 13.068333333333333, Test Acc: 13.95
[DEBUG] Predictions shape: torch.Size([4096, 10])
[DEBUG] Targets shape: torch.Size([4096, 1])
[DEBUG] Predictions shape: torch.Size([4096, 10])
[DEBUG] Targets shape: torch.Size([4096, 1])
[DEBUG] Predictions shape: torch.Size([4096, 10])
[DEBUG] Targets shape: torch.Size([4096, 1])
[DEBUG] Predictions shape: torch.Size([4096, 10])
[DEBUG] Targets shape: torch.Size([4096, 1])
[DEBUG] Predictions shape: torch.Size([4096, 10])
[DEBUG] Targets shape: torch.Size([4096, 1])
[DEBUG] Predictions shape: torch.Size([4096, 10])
[DEBUG] Targets shape: torch.Size([4096, 1])
[DEBUG] Predictions shape: torch.Size([4096, 10])
[DEBUG] Targets shape: torch.Size([4096, 1])
[DEBUG] Predictions shape: torch.Size([4096, 10])
[DEBUG] Targets shape: torch.Size([4096, 1])
[DEBUG] Predictions shape: torch.Size([4096, 10])
[DEBUG] Targets shape: torch.Size([4096, 1])
[DEBUG] Predictions shape: torch.Size([4096, 10])
[DEBUG] Targets shape: torch.Size([4096, 1])
[DEBUG] Predictions shape: torch.Size([4096, 10])
[DEBUG] Targets shape: torch.Size([4096, 1])
[DEBUG] Predictions shape: torch.Size([4096, 10])
[DEBUG] Targets shape: torch.Size([4096, 1])
[DEBUG] Predictions shape: torch.Size([4096, 10])
[DEBUG] Targets shape: torch.Size([4096, 1])
[DEBUG] Predictions shape: torch.Size([4096, 10])
[DEBUG] Targets shape: torch.Size([4096, 1])
[DEBUG] Predictions shape: torch.Size([2656, 10])
[DEBUG] Targets shape: torch.Size([2656, 1])
[DEBUG] Predictions shape: torch.Size([4096, 10])
[DEBUG] Targets shape: torch.Size([4096, 1])
[DEBUG] Predictions shape: torch.Size([4096, 10])
[DEBUG] Targets shape: torch.Size([4096, 1])
[DEBUG] Predictions shape: torch.Size([1808, 10])
[DEBUG] Targets shape: torch.Size([1808, 1])
[DEBUG] Writing to CSV - Epoch: 98, Train MSE: 0.006244660140077273, Test MSE: 0.2762484181642532, Train Acc: 3.03, Test Acc: 3.06
[DEBUG] Predictions shape: torch.Size([4096, 10])
[DEBUG] Targets shape: torch.Size([4096, 1])
[DEBUG] Predictions shape: torch.Size([4096, 10])
[DEBUG] Targets shape: torch.Size([4096, 1])
[DEBUG] Predictions shape: torch.Size([4096, 10])
[DEBUG] Targets shape: torch.Size([4096, 1])
[DEBUG] Predictions shape: torch.Size([4096, 10])
[DEBUG] Targets shape: torch.Size([4096, 1])
[DEBUG] Predictions shape: torch.Size([4096, 10])
[DEBUG] Targets shape: torch.Size([4096, 1])
[DEBUG] Predictions shape: torch.Size([4096, 10])
[DEBUG] Targets shape: torch.Size([4096, 1])
[DEBUG] Predictions shape: torch.Size([4096, 10])
[DEBUG] Targets shape: torch.Size([4096, 1])
[DEBUG] Predictions shape: torch.Size([4096, 10])
[DEBUG] Targets shape: torch.Size([4096, 1])
[DEBUG] Predictions shape: torch.Size([4096, 10])
[DEBUG] Targets shape: torch.Size([4096, 1])
[DEBUG] Predictions shape: torch.Size([4096, 10])
[DEBUG] Targets shape: torch.Size([4096, 1])
[DEBUG] Predictions shape: torch.Size([4096, 10])
[DEBUG] Targets shape: torch.Size([4096, 1])
[DEBUG] Predictions shape: torch.Size([4096, 10])
[DEBUG] Targets shape: torch.Size([4096, 1])
[DEBUG] Predictions shape: torch.Size([4096, 10])
[DEBUG] Targets shape: torch.Size([4096, 1])
[DEBUG] Predictions shape: torch.Size([4096, 10])
[DEBUG] Targets shape: torch.Size([4096, 1])
[DEBUG] Predictions shape: torch.Size([2656, 10])
[DEBUG] Targets shape: torch.Size([2656, 1])
[DEBUG] Predictions shape: torch.Size([4096, 10])
[DEBUG] Targets shape: torch.Size([4096, 1])
[DEBUG] Predictions shape: torch.Size([4096, 10])
[DEBUG] Targets shape: torch.Size([4096, 1])
[DEBUG] Predictions shape: torch.Size([1808, 10])
[DEBUG] Targets shape: torch.Size([1808, 1])
[DEBUG] Writing to CSV - Epoch: 99, Train MSE: 0.00431451911876599, Test MSE: 0.26561030085086823, Train Acc: 12.87, Test Acc: 13.14
[DEBUG] Predictions shape: torch.Size([4096, 10])
[DEBUG] Targets shape: torch.Size([4096, 1])
[DEBUG] Predictions shape: torch.Size([4096, 10])
[DEBUG] Targets shape: torch.Size([4096, 1])
[DEBUG] Predictions shape: torch.Size([4096, 10])
[DEBUG] Targets shape: torch.Size([4096, 1])
[DEBUG] Predictions shape: torch.Size([4096, 10])
[DEBUG] Targets shape: torch.Size([4096, 1])
[DEBUG] Predictions shape: torch.Size([4096, 10])
[DEBUG] Targets shape: torch.Size([4096, 1])
[DEBUG] Predictions shape: torch.Size([4096, 10])
[DEBUG] Targets shape: torch.Size([4096, 1])
[DEBUG] Predictions shape: torch.Size([4096, 10])
[DEBUG] Targets shape: torch.Size([4096, 1])
[DEBUG] Predictions shape: torch.Size([4096, 10])
[DEBUG] Targets shape: torch.Size([4096, 1])
[DEBUG] Predictions shape: torch.Size([4096, 10])
[DEBUG] Targets shape: torch.Size([4096, 1])
[DEBUG] Predictions shape: torch.Size([4096, 10])
[DEBUG] Targets shape: torch.Size([4096, 1])
[DEBUG] Predictions shape: torch.Size([4096, 10])
[DEBUG] Targets shape: torch.Size([4096, 1])
[DEBUG] Predictions shape: torch.Size([4096, 10])
[DEBUG] Targets shape: torch.Size([4096, 1])
[DEBUG] Predictions shape: torch.Size([4096, 10])
[DEBUG] Targets shape: torch.Size([4096, 1])
[DEBUG] Predictions shape: torch.Size([4096, 10])
[DEBUG] Targets shape: torch.Size([4096, 1])
[DEBUG] Predictions shape: torch.Size([2656, 10])
[DEBUG] Targets shape: torch.Size([2656, 1])
[DEBUG] Predictions shape: torch.Size([4096, 10])
[DEBUG] Targets shape: torch.Size([4096, 1])
[DEBUG] Predictions shape: torch.Size([4096, 10])
[DEBUG] Targets shape: torch.Size([4096, 1])
[DEBUG] Predictions shape: torch.Size([1808, 10])
[DEBUG] Targets shape: torch.Size([1808, 1])
[DEBUG] Writing to CSV - Epoch: 100, Train MSE: 0.004131242500245571, Test MSE: 0.2546401462316513, Train Acc: 1.7633333333333334, Test Acc: 1.88
[Epoch 100] train_mse=0.004131  test_mse=0.254640
Saved to: results/mnist_example_L30_epochs10000
---------------
Job output ends
=========================================================
PBS job: finished date = Mon 9 Feb 17:08:23 GMT 2026
Total run time : 0 Hours 4 Minutes 30 Seconds
=========================================================
