=========================================================
Job submitted date = Mon 9 Feb 16:16:19 GMT 2026
1 nodes ( 1 processes per node )
1 hosts used: gpu02
Job output begins
-----------------

/mnt/users/garridom/.local/lib/python3.10/site-packages/torch/nn/modules/loss.py:634: UserWarning: Using a target size (torch.Size([4096, 1])) that is different to the input size (torch.Size([4096, 10])). This will likely lead to incorrect results due to broadcasting. Please ensure they have the same size.
  return F.mse_loss(input, target, reduction=self.reduction)
/mnt/users/garridom/.local/lib/python3.10/site-packages/torch/nn/modules/loss.py:634: UserWarning: Using a target size (torch.Size([3625, 1])) that is different to the input size (torch.Size([3625, 10])). This will likely lead to incorrect results due to broadcasting. Please ensure they have the same size.
  return F.mse_loss(input, target, reduction=self.reduction)
/mnt/users/garridom/.local/lib/python3.10/site-packages/torch/nn/modules/loss.py:634: UserWarning: Using a target size (torch.Size([1456, 1])) that is different to the input size (torch.Size([1456, 10])). This will likely lead to incorrect results due to broadcasting. Please ensure they have the same size.
  return F.mse_loss(input, target, reduction=self.reduction)
/mnt/users/garridom/.local/lib/python3.10/site-packages/torch/nn/modules/loss.py:634: UserWarning: Using a target size (torch.Size([128, 1])) that is different to the input size (torch.Size([128, 10])). This will likely lead to incorrect results due to broadcasting. Please ensure they have the same size.
  return F.mse_loss(input, target, reduction=self.reduction)
/mnt/users/garridom/.local/lib/python3.10/site-packages/torch/nn/modules/loss.py:634: UserWarning: Using a target size (torch.Size([41, 1])) that is different to the input size (torch.Size([41, 10])). This will likely lead to incorrect results due to broadcasting. Please ensure they have the same size.
  return F.mse_loss(input, target, reduction=self.reduction)
[DEBUG] Predictions shape: torch.Size([4096, 10])
[DEBUG] Targets shape: torch.Size([4096, 1])
[DEBUG] Predictions shape: torch.Size([4096, 10])
[DEBUG] Targets shape: torch.Size([4096, 1])
[DEBUG] Predictions shape: torch.Size([4096, 10])
[DEBUG] Targets shape: torch.Size([4096, 1])
[DEBUG] Predictions shape: torch.Size([4096, 10])
[DEBUG] Targets shape: torch.Size([4096, 1])
[DEBUG] Predictions shape: torch.Size([4096, 10])
[DEBUG] Targets shape: torch.Size([4096, 1])
[DEBUG] Predictions shape: torch.Size([4096, 10])
[DEBUG] Targets shape: torch.Size([4096, 1])
[DEBUG] Predictions shape: torch.Size([4096, 10])
[DEBUG] Targets shape: torch.Size([4096, 1])
[DEBUG] Predictions shape: torch.Size([4096, 10])
[DEBUG] Targets shape: torch.Size([4096, 1])
[DEBUG] Predictions shape: torch.Size([4096, 10])
[DEBUG] Targets shape: torch.Size([4096, 1])
[DEBUG] Predictions shape: torch.Size([4096, 10])
[DEBUG] Targets shape: torch.Size([4096, 1])
[DEBUG] Predictions shape: torch.Size([4096, 10])
[DEBUG] Targets shape: torch.Size([4096, 1])
[DEBUG] Predictions shape: torch.Size([4096, 10])
[DEBUG] Targets shape: torch.Size([4096, 1])
[DEBUG] Predictions shape: torch.Size([4096, 10])
[DEBUG] Targets shape: torch.Size([4096, 1])
[DEBUG] Predictions shape: torch.Size([4096, 10])
[DEBUG] Targets shape: torch.Size([4096, 1])
[DEBUG] Predictions shape: torch.Size([4096, 10])
[DEBUG] Targets shape: torch.Size([4096, 1])
[DEBUG] Predictions shape: torch.Size([4096, 10])
[DEBUG] Targets shape: torch.Size([4096, 1])
[DEBUG] Predictions shape: torch.Size([4096, 10])
[DEBUG] Targets shape: torch.Size([4096, 1])
[DEBUG] Predictions shape: torch.Size([3625, 10])
[DEBUG] Targets shape: torch.Size([3625, 1])
[DEBUG] Predictions shape: torch.Size([4096, 10])
[DEBUG] Targets shape: torch.Size([4096, 1])
[DEBUG] Predictions shape: torch.Size([4096, 10])
[DEBUG] Targets shape: torch.Size([4096, 1])
[DEBUG] Predictions shape: torch.Size([4096, 10])
[DEBUG] Targets shape: torch.Size([4096, 1])
[DEBUG] Predictions shape: torch.Size([4096, 10])
[DEBUG] Targets shape: torch.Size([4096, 1])
[DEBUG] Predictions shape: torch.Size([4096, 10])
[DEBUG] Targets shape: torch.Size([4096, 1])
[DEBUG] Predictions shape: torch.Size([4096, 10])
[DEBUG] Targets shape: torch.Size([4096, 1])
[DEBUG] Predictions shape: torch.Size([1456, 10])
[DEBUG] Targets shape: torch.Size([1456, 1])
[DEBUG] Predictions shape: torch.Size([4096, 10])
[DEBUG] Targets shape: torch.Size([4096, 1])
[DEBUG] Predictions shape: torch.Size([4096, 10])
[DEBUG] Targets shape: torch.Size([4096, 1])
[DEBUG] Predictions shape: torch.Size([4096, 10])
[DEBUG] Targets shape: torch.Size([4096, 1])
[DEBUG] Predictions shape: torch.Size([4096, 10])
[DEBUG] Targets shape: torch.Size([4096, 1])
[DEBUG] Predictions shape: torch.Size([4096, 10])
[DEBUG] Targets shape: torch.Size([4096, 1])
[DEBUG] Predictions shape: torch.Size([4096, 10])
[DEBUG] Targets shape: torch.Size([4096, 1])
[DEBUG] Predictions shape: torch.Size([4096, 10])
[DEBUG] Targets shape: torch.Size([4096, 1])
[DEBUG] Predictions shape: torch.Size([4096, 10])
[DEBUG] Targets shape: torch.Size([4096, 1])
[DEBUG] Predictions shape: torch.Size([4096, 10])
[DEBUG] Targets shape: torch.Size([4096, 1])
[DEBUG] Predictions shape: torch.Size([4096, 10])
[DEBUG] Targets shape: torch.Size([4096, 1])
[DEBUG] Predictions shape: torch.Size([4096, 10])
[DEBUG] Targets shape: torch.Size([4096, 1])
[DEBUG] Predictions shape: torch.Size([4096, 10])
[DEBUG] Targets shape: torch.Size([4096, 1])
[DEBUG] Predictions shape: torch.Size([4096, 10])
[DEBUG] Targets shape: torch.Size([4096, 1])
[DEBUG] Predictions shape: torch.Size([4096, 10])
[DEBUG] Targets shape: torch.Size([4096, 1])
[DEBUG] Predictions shape: torch.Size([4096, 10])
[DEBUG] Targets shape: torch.Size([4096, 1])
[DEBUG] Predictions shape: torch.Size([4096, 10])
[DEBUG] Targets shape: torch.Size([4096, 1])
[DEBUG] Predictions shape: torch.Size([4096, 10])
[DEBUG] Targets shape: torch.Size([4096, 1])
[DEBUG] Predictions shape: torch.Size([3625, 10])
[DEBUG] Targets shape: torch.Size([3625, 1])
[DEBUG] Predictions shape: torch.Size([4096, 10])
[DEBUG] Targets shape: torch.Size([4096, 1])
[DEBUG] Predictions shape: torch.Size([4096, 10])
[DEBUG] Targets shape: torch.Size([4096, 1])
[DEBUG] Predictions shape: torch.Size([4096, 10])
[DEBUG] Targets shape: torch.Size([4096, 1])
[DEBUG] Predictions shape: torch.Size([4096, 10])
[DEBUG] Targets shape: torch.Size([4096, 1])
[DEBUG] Predictions shape: torch.Size([4096, 10])
[DEBUG] Targets shape: torch.Size([4096, 1])
[DEBUG] Predictions shape: torch.Size([4096, 10])
[DEBUG] Targets shape: torch.Size([4096, 1])
[DEBUG] Predictions shape: torch.Size([1456, 10])
[DEBUG] Targets shape: torch.Size([1456, 1])
[DEBUG] Writing to CSV - Epoch: 1, Train MSE: 6.680692028901366, Test MSE: 6.743716747539499, Train Acc: 9.267373766329497, Test Acc: 9.745697602950216
[DEBUG] Predictions shape: torch.Size([4096, 10])
[DEBUG] Targets shape: torch.Size([4096, 1])
[DEBUG] Predictions shape: torch.Size([4096, 10])
[DEBUG] Targets shape: torch.Size([4096, 1])
[DEBUG] Predictions shape: torch.Size([4096, 10])
[DEBUG] Targets shape: torch.Size([4096, 1])
[DEBUG] Predictions shape: torch.Size([4096, 10])
[DEBUG] Targets shape: torch.Size([4096, 1])
[DEBUG] Predictions shape: torch.Size([4096, 10])
[DEBUG] Targets shape: torch.Size([4096, 1])
[DEBUG] Predictions shape: torch.Size([4096, 10])
[DEBUG] Targets shape: torch.Size([4096, 1])
[DEBUG] Predictions shape: torch.Size([4096, 10])
[DEBUG] Targets shape: torch.Size([4096, 1])
[DEBUG] Predictions shape: torch.Size([4096, 10])
[DEBUG] Targets shape: torch.Size([4096, 1])
[DEBUG] Predictions shape: torch.Size([4096, 10])
[DEBUG] Targets shape: torch.Size([4096, 1])
[DEBUG] Predictions shape: torch.Size([4096, 10])
[DEBUG] Targets shape: torch.Size([4096, 1])
[DEBUG] Predictions shape: torch.Size([4096, 10])
[DEBUG] Targets shape: torch.Size([4096, 1])
[DEBUG] Predictions shape: torch.Size([4096, 10])
[DEBUG] Targets shape: torch.Size([4096, 1])
[DEBUG] Predictions shape: torch.Size([4096, 10])
[DEBUG] Targets shape: torch.Size([4096, 1])
[DEBUG] Predictions shape: torch.Size([4096, 10])
[DEBUG] Targets shape: torch.Size([4096, 1])
[DEBUG] Predictions shape: torch.Size([4096, 10])
[DEBUG] Targets shape: torch.Size([4096, 1])
[DEBUG] Predictions shape: torch.Size([4096, 10])
[DEBUG] Targets shape: torch.Size([4096, 1])
[DEBUG] Predictions shape: torch.Size([4096, 10])
[DEBUG] Targets shape: torch.Size([4096, 1])
[DEBUG] Predictions shape: torch.Size([3625, 10])
[DEBUG] Targets shape: torch.Size([3625, 1])
[DEBUG] Predictions shape: torch.Size([4096, 10])
[DEBUG] Targets shape: torch.Size([4096, 1])
[DEBUG] Predictions shape: torch.Size([4096, 10])
[DEBUG] Targets shape: torch.Size([4096, 1])
[DEBUG] Predictions shape: torch.Size([4096, 10])
[DEBUG] Targets shape: torch.Size([4096, 1])
[DEBUG] Predictions shape: torch.Size([4096, 10])
[DEBUG] Targets shape: torch.Size([4096, 1])
[DEBUG] Predictions shape: torch.Size([4096, 10])
[DEBUG] Targets shape: torch.Size([4096, 1])
[DEBUG] Predictions shape: torch.Size([4096, 10])
[DEBUG] Targets shape: torch.Size([4096, 1])
[DEBUG] Predictions shape: torch.Size([1456, 10])
[DEBUG] Targets shape: torch.Size([1456, 1])
[DEBUG] Writing to CSV - Epoch: 2, Train MSE: 5.649006198339312, Test MSE: 5.639013528677314, Train Acc: 9.645494628499666, Test Acc: 9.64582052858021
[DEBUG] Predictions shape: torch.Size([4096, 10])
[DEBUG] Targets shape: torch.Size([4096, 1])
[DEBUG] Predictions shape: torch.Size([4096, 10])
[DEBUG] Targets shape: torch.Size([4096, 1])
[DEBUG] Predictions shape: torch.Size([4096, 10])
[DEBUG] Targets shape: torch.Size([4096, 1])
[DEBUG] Predictions shape: torch.Size([4096, 10])
[DEBUG] Targets shape: torch.Size([4096, 1])
[DEBUG] Predictions shape: torch.Size([4096, 10])
[DEBUG] Targets shape: torch.Size([4096, 1])
[DEBUG] Predictions shape: torch.Size([4096, 10])
[DEBUG] Targets shape: torch.Size([4096, 1])
[DEBUG] Predictions shape: torch.Size([4096, 10])
[DEBUG] Targets shape: torch.Size([4096, 1])
[DEBUG] Predictions shape: torch.Size([4096, 10])
[DEBUG] Targets shape: torch.Size([4096, 1])
[DEBUG] Predictions shape: torch.Size([4096, 10])
[DEBUG] Targets shape: torch.Size([4096, 1])
[DEBUG] Predictions shape: torch.Size([4096, 10])
[DEBUG] Targets shape: torch.Size([4096, 1])
[DEBUG] Predictions shape: torch.Size([4096, 10])
[DEBUG] Targets shape: torch.Size([4096, 1])
[DEBUG] Predictions shape: torch.Size([4096, 10])
[DEBUG] Targets shape: torch.Size([4096, 1])
[DEBUG] Predictions shape: torch.Size([4096, 10])
[DEBUG] Targets shape: torch.Size([4096, 1])
[DEBUG] Predictions shape: torch.Size([4096, 10])
[DEBUG] Targets shape: torch.Size([4096, 1])
[DEBUG] Predictions shape: torch.Size([4096, 10])
[DEBUG] Targets shape: torch.Size([4096, 1])
[DEBUG] Predictions shape: torch.Size([4096, 10])
[DEBUG] Targets shape: torch.Size([4096, 1])
[DEBUG] Predictions shape: torch.Size([4096, 10])
[DEBUG] Targets shape: torch.Size([4096, 1])
[DEBUG] Predictions shape: torch.Size([3625, 10])
[DEBUG] Targets shape: torch.Size([3625, 1])
[DEBUG] Predictions shape: torch.Size([4096, 10])
[DEBUG] Targets shape: torch.Size([4096, 1])
[DEBUG] Predictions shape: torch.Size([4096, 10])
[DEBUG] Targets shape: torch.Size([4096, 1])
[DEBUG] Predictions shape: torch.Size([4096, 10])
[DEBUG] Targets shape: torch.Size([4096, 1])
[DEBUG] Predictions shape: torch.Size([4096, 10])
[DEBUG] Targets shape: torch.Size([4096, 1])
[DEBUG] Predictions shape: torch.Size([4096, 10])
[DEBUG] Targets shape: torch.Size([4096, 1])
[DEBUG] Predictions shape: torch.Size([4096, 10])
[DEBUG] Targets shape: torch.Size([4096, 1])
[DEBUG] Predictions shape: torch.Size([1456, 10])
[DEBUG] Targets shape: torch.Size([1456, 1])
[DEBUG] Writing to CSV - Epoch: 3, Train MSE: 6.805136418468542, Test MSE: 8.515028541485224, Train Acc: 8.056567973026468, Test Acc: 6.849262446220036
[DEBUG] Predictions shape: torch.Size([4096, 10])
[DEBUG] Targets shape: torch.Size([4096, 1])
[DEBUG] Predictions shape: torch.Size([4096, 10])
[DEBUG] Targets shape: torch.Size([4096, 1])
[DEBUG] Predictions shape: torch.Size([4096, 10])
[DEBUG] Targets shape: torch.Size([4096, 1])
[DEBUG] Predictions shape: torch.Size([4096, 10])
[DEBUG] Targets shape: torch.Size([4096, 1])
[DEBUG] Predictions shape: torch.Size([4096, 10])
[DEBUG] Targets shape: torch.Size([4096, 1])
[DEBUG] Predictions shape: torch.Size([4096, 10])
[DEBUG] Targets shape: torch.Size([4096, 1])
[DEBUG] Predictions shape: torch.Size([4096, 10])
[DEBUG] Targets shape: torch.Size([4096, 1])
[DEBUG] Predictions shape: torch.Size([4096, 10])
[DEBUG] Targets shape: torch.Size([4096, 1])
[DEBUG] Predictions shape: torch.Size([4096, 10])
[DEBUG] Targets shape: torch.Size([4096, 1])
[DEBUG] Predictions shape: torch.Size([4096, 10])
[DEBUG] Targets shape: torch.Size([4096, 1])
[DEBUG] Predictions shape: torch.Size([4096, 10])
[DEBUG] Targets shape: torch.Size([4096, 1])
[DEBUG] Predictions shape: torch.Size([4096, 10])
[DEBUG] Targets shape: torch.Size([4096, 1])
[DEBUG] Predictions shape: torch.Size([4096, 10])
[DEBUG] Targets shape: torch.Size([4096, 1])
[DEBUG] Predictions shape: torch.Size([4096, 10])
[DEBUG] Targets shape: torch.Size([4096, 1])
[DEBUG] Predictions shape: torch.Size([4096, 10])
[DEBUG] Targets shape: torch.Size([4096, 1])
[DEBUG] Predictions shape: torch.Size([4096, 10])
[DEBUG] Targets shape: torch.Size([4096, 1])
[DEBUG] Predictions shape: torch.Size([4096, 10])
[DEBUG] Targets shape: torch.Size([4096, 1])
[DEBUG] Predictions shape: torch.Size([3625, 10])
[DEBUG] Targets shape: torch.Size([3625, 1])
[DEBUG] Predictions shape: torch.Size([4096, 10])
[DEBUG] Targets shape: torch.Size([4096, 1])
[DEBUG] Predictions shape: torch.Size([4096, 10])
[DEBUG] Targets shape: torch.Size([4096, 1])
[DEBUG] Predictions shape: torch.Size([4096, 10])
[DEBUG] Targets shape: torch.Size([4096, 1])
[DEBUG] Predictions shape: torch.Size([4096, 10])
[DEBUG] Targets shape: torch.Size([4096, 1])
[DEBUG] Predictions shape: torch.Size([4096, 10])
[DEBUG] Targets shape: torch.Size([4096, 1])
[DEBUG] Predictions shape: torch.Size([4096, 10])
[DEBUG] Targets shape: torch.Size([4096, 1])
[DEBUG] Predictions shape: torch.Size([1456, 10])
[DEBUG] Targets shape: torch.Size([1456, 1])
[DEBUG] Writing to CSV - Epoch: 4, Train MSE: 4.3412327017351195, Test MSE: 4.8312455656781985, Train Acc: 12.503924539634438, Test Acc: 12.784265519360787
[DEBUG] Predictions shape: torch.Size([4096, 10])
[DEBUG] Targets shape: torch.Size([4096, 1])
[DEBUG] Predictions shape: torch.Size([4096, 10])
[DEBUG] Targets shape: torch.Size([4096, 1])
[DEBUG] Predictions shape: torch.Size([4096, 10])
[DEBUG] Targets shape: torch.Size([4096, 1])
[DEBUG] Predictions shape: torch.Size([4096, 10])
[DEBUG] Targets shape: torch.Size([4096, 1])
[DEBUG] Predictions shape: torch.Size([4096, 10])
[DEBUG] Targets shape: torch.Size([4096, 1])
[DEBUG] Predictions shape: torch.Size([4096, 10])
[DEBUG] Targets shape: torch.Size([4096, 1])
[DEBUG] Predictions shape: torch.Size([4096, 10])
[DEBUG] Targets shape: torch.Size([4096, 1])
[DEBUG] Predictions shape: torch.Size([4096, 10])
[DEBUG] Targets shape: torch.Size([4096, 1])
[DEBUG] Predictions shape: torch.Size([4096, 10])
[DEBUG] Targets shape: torch.Size([4096, 1])
[DEBUG] Predictions shape: torch.Size([4096, 10])
[DEBUG] Targets shape: torch.Size([4096, 1])
[DEBUG] Predictions shape: torch.Size([4096, 10])
[DEBUG] Targets shape: torch.Size([4096, 1])
[DEBUG] Predictions shape: torch.Size([4096, 10])
[DEBUG] Targets shape: torch.Size([4096, 1])
[DEBUG] Predictions shape: torch.Size([4096, 10])
[DEBUG] Targets shape: torch.Size([4096, 1])
[DEBUG] Predictions shape: torch.Size([4096, 10])
[DEBUG] Targets shape: torch.Size([4096, 1])
[DEBUG] Predictions shape: torch.Size([4096, 10])
[DEBUG] Targets shape: torch.Size([4096, 1])
[DEBUG] Predictions shape: torch.Size([4096, 10])
[DEBUG] Targets shape: torch.Size([4096, 1])
[DEBUG] Predictions shape: torch.Size([4096, 10])
[DEBUG] Targets shape: torch.Size([4096, 1])
[DEBUG] Predictions shape: torch.Size([3625, 10])
[DEBUG] Targets shape: torch.Size([3625, 1])
[DEBUG] Predictions shape: torch.Size([4096, 10])
[DEBUG] Targets shape: torch.Size([4096, 1])
[DEBUG] Predictions shape: torch.Size([4096, 10])
[DEBUG] Targets shape: torch.Size([4096, 1])
[DEBUG] Predictions shape: torch.Size([4096, 10])
[DEBUG] Targets shape: torch.Size([4096, 1])
[DEBUG] Predictions shape: torch.Size([4096, 10])
[DEBUG] Targets shape: torch.Size([4096, 1])
[DEBUG] Predictions shape: torch.Size([4096, 10])
[DEBUG] Targets shape: torch.Size([4096, 1])
[DEBUG] Predictions shape: torch.Size([4096, 10])
[DEBUG] Targets shape: torch.Size([4096, 1])
[DEBUG] Predictions shape: torch.Size([1456, 10])
[DEBUG] Targets shape: torch.Size([1456, 1])
[DEBUG] Writing to CSV - Epoch: 5, Train MSE: 5.436625085874924, Test MSE: 6.885853757723461, Train Acc: 9.12813792538597, Test Acc: 8.501075599262446
[DEBUG] Predictions shape: torch.Size([4096, 10])
[DEBUG] Targets shape: torch.Size([4096, 1])
[DEBUG] Predictions shape: torch.Size([4096, 10])
[DEBUG] Targets shape: torch.Size([4096, 1])
[DEBUG] Predictions shape: torch.Size([4096, 10])
[DEBUG] Targets shape: torch.Size([4096, 1])
[DEBUG] Predictions shape: torch.Size([4096, 10])
[DEBUG] Targets shape: torch.Size([4096, 1])
[DEBUG] Predictions shape: torch.Size([4096, 10])
[DEBUG] Targets shape: torch.Size([4096, 1])
[DEBUG] Predictions shape: torch.Size([4096, 10])
[DEBUG] Targets shape: torch.Size([4096, 1])
[DEBUG] Predictions shape: torch.Size([4096, 10])
[DEBUG] Targets shape: torch.Size([4096, 1])
[DEBUG] Predictions shape: torch.Size([4096, 10])
[DEBUG] Targets shape: torch.Size([4096, 1])
[DEBUG] Predictions shape: torch.Size([4096, 10])
[DEBUG] Targets shape: torch.Size([4096, 1])
[DEBUG] Predictions shape: torch.Size([4096, 10])
[DEBUG] Targets shape: torch.Size([4096, 1])
[DEBUG] Predictions shape: torch.Size([4096, 10])
[DEBUG] Targets shape: torch.Size([4096, 1])
[DEBUG] Predictions shape: torch.Size([4096, 10])
[DEBUG] Targets shape: torch.Size([4096, 1])
[DEBUG] Predictions shape: torch.Size([4096, 10])
[DEBUG] Targets shape: torch.Size([4096, 1])
[DEBUG] Predictions shape: torch.Size([4096, 10])
[DEBUG] Targets shape: torch.Size([4096, 1])
[DEBUG] Predictions shape: torch.Size([4096, 10])
[DEBUG] Targets shape: torch.Size([4096, 1])
[DEBUG] Predictions shape: torch.Size([4096, 10])
[DEBUG] Targets shape: torch.Size([4096, 1])
[DEBUG] Predictions shape: torch.Size([4096, 10])
[DEBUG] Targets shape: torch.Size([4096, 1])
[DEBUG] Predictions shape: torch.Size([3625, 10])
[DEBUG] Targets shape: torch.Size([3625, 1])
[DEBUG] Predictions shape: torch.Size([4096, 10])
[DEBUG] Targets shape: torch.Size([4096, 1])
[DEBUG] Predictions shape: torch.Size([4096, 10])
[DEBUG] Targets shape: torch.Size([4096, 1])
[DEBUG] Predictions shape: torch.Size([4096, 10])
[DEBUG] Targets shape: torch.Size([4096, 1])
[DEBUG] Predictions shape: torch.Size([4096, 10])
[DEBUG] Targets shape: torch.Size([4096, 1])
[DEBUG] Predictions shape: torch.Size([4096, 10])
[DEBUG] Targets shape: torch.Size([4096, 1])
[DEBUG] Predictions shape: torch.Size([4096, 10])
[DEBUG] Targets shape: torch.Size([4096, 1])
[DEBUG] Predictions shape: torch.Size([1456, 10])
[DEBUG] Targets shape: torch.Size([1456, 1])
[DEBUG] Writing to CSV - Epoch: 6, Train MSE: 3.9528141611453, Test MSE: 5.013473156118364, Train Acc: 9.696001747273298, Test Acc: 9.499846342962508
[DEBUG] Predictions shape: torch.Size([4096, 10])
[DEBUG] Targets shape: torch.Size([4096, 1])
[DEBUG] Predictions shape: torch.Size([4096, 10])
[DEBUG] Targets shape: torch.Size([4096, 1])
[DEBUG] Predictions shape: torch.Size([4096, 10])
[DEBUG] Targets shape: torch.Size([4096, 1])
[DEBUG] Predictions shape: torch.Size([4096, 10])
[DEBUG] Targets shape: torch.Size([4096, 1])
[DEBUG] Predictions shape: torch.Size([4096, 10])
[DEBUG] Targets shape: torch.Size([4096, 1])
[DEBUG] Predictions shape: torch.Size([4096, 10])
[DEBUG] Targets shape: torch.Size([4096, 1])
[DEBUG] Predictions shape: torch.Size([4096, 10])
[DEBUG] Targets shape: torch.Size([4096, 1])
[DEBUG] Predictions shape: torch.Size([4096, 10])
[DEBUG] Targets shape: torch.Size([4096, 1])
[DEBUG] Predictions shape: torch.Size([4096, 10])
[DEBUG] Targets shape: torch.Size([4096, 1])
[DEBUG] Predictions shape: torch.Size([4096, 10])
[DEBUG] Targets shape: torch.Size([4096, 1])
[DEBUG] Predictions shape: torch.Size([4096, 10])
[DEBUG] Targets shape: torch.Size([4096, 1])
[DEBUG] Predictions shape: torch.Size([4096, 10])
[DEBUG] Targets shape: torch.Size([4096, 1])
[DEBUG] Predictions shape: torch.Size([4096, 10])
[DEBUG] Targets shape: torch.Size([4096, 1])
[DEBUG] Predictions shape: torch.Size([4096, 10])
[DEBUG] Targets shape: torch.Size([4096, 1])
[DEBUG] Predictions shape: torch.Size([4096, 10])
[DEBUG] Targets shape: torch.Size([4096, 1])
[DEBUG] Predictions shape: torch.Size([4096, 10])
[DEBUG] Targets shape: torch.Size([4096, 1])
[DEBUG] Predictions shape: torch.Size([4096, 10])
[DEBUG] Targets shape: torch.Size([4096, 1])
[DEBUG] Predictions shape: torch.Size([3625, 10])
[DEBUG] Targets shape: torch.Size([3625, 1])
[DEBUG] Predictions shape: torch.Size([4096, 10])
[DEBUG] Targets shape: torch.Size([4096, 1])
[DEBUG] Predictions shape: torch.Size([4096, 10])
[DEBUG] Targets shape: torch.Size([4096, 1])
[DEBUG] Predictions shape: torch.Size([4096, 10])
[DEBUG] Targets shape: torch.Size([4096, 1])
[DEBUG] Predictions shape: torch.Size([4096, 10])
[DEBUG] Targets shape: torch.Size([4096, 1])
[DEBUG] Predictions shape: torch.Size([4096, 10])
[DEBUG] Targets shape: torch.Size([4096, 1])
[DEBUG] Predictions shape: torch.Size([4096, 10])
[DEBUG] Targets shape: torch.Size([4096, 1])
[DEBUG] Predictions shape: torch.Size([1456, 10])
[DEBUG] Targets shape: torch.Size([1456, 1])
[DEBUG] Writing to CSV - Epoch: 7, Train MSE: 3.61321659897997, Test MSE: 4.490106011140398, Train Acc: 9.438005924348527, Test Acc: 9.177166564228642
[DEBUG] Predictions shape: torch.Size([4096, 10])
[DEBUG] Targets shape: torch.Size([4096, 1])
[DEBUG] Predictions shape: torch.Size([4096, 10])
[DEBUG] Targets shape: torch.Size([4096, 1])
[DEBUG] Predictions shape: torch.Size([4096, 10])
[DEBUG] Targets shape: torch.Size([4096, 1])
[DEBUG] Predictions shape: torch.Size([4096, 10])
[DEBUG] Targets shape: torch.Size([4096, 1])
[DEBUG] Predictions shape: torch.Size([4096, 10])
[DEBUG] Targets shape: torch.Size([4096, 1])
[DEBUG] Predictions shape: torch.Size([4096, 10])
[DEBUG] Targets shape: torch.Size([4096, 1])
[DEBUG] Predictions shape: torch.Size([4096, 10])
[DEBUG] Targets shape: torch.Size([4096, 1])
[DEBUG] Predictions shape: torch.Size([4096, 10])
[DEBUG] Targets shape: torch.Size([4096, 1])
[DEBUG] Predictions shape: torch.Size([4096, 10])
[DEBUG] Targets shape: torch.Size([4096, 1])
[DEBUG] Predictions shape: torch.Size([4096, 10])
[DEBUG] Targets shape: torch.Size([4096, 1])
[DEBUG] Predictions shape: torch.Size([4096, 10])
[DEBUG] Targets shape: torch.Size([4096, 1])
[DEBUG] Predictions shape: torch.Size([4096, 10])
[DEBUG] Targets shape: torch.Size([4096, 1])
[DEBUG] Predictions shape: torch.Size([4096, 10])
[DEBUG] Targets shape: torch.Size([4096, 1])
[DEBUG] Predictions shape: torch.Size([4096, 10])
[DEBUG] Targets shape: torch.Size([4096, 1])
[DEBUG] Predictions shape: torch.Size([4096, 10])
[DEBUG] Targets shape: torch.Size([4096, 1])
[DEBUG] Predictions shape: torch.Size([4096, 10])
[DEBUG] Targets shape: torch.Size([4096, 1])
[DEBUG] Predictions shape: torch.Size([4096, 10])
[DEBUG] Targets shape: torch.Size([4096, 1])
[DEBUG] Predictions shape: torch.Size([3625, 10])
[DEBUG] Targets shape: torch.Size([3625, 1])
[DEBUG] Predictions shape: torch.Size([4096, 10])
[DEBUG] Targets shape: torch.Size([4096, 1])
[DEBUG] Predictions shape: torch.Size([4096, 10])
[DEBUG] Targets shape: torch.Size([4096, 1])
[DEBUG] Predictions shape: torch.Size([4096, 10])
[DEBUG] Targets shape: torch.Size([4096, 1])
[DEBUG] Predictions shape: torch.Size([4096, 10])
[DEBUG] Targets shape: torch.Size([4096, 1])
[DEBUG] Predictions shape: torch.Size([4096, 10])
[DEBUG] Targets shape: torch.Size([4096, 1])
[DEBUG] Predictions shape: torch.Size([4096, 10])
[DEBUG] Targets shape: torch.Size([4096, 1])
[DEBUG] Predictions shape: torch.Size([1456, 10])
[DEBUG] Targets shape: torch.Size([1456, 1])
[DEBUG] Writing to CSV - Epoch: 8, Train MSE: 3.6028174620656124, Test MSE: 4.70186294978868, Train Acc: 9.62911394132984, Test Acc: 9.549784880147511
[DEBUG] Predictions shape: torch.Size([4096, 10])
[DEBUG] Targets shape: torch.Size([4096, 1])
[DEBUG] Predictions shape: torch.Size([4096, 10])
[DEBUG] Targets shape: torch.Size([4096, 1])
[DEBUG] Predictions shape: torch.Size([4096, 10])
[DEBUG] Targets shape: torch.Size([4096, 1])
[DEBUG] Predictions shape: torch.Size([4096, 10])
[DEBUG] Targets shape: torch.Size([4096, 1])
[DEBUG] Predictions shape: torch.Size([4096, 10])
[DEBUG] Targets shape: torch.Size([4096, 1])
[DEBUG] Predictions shape: torch.Size([4096, 10])
[DEBUG] Targets shape: torch.Size([4096, 1])
[DEBUG] Predictions shape: torch.Size([4096, 10])
[DEBUG] Targets shape: torch.Size([4096, 1])
[DEBUG] Predictions shape: torch.Size([4096, 10])
[DEBUG] Targets shape: torch.Size([4096, 1])
[DEBUG] Predictions shape: torch.Size([4096, 10])
[DEBUG] Targets shape: torch.Size([4096, 1])
[DEBUG] Predictions shape: torch.Size([4096, 10])
[DEBUG] Targets shape: torch.Size([4096, 1])
[DEBUG] Predictions shape: torch.Size([4096, 10])
[DEBUG] Targets shape: torch.Size([4096, 1])
[DEBUG] Predictions shape: torch.Size([4096, 10])
[DEBUG] Targets shape: torch.Size([4096, 1])
[DEBUG] Predictions shape: torch.Size([4096, 10])
[DEBUG] Targets shape: torch.Size([4096, 1])
[DEBUG] Predictions shape: torch.Size([4096, 10])
[DEBUG] Targets shape: torch.Size([4096, 1])
[DEBUG] Predictions shape: torch.Size([4096, 10])
[DEBUG] Targets shape: torch.Size([4096, 1])
[DEBUG] Predictions shape: torch.Size([4096, 10])
[DEBUG] Targets shape: torch.Size([4096, 1])
[DEBUG] Predictions shape: torch.Size([4096, 10])
[DEBUG] Targets shape: torch.Size([4096, 1])
[DEBUG] Predictions shape: torch.Size([3625, 10])
[DEBUG] Targets shape: torch.Size([3625, 1])
[DEBUG] Predictions shape: torch.Size([4096, 10])
[DEBUG] Targets shape: torch.Size([4096, 1])
[DEBUG] Predictions shape: torch.Size([4096, 10])
[DEBUG] Targets shape: torch.Size([4096, 1])
[DEBUG] Predictions shape: torch.Size([4096, 10])
[DEBUG] Targets shape: torch.Size([4096, 1])
[DEBUG] Predictions shape: torch.Size([4096, 10])
[DEBUG] Targets shape: torch.Size([4096, 1])
[DEBUG] Predictions shape: torch.Size([4096, 10])
[DEBUG] Targets shape: torch.Size([4096, 1])
[DEBUG] Predictions shape: torch.Size([4096, 10])
[DEBUG] Targets shape: torch.Size([4096, 1])
[DEBUG] Predictions shape: torch.Size([1456, 10])
[DEBUG] Targets shape: torch.Size([1456, 1])
[DEBUG] Writing to CSV - Epoch: 9, Train MSE: 3.6192218766926576, Test MSE: 4.8110072057380515, Train Acc: 9.508988902084443, Test Acc: 9.891671788567917
[DEBUG] Predictions shape: torch.Size([4096, 10])
[DEBUG] Targets shape: torch.Size([4096, 1])
[DEBUG] Predictions shape: torch.Size([4096, 10])
[DEBUG] Targets shape: torch.Size([4096, 1])
[DEBUG] Predictions shape: torch.Size([4096, 10])
[DEBUG] Targets shape: torch.Size([4096, 1])
[DEBUG] Predictions shape: torch.Size([4096, 10])
[DEBUG] Targets shape: torch.Size([4096, 1])
[DEBUG] Predictions shape: torch.Size([4096, 10])
[DEBUG] Targets shape: torch.Size([4096, 1])
[DEBUG] Predictions shape: torch.Size([4096, 10])
[DEBUG] Targets shape: torch.Size([4096, 1])
[DEBUG] Predictions shape: torch.Size([4096, 10])
[DEBUG] Targets shape: torch.Size([4096, 1])
[DEBUG] Predictions shape: torch.Size([4096, 10])
[DEBUG] Targets shape: torch.Size([4096, 1])
[DEBUG] Predictions shape: torch.Size([4096, 10])
[DEBUG] Targets shape: torch.Size([4096, 1])
[DEBUG] Predictions shape: torch.Size([4096, 10])
[DEBUG] Targets shape: torch.Size([4096, 1])
[DEBUG] Predictions shape: torch.Size([4096, 10])
[DEBUG] Targets shape: torch.Size([4096, 1])
[DEBUG] Predictions shape: torch.Size([4096, 10])
[DEBUG] Targets shape: torch.Size([4096, 1])
[DEBUG] Predictions shape: torch.Size([4096, 10])
[DEBUG] Targets shape: torch.Size([4096, 1])
[DEBUG] Predictions shape: torch.Size([4096, 10])
[DEBUG] Targets shape: torch.Size([4096, 1])
[DEBUG] Predictions shape: torch.Size([4096, 10])
[DEBUG] Targets shape: torch.Size([4096, 1])
[DEBUG] Predictions shape: torch.Size([4096, 10])
[DEBUG] Targets shape: torch.Size([4096, 1])
[DEBUG] Predictions shape: torch.Size([4096, 10])
[DEBUG] Targets shape: torch.Size([4096, 1])
[DEBUG] Predictions shape: torch.Size([3625, 10])
[DEBUG] Targets shape: torch.Size([3625, 1])
[DEBUG] Predictions shape: torch.Size([4096, 10])
[DEBUG] Targets shape: torch.Size([4096, 1])
[DEBUG] Predictions shape: torch.Size([4096, 10])
[DEBUG] Targets shape: torch.Size([4096, 1])
[DEBUG] Predictions shape: torch.Size([4096, 10])
[DEBUG] Targets shape: torch.Size([4096, 1])
[DEBUG] Predictions shape: torch.Size([4096, 10])
[DEBUG] Targets shape: torch.Size([4096, 1])
[DEBUG] Predictions shape: torch.Size([4096, 10])
[DEBUG] Targets shape: torch.Size([4096, 1])
[DEBUG] Predictions shape: torch.Size([4096, 10])
[DEBUG] Targets shape: torch.Size([4096, 1])
[DEBUG] Predictions shape: torch.Size([1456, 10])
[DEBUG] Targets shape: torch.Size([1456, 1])
[DEBUG] Writing to CSV - Epoch: 10, Train MSE: 3.6724015647217434, Test MSE: 5.331792546549529, Train Acc: 9.42845052349946, Test Acc: 9.572833435771358
[Epoch 10] train_mse=3.672402  test_mse=5.331793
[DEBUG] Predictions shape: torch.Size([4096, 10])
[DEBUG] Targets shape: torch.Size([4096, 1])
[DEBUG] Predictions shape: torch.Size([4096, 10])
[DEBUG] Targets shape: torch.Size([4096, 1])
[DEBUG] Predictions shape: torch.Size([4096, 10])
[DEBUG] Targets shape: torch.Size([4096, 1])
[DEBUG] Predictions shape: torch.Size([4096, 10])
[DEBUG] Targets shape: torch.Size([4096, 1])
[DEBUG] Predictions shape: torch.Size([4096, 10])
[DEBUG] Targets shape: torch.Size([4096, 1])
[DEBUG] Predictions shape: torch.Size([4096, 10])
[DEBUG] Targets shape: torch.Size([4096, 1])
[DEBUG] Predictions shape: torch.Size([4096, 10])
[DEBUG] Targets shape: torch.Size([4096, 1])
[DEBUG] Predictions shape: torch.Size([4096, 10])
[DEBUG] Targets shape: torch.Size([4096, 1])
[DEBUG] Predictions shape: torch.Size([4096, 10])
[DEBUG] Targets shape: torch.Size([4096, 1])
[DEBUG] Predictions shape: torch.Size([4096, 10])
[DEBUG] Targets shape: torch.Size([4096, 1])
[DEBUG] Predictions shape: torch.Size([4096, 10])
[DEBUG] Targets shape: torch.Size([4096, 1])
[DEBUG] Predictions shape: torch.Size([4096, 10])
[DEBUG] Targets shape: torch.Size([4096, 1])
[DEBUG] Predictions shape: torch.Size([4096, 10])
[DEBUG] Targets shape: torch.Size([4096, 1])
[DEBUG] Predictions shape: torch.Size([4096, 10])
[DEBUG] Targets shape: torch.Size([4096, 1])
[DEBUG] Predictions shape: torch.Size([4096, 10])
[DEBUG] Targets shape: torch.Size([4096, 1])
[DEBUG] Predictions shape: torch.Size([4096, 10])
[DEBUG] Targets shape: torch.Size([4096, 1])
[DEBUG] Predictions shape: torch.Size([4096, 10])
[DEBUG] Targets shape: torch.Size([4096, 1])
[DEBUG] Predictions shape: torch.Size([3625, 10])
[DEBUG] Targets shape: torch.Size([3625, 1])
[DEBUG] Predictions shape: torch.Size([4096, 10])
[DEBUG] Targets shape: torch.Size([4096, 1])
[DEBUG] Predictions shape: torch.Size([4096, 10])
[DEBUG] Targets shape: torch.Size([4096, 1])
[DEBUG] Predictions shape: torch.Size([4096, 10])
[DEBUG] Targets shape: torch.Size([4096, 1])
[DEBUG] Predictions shape: torch.Size([4096, 10])
[DEBUG] Targets shape: torch.Size([4096, 1])
[DEBUG] Predictions shape: torch.Size([4096, 10])
[DEBUG] Targets shape: torch.Size([4096, 1])
[DEBUG] Predictions shape: torch.Size([4096, 10])
[DEBUG] Targets shape: torch.Size([4096, 1])
[DEBUG] Predictions shape: torch.Size([1456, 10])
[DEBUG] Targets shape: torch.Size([1456, 1])
[DEBUG] Writing to CSV - Epoch: 11, Train MSE: 2.9823068920464704, Test MSE: 3.7856574509872125, Train Acc: 10.396276123783393, Test Acc: 9.90319606637984
[DEBUG] Predictions shape: torch.Size([4096, 10])
[DEBUG] Targets shape: torch.Size([4096, 1])
[DEBUG] Predictions shape: torch.Size([4096, 10])
[DEBUG] Targets shape: torch.Size([4096, 1])
[DEBUG] Predictions shape: torch.Size([4096, 10])
[DEBUG] Targets shape: torch.Size([4096, 1])
[DEBUG] Predictions shape: torch.Size([4096, 10])
[DEBUG] Targets shape: torch.Size([4096, 1])
[DEBUG] Predictions shape: torch.Size([4096, 10])
[DEBUG] Targets shape: torch.Size([4096, 1])
[DEBUG] Predictions shape: torch.Size([4096, 10])
[DEBUG] Targets shape: torch.Size([4096, 1])
[DEBUG] Predictions shape: torch.Size([4096, 10])
[DEBUG] Targets shape: torch.Size([4096, 1])
[DEBUG] Predictions shape: torch.Size([4096, 10])
[DEBUG] Targets shape: torch.Size([4096, 1])
[DEBUG] Predictions shape: torch.Size([4096, 10])
[DEBUG] Targets shape: torch.Size([4096, 1])
[DEBUG] Predictions shape: torch.Size([4096, 10])
[DEBUG] Targets shape: torch.Size([4096, 1])
[DEBUG] Predictions shape: torch.Size([4096, 10])
[DEBUG] Targets shape: torch.Size([4096, 1])
[DEBUG] Predictions shape: torch.Size([4096, 10])
[DEBUG] Targets shape: torch.Size([4096, 1])
[DEBUG] Predictions shape: torch.Size([4096, 10])
[DEBUG] Targets shape: torch.Size([4096, 1])
[DEBUG] Predictions shape: torch.Size([4096, 10])
[DEBUG] Targets shape: torch.Size([4096, 1])
[DEBUG] Predictions shape: torch.Size([4096, 10])
[DEBUG] Targets shape: torch.Size([4096, 1])
[DEBUG] Predictions shape: torch.Size([4096, 10])
[DEBUG] Targets shape: torch.Size([4096, 1])
[DEBUG] Predictions shape: torch.Size([4096, 10])
[DEBUG] Targets shape: torch.Size([4096, 1])
[DEBUG] Predictions shape: torch.Size([3625, 10])
[DEBUG] Targets shape: torch.Size([3625, 1])
[DEBUG] Predictions shape: torch.Size([4096, 10])
[DEBUG] Targets shape: torch.Size([4096, 1])
[DEBUG] Predictions shape: torch.Size([4096, 10])
[DEBUG] Targets shape: torch.Size([4096, 1])
[DEBUG] Predictions shape: torch.Size([4096, 10])
[DEBUG] Targets shape: torch.Size([4096, 1])
[DEBUG] Predictions shape: torch.Size([4096, 10])
[DEBUG] Targets shape: torch.Size([4096, 1])
[DEBUG] Predictions shape: torch.Size([4096, 10])
[DEBUG] Targets shape: torch.Size([4096, 1])
[DEBUG] Predictions shape: torch.Size([4096, 10])
[DEBUG] Targets shape: torch.Size([4096, 1])
[DEBUG] Predictions shape: torch.Size([1456, 10])
[DEBUG] Targets shape: torch.Size([1456, 1])
[DEBUG] Writing to CSV - Epoch: 12, Train MSE: 2.7903874731865113, Test MSE: 3.909477980501753, Train Acc: 9.675525888311014, Test Acc: 9.634296250768285
[DEBUG] Predictions shape: torch.Size([4096, 10])
[DEBUG] Targets shape: torch.Size([4096, 1])
[DEBUG] Predictions shape: torch.Size([4096, 10])
[DEBUG] Targets shape: torch.Size([4096, 1])
[DEBUG] Predictions shape: torch.Size([4096, 10])
[DEBUG] Targets shape: torch.Size([4096, 1])
[DEBUG] Predictions shape: torch.Size([4096, 10])
[DEBUG] Targets shape: torch.Size([4096, 1])
[DEBUG] Predictions shape: torch.Size([4096, 10])
[DEBUG] Targets shape: torch.Size([4096, 1])
[DEBUG] Predictions shape: torch.Size([4096, 10])
[DEBUG] Targets shape: torch.Size([4096, 1])
[DEBUG] Predictions shape: torch.Size([4096, 10])
[DEBUG] Targets shape: torch.Size([4096, 1])
[DEBUG] Predictions shape: torch.Size([4096, 10])
[DEBUG] Targets shape: torch.Size([4096, 1])
[DEBUG] Predictions shape: torch.Size([4096, 10])
[DEBUG] Targets shape: torch.Size([4096, 1])
[DEBUG] Predictions shape: torch.Size([4096, 10])
[DEBUG] Targets shape: torch.Size([4096, 1])
[DEBUG] Predictions shape: torch.Size([4096, 10])
[DEBUG] Targets shape: torch.Size([4096, 1])
[DEBUG] Predictions shape: torch.Size([4096, 10])
[DEBUG] Targets shape: torch.Size([4096, 1])
[DEBUG] Predictions shape: torch.Size([4096, 10])
[DEBUG] Targets shape: torch.Size([4096, 1])
[DEBUG] Predictions shape: torch.Size([4096, 10])
[DEBUG] Targets shape: torch.Size([4096, 1])
[DEBUG] Predictions shape: torch.Size([4096, 10])
[DEBUG] Targets shape: torch.Size([4096, 1])
[DEBUG] Predictions shape: torch.Size([4096, 10])
[DEBUG] Targets shape: torch.Size([4096, 1])
[DEBUG] Predictions shape: torch.Size([4096, 10])
[DEBUG] Targets shape: torch.Size([4096, 1])
[DEBUG] Predictions shape: torch.Size([3625, 10])
[DEBUG] Targets shape: torch.Size([3625, 1])
[DEBUG] Predictions shape: torch.Size([4096, 10])
[DEBUG] Targets shape: torch.Size([4096, 1])
[DEBUG] Predictions shape: torch.Size([4096, 10])
[DEBUG] Targets shape: torch.Size([4096, 1])
[DEBUG] Predictions shape: torch.Size([4096, 10])
[DEBUG] Targets shape: torch.Size([4096, 1])
[DEBUG] Predictions shape: torch.Size([4096, 10])
[DEBUG] Targets shape: torch.Size([4096, 1])
[DEBUG] Predictions shape: torch.Size([4096, 10])
[DEBUG] Targets shape: torch.Size([4096, 1])
[DEBUG] Predictions shape: torch.Size([4096, 10])
[DEBUG] Targets shape: torch.Size([4096, 1])
[DEBUG] Predictions shape: torch.Size([1456, 10])
[DEBUG] Targets shape: torch.Size([1456, 1])
[DEBUG] Writing to CSV - Epoch: 13, Train MSE: 2.7582779503790342, Test MSE: 3.8049056176840343, Train Acc: 8.815539811895109, Test Acc: 9.000460971112476
[DEBUG] Predictions shape: torch.Size([4096, 10])
[DEBUG] Targets shape: torch.Size([4096, 1])
[DEBUG] Predictions shape: torch.Size([4096, 10])
[DEBUG] Targets shape: torch.Size([4096, 1])
[DEBUG] Predictions shape: torch.Size([4096, 10])
[DEBUG] Targets shape: torch.Size([4096, 1])
[DEBUG] Predictions shape: torch.Size([4096, 10])
[DEBUG] Targets shape: torch.Size([4096, 1])
[DEBUG] Predictions shape: torch.Size([4096, 10])
[DEBUG] Targets shape: torch.Size([4096, 1])
[DEBUG] Predictions shape: torch.Size([4096, 10])
[DEBUG] Targets shape: torch.Size([4096, 1])
[DEBUG] Predictions shape: torch.Size([4096, 10])
[DEBUG] Targets shape: torch.Size([4096, 1])
[DEBUG] Predictions shape: torch.Size([4096, 10])
[DEBUG] Targets shape: torch.Size([4096, 1])
[DEBUG] Predictions shape: torch.Size([4096, 10])
[DEBUG] Targets shape: torch.Size([4096, 1])
[DEBUG] Predictions shape: torch.Size([4096, 10])
[DEBUG] Targets shape: torch.Size([4096, 1])
[DEBUG] Predictions shape: torch.Size([4096, 10])
[DEBUG] Targets shape: torch.Size([4096, 1])
[DEBUG] Predictions shape: torch.Size([4096, 10])
[DEBUG] Targets shape: torch.Size([4096, 1])
[DEBUG] Predictions shape: torch.Size([4096, 10])
[DEBUG] Targets shape: torch.Size([4096, 1])
[DEBUG] Predictions shape: torch.Size([4096, 10])
[DEBUG] Targets shape: torch.Size([4096, 1])
[DEBUG] Predictions shape: torch.Size([4096, 10])
[DEBUG] Targets shape: torch.Size([4096, 1])
[DEBUG] Predictions shape: torch.Size([4096, 10])
[DEBUG] Targets shape: torch.Size([4096, 1])
[DEBUG] Predictions shape: torch.Size([4096, 10])
[DEBUG] Targets shape: torch.Size([4096, 1])
[DEBUG] Predictions shape: torch.Size([3625, 10])
[DEBUG] Targets shape: torch.Size([3625, 1])
[DEBUG] Predictions shape: torch.Size([4096, 10])
[DEBUG] Targets shape: torch.Size([4096, 1])
[DEBUG] Predictions shape: torch.Size([4096, 10])
[DEBUG] Targets shape: torch.Size([4096, 1])
[DEBUG] Predictions shape: torch.Size([4096, 10])
[DEBUG] Targets shape: torch.Size([4096, 1])
[DEBUG] Predictions shape: torch.Size([4096, 10])
[DEBUG] Targets shape: torch.Size([4096, 1])
[DEBUG] Predictions shape: torch.Size([4096, 10])
[DEBUG] Targets shape: torch.Size([4096, 1])
[DEBUG] Predictions shape: torch.Size([4096, 10])
[DEBUG] Targets shape: torch.Size([4096, 1])
[DEBUG] Predictions shape: torch.Size([1456, 10])
[DEBUG] Targets shape: torch.Size([1456, 1])
[DEBUG] Writing to CSV - Epoch: 14, Train MSE: 2.873089363158497, Test MSE: 3.9269573650407, Train Acc: 10.927283399538611, Test Acc: 10.636908420405655
[DEBUG] Predictions shape: torch.Size([4096, 10])
[DEBUG] Targets shape: torch.Size([4096, 1])
[DEBUG] Predictions shape: torch.Size([4096, 10])
[DEBUG] Targets shape: torch.Size([4096, 1])
[DEBUG] Predictions shape: torch.Size([4096, 10])
[DEBUG] Targets shape: torch.Size([4096, 1])
[DEBUG] Predictions shape: torch.Size([4096, 10])
[DEBUG] Targets shape: torch.Size([4096, 1])
[DEBUG] Predictions shape: torch.Size([4096, 10])
[DEBUG] Targets shape: torch.Size([4096, 1])
[DEBUG] Predictions shape: torch.Size([4096, 10])
[DEBUG] Targets shape: torch.Size([4096, 1])
[DEBUG] Predictions shape: torch.Size([4096, 10])
[DEBUG] Targets shape: torch.Size([4096, 1])
[DEBUG] Predictions shape: torch.Size([4096, 10])
[DEBUG] Targets shape: torch.Size([4096, 1])
[DEBUG] Predictions shape: torch.Size([4096, 10])
[DEBUG] Targets shape: torch.Size([4096, 1])
[DEBUG] Predictions shape: torch.Size([4096, 10])
[DEBUG] Targets shape: torch.Size([4096, 1])
[DEBUG] Predictions shape: torch.Size([4096, 10])
[DEBUG] Targets shape: torch.Size([4096, 1])
[DEBUG] Predictions shape: torch.Size([4096, 10])
[DEBUG] Targets shape: torch.Size([4096, 1])
[DEBUG] Predictions shape: torch.Size([4096, 10])
[DEBUG] Targets shape: torch.Size([4096, 1])
[DEBUG] Predictions shape: torch.Size([4096, 10])
[DEBUG] Targets shape: torch.Size([4096, 1])
[DEBUG] Predictions shape: torch.Size([4096, 10])
[DEBUG] Targets shape: torch.Size([4096, 1])
[DEBUG] Predictions shape: torch.Size([4096, 10])
[DEBUG] Targets shape: torch.Size([4096, 1])
[DEBUG] Predictions shape: torch.Size([4096, 10])
[DEBUG] Targets shape: torch.Size([4096, 1])
[DEBUG] Predictions shape: torch.Size([3625, 10])
[DEBUG] Targets shape: torch.Size([3625, 1])
[DEBUG] Predictions shape: torch.Size([4096, 10])
[DEBUG] Targets shape: torch.Size([4096, 1])
[DEBUG] Predictions shape: torch.Size([4096, 10])
[DEBUG] Targets shape: torch.Size([4096, 1])
[DEBUG] Predictions shape: torch.Size([4096, 10])
[DEBUG] Targets shape: torch.Size([4096, 1])
[DEBUG] Predictions shape: torch.Size([4096, 10])
[DEBUG] Targets shape: torch.Size([4096, 1])
[DEBUG] Predictions shape: torch.Size([4096, 10])
[DEBUG] Targets shape: torch.Size([4096, 1])
[DEBUG] Predictions shape: torch.Size([4096, 10])
[DEBUG] Targets shape: torch.Size([4096, 1])
[DEBUG] Predictions shape: torch.Size([1456, 10])
[DEBUG] Targets shape: torch.Size([1456, 1])
[DEBUG] Writing to CSV - Epoch: 15, Train MSE: 2.5805866910603603, Test MSE: 3.733917120269419, Train Acc: 11.411878728312653, Test Acc: 11.858481868469577
[DEBUG] Predictions shape: torch.Size([4096, 10])
[DEBUG] Targets shape: torch.Size([4096, 1])
[DEBUG] Predictions shape: torch.Size([4096, 10])
[DEBUG] Targets shape: torch.Size([4096, 1])
[DEBUG] Predictions shape: torch.Size([4096, 10])
[DEBUG] Targets shape: torch.Size([4096, 1])
[DEBUG] Predictions shape: torch.Size([4096, 10])
[DEBUG] Targets shape: torch.Size([4096, 1])
[DEBUG] Predictions shape: torch.Size([4096, 10])
[DEBUG] Targets shape: torch.Size([4096, 1])
[DEBUG] Predictions shape: torch.Size([4096, 10])
[DEBUG] Targets shape: torch.Size([4096, 1])
[DEBUG] Predictions shape: torch.Size([4096, 10])
[DEBUG] Targets shape: torch.Size([4096, 1])
[DEBUG] Predictions shape: torch.Size([4096, 10])
[DEBUG] Targets shape: torch.Size([4096, 1])
[DEBUG] Predictions shape: torch.Size([4096, 10])
[DEBUG] Targets shape: torch.Size([4096, 1])
[DEBUG] Predictions shape: torch.Size([4096, 10])
[DEBUG] Targets shape: torch.Size([4096, 1])
[DEBUG] Predictions shape: torch.Size([4096, 10])
[DEBUG] Targets shape: torch.Size([4096, 1])
[DEBUG] Predictions shape: torch.Size([4096, 10])
[DEBUG] Targets shape: torch.Size([4096, 1])
[DEBUG] Predictions shape: torch.Size([4096, 10])
[DEBUG] Targets shape: torch.Size([4096, 1])
[DEBUG] Predictions shape: torch.Size([4096, 10])
[DEBUG] Targets shape: torch.Size([4096, 1])
[DEBUG] Predictions shape: torch.Size([4096, 10])
[DEBUG] Targets shape: torch.Size([4096, 1])
[DEBUG] Predictions shape: torch.Size([4096, 10])
[DEBUG] Targets shape: torch.Size([4096, 1])
[DEBUG] Predictions shape: torch.Size([4096, 10])
[DEBUG] Targets shape: torch.Size([4096, 1])
[DEBUG] Predictions shape: torch.Size([3625, 10])
[DEBUG] Targets shape: torch.Size([3625, 1])
[DEBUG] Predictions shape: torch.Size([4096, 10])
[DEBUG] Targets shape: torch.Size([4096, 1])
[DEBUG] Predictions shape: torch.Size([4096, 10])
[DEBUG] Targets shape: torch.Size([4096, 1])
[DEBUG] Predictions shape: torch.Size([4096, 10])
[DEBUG] Targets shape: torch.Size([4096, 1])
[DEBUG] Predictions shape: torch.Size([4096, 10])
[DEBUG] Targets shape: torch.Size([4096, 1])
[DEBUG] Predictions shape: torch.Size([4096, 10])
[DEBUG] Targets shape: torch.Size([4096, 1])
[DEBUG] Predictions shape: torch.Size([4096, 10])
[DEBUG] Targets shape: torch.Size([4096, 1])
[DEBUG] Predictions shape: torch.Size([1456, 10])
[DEBUG] Targets shape: torch.Size([1456, 1])
[DEBUG] Writing to CSV - Epoch: 16, Train MSE: 2.5170107540582505, Test MSE: 3.6520911709399186, Train Acc: 8.984806912649987, Test Acc: 8.024738783036263
[DEBUG] Predictions shape: torch.Size([4096, 10])
[DEBUG] Targets shape: torch.Size([4096, 1])
[DEBUG] Predictions shape: torch.Size([4096, 10])
[DEBUG] Targets shape: torch.Size([4096, 1])
[DEBUG] Predictions shape: torch.Size([4096, 10])
[DEBUG] Targets shape: torch.Size([4096, 1])
[DEBUG] Predictions shape: torch.Size([4096, 10])
[DEBUG] Targets shape: torch.Size([4096, 1])
[DEBUG] Predictions shape: torch.Size([4096, 10])
[DEBUG] Targets shape: torch.Size([4096, 1])
[DEBUG] Predictions shape: torch.Size([4096, 10])
[DEBUG] Targets shape: torch.Size([4096, 1])
[DEBUG] Predictions shape: torch.Size([4096, 10])
[DEBUG] Targets shape: torch.Size([4096, 1])
[DEBUG] Predictions shape: torch.Size([4096, 10])
[DEBUG] Targets shape: torch.Size([4096, 1])
[DEBUG] Predictions shape: torch.Size([4096, 10])
[DEBUG] Targets shape: torch.Size([4096, 1])
[DEBUG] Predictions shape: torch.Size([4096, 10])
[DEBUG] Targets shape: torch.Size([4096, 1])
[DEBUG] Predictions shape: torch.Size([4096, 10])
[DEBUG] Targets shape: torch.Size([4096, 1])
[DEBUG] Predictions shape: torch.Size([4096, 10])
[DEBUG] Targets shape: torch.Size([4096, 1])
[DEBUG] Predictions shape: torch.Size([4096, 10])
[DEBUG] Targets shape: torch.Size([4096, 1])
[DEBUG] Predictions shape: torch.Size([4096, 10])
[DEBUG] Targets shape: torch.Size([4096, 1])
[DEBUG] Predictions shape: torch.Size([4096, 10])
[DEBUG] Targets shape: torch.Size([4096, 1])
[DEBUG] Predictions shape: torch.Size([4096, 10])
[DEBUG] Targets shape: torch.Size([4096, 1])
[DEBUG] Predictions shape: torch.Size([4096, 10])
[DEBUG] Targets shape: torch.Size([4096, 1])
[DEBUG] Predictions shape: torch.Size([3625, 10])
[DEBUG] Targets shape: torch.Size([3625, 1])
[DEBUG] Predictions shape: torch.Size([4096, 10])
[DEBUG] Targets shape: torch.Size([4096, 1])
[DEBUG] Predictions shape: torch.Size([4096, 10])
[DEBUG] Targets shape: torch.Size([4096, 1])
[DEBUG] Predictions shape: torch.Size([4096, 10])
[DEBUG] Targets shape: torch.Size([4096, 1])
[DEBUG] Predictions shape: torch.Size([4096, 10])
[DEBUG] Targets shape: torch.Size([4096, 1])
[DEBUG] Predictions shape: torch.Size([4096, 10])
[DEBUG] Targets shape: torch.Size([4096, 1])
[DEBUG] Predictions shape: torch.Size([4096, 10])
[DEBUG] Targets shape: torch.Size([4096, 1])
[DEBUG] Predictions shape: torch.Size([1456, 10])
[DEBUG] Targets shape: torch.Size([1456, 1])
[DEBUG] Writing to CSV - Epoch: 17, Train MSE: 2.3466894232328683, Test MSE: 3.650452823234469, Train Acc: 10.177866961519035, Test Acc: 10.152888752304856
[DEBUG] Predictions shape: torch.Size([4096, 10])
[DEBUG] Targets shape: torch.Size([4096, 1])
[DEBUG] Predictions shape: torch.Size([4096, 10])
[DEBUG] Targets shape: torch.Size([4096, 1])
[DEBUG] Predictions shape: torch.Size([4096, 10])
[DEBUG] Targets shape: torch.Size([4096, 1])
[DEBUG] Predictions shape: torch.Size([4096, 10])
[DEBUG] Targets shape: torch.Size([4096, 1])
[DEBUG] Predictions shape: torch.Size([4096, 10])
[DEBUG] Targets shape: torch.Size([4096, 1])
[DEBUG] Predictions shape: torch.Size([4096, 10])
[DEBUG] Targets shape: torch.Size([4096, 1])
[DEBUG] Predictions shape: torch.Size([4096, 10])
[DEBUG] Targets shape: torch.Size([4096, 1])
[DEBUG] Predictions shape: torch.Size([4096, 10])
[DEBUG] Targets shape: torch.Size([4096, 1])
[DEBUG] Predictions shape: torch.Size([4096, 10])
[DEBUG] Targets shape: torch.Size([4096, 1])
[DEBUG] Predictions shape: torch.Size([4096, 10])
[DEBUG] Targets shape: torch.Size([4096, 1])
[DEBUG] Predictions shape: torch.Size([4096, 10])
[DEBUG] Targets shape: torch.Size([4096, 1])
[DEBUG] Predictions shape: torch.Size([4096, 10])
[DEBUG] Targets shape: torch.Size([4096, 1])
[DEBUG] Predictions shape: torch.Size([4096, 10])
[DEBUG] Targets shape: torch.Size([4096, 1])
[DEBUG] Predictions shape: torch.Size([4096, 10])
[DEBUG] Targets shape: torch.Size([4096, 1])
[DEBUG] Predictions shape: torch.Size([4096, 10])
[DEBUG] Targets shape: torch.Size([4096, 1])
[DEBUG] Predictions shape: torch.Size([4096, 10])
[DEBUG] Targets shape: torch.Size([4096, 1])
[DEBUG] Predictions shape: torch.Size([4096, 10])
[DEBUG] Targets shape: torch.Size([4096, 1])
[DEBUG] Predictions shape: torch.Size([3625, 10])
[DEBUG] Targets shape: torch.Size([3625, 1])
[DEBUG] Predictions shape: torch.Size([4096, 10])
[DEBUG] Targets shape: torch.Size([4096, 1])
[DEBUG] Predictions shape: torch.Size([4096, 10])
[DEBUG] Targets shape: torch.Size([4096, 1])
[DEBUG] Predictions shape: torch.Size([4096, 10])
[DEBUG] Targets shape: torch.Size([4096, 1])
[DEBUG] Predictions shape: torch.Size([4096, 10])
[DEBUG] Targets shape: torch.Size([4096, 1])
[DEBUG] Predictions shape: torch.Size([4096, 10])
[DEBUG] Targets shape: torch.Size([4096, 1])
[DEBUG] Predictions shape: torch.Size([4096, 10])
[DEBUG] Targets shape: torch.Size([4096, 1])
[DEBUG] Predictions shape: torch.Size([1456, 10])
[DEBUG] Targets shape: torch.Size([1456, 1])
[DEBUG] Writing to CSV - Epoch: 18, Train MSE: 2.37759933882469, Test MSE: 3.6306410468862915, Train Acc: 9.306960426989912, Test Acc: 9.188690842040565
[DEBUG] Predictions shape: torch.Size([4096, 10])
[DEBUG] Targets shape: torch.Size([4096, 1])
[DEBUG] Predictions shape: torch.Size([4096, 10])
[DEBUG] Targets shape: torch.Size([4096, 1])
[DEBUG] Predictions shape: torch.Size([4096, 10])
[DEBUG] Targets shape: torch.Size([4096, 1])
[DEBUG] Predictions shape: torch.Size([4096, 10])
[DEBUG] Targets shape: torch.Size([4096, 1])
[DEBUG] Predictions shape: torch.Size([4096, 10])
[DEBUG] Targets shape: torch.Size([4096, 1])
[DEBUG] Predictions shape: torch.Size([4096, 10])
[DEBUG] Targets shape: torch.Size([4096, 1])
[DEBUG] Predictions shape: torch.Size([4096, 10])
[DEBUG] Targets shape: torch.Size([4096, 1])
[DEBUG] Predictions shape: torch.Size([4096, 10])
[DEBUG] Targets shape: torch.Size([4096, 1])
[DEBUG] Predictions shape: torch.Size([4096, 10])
[DEBUG] Targets shape: torch.Size([4096, 1])
[DEBUG] Predictions shape: torch.Size([4096, 10])
[DEBUG] Targets shape: torch.Size([4096, 1])
[DEBUG] Predictions shape: torch.Size([4096, 10])
[DEBUG] Targets shape: torch.Size([4096, 1])
[DEBUG] Predictions shape: torch.Size([4096, 10])
[DEBUG] Targets shape: torch.Size([4096, 1])
[DEBUG] Predictions shape: torch.Size([4096, 10])
[DEBUG] Targets shape: torch.Size([4096, 1])
[DEBUG] Predictions shape: torch.Size([4096, 10])
[DEBUG] Targets shape: torch.Size([4096, 1])
[DEBUG] Predictions shape: torch.Size([4096, 10])
[DEBUG] Targets shape: torch.Size([4096, 1])
[DEBUG] Predictions shape: torch.Size([4096, 10])
[DEBUG] Targets shape: torch.Size([4096, 1])
[DEBUG] Predictions shape: torch.Size([4096, 10])
[DEBUG] Targets shape: torch.Size([4096, 1])
[DEBUG] Predictions shape: torch.Size([3625, 10])
[DEBUG] Targets shape: torch.Size([3625, 1])
[DEBUG] Predictions shape: torch.Size([4096, 10])
[DEBUG] Targets shape: torch.Size([4096, 1])
[DEBUG] Predictions shape: torch.Size([4096, 10])
[DEBUG] Targets shape: torch.Size([4096, 1])
[DEBUG] Predictions shape: torch.Size([4096, 10])
[DEBUG] Targets shape: torch.Size([4096, 1])
[DEBUG] Predictions shape: torch.Size([4096, 10])
[DEBUG] Targets shape: torch.Size([4096, 1])
[DEBUG] Predictions shape: torch.Size([4096, 10])
[DEBUG] Targets shape: torch.Size([4096, 1])
[DEBUG] Predictions shape: torch.Size([4096, 10])
[DEBUG] Targets shape: torch.Size([4096, 1])
[DEBUG] Predictions shape: torch.Size([1456, 10])
[DEBUG] Targets shape: torch.Size([1456, 1])
[DEBUG] Writing to CSV - Epoch: 19, Train MSE: 3.9229524773155973, Test MSE: 6.502402563511263, Train Acc: 8.98071174085753, Test Acc: 9.47679778733866
[DEBUG] Predictions shape: torch.Size([4096, 10])
[DEBUG] Targets shape: torch.Size([4096, 1])
[DEBUG] Predictions shape: torch.Size([4096, 10])
[DEBUG] Targets shape: torch.Size([4096, 1])
[DEBUG] Predictions shape: torch.Size([4096, 10])
[DEBUG] Targets shape: torch.Size([4096, 1])
[DEBUG] Predictions shape: torch.Size([4096, 10])
[DEBUG] Targets shape: torch.Size([4096, 1])
[DEBUG] Predictions shape: torch.Size([4096, 10])
[DEBUG] Targets shape: torch.Size([4096, 1])
[DEBUG] Predictions shape: torch.Size([4096, 10])
[DEBUG] Targets shape: torch.Size([4096, 1])
[DEBUG] Predictions shape: torch.Size([4096, 10])
[DEBUG] Targets shape: torch.Size([4096, 1])
[DEBUG] Predictions shape: torch.Size([4096, 10])
[DEBUG] Targets shape: torch.Size([4096, 1])
[DEBUG] Predictions shape: torch.Size([4096, 10])
[DEBUG] Targets shape: torch.Size([4096, 1])
[DEBUG] Predictions shape: torch.Size([4096, 10])
[DEBUG] Targets shape: torch.Size([4096, 1])
[DEBUG] Predictions shape: torch.Size([4096, 10])
[DEBUG] Targets shape: torch.Size([4096, 1])
[DEBUG] Predictions shape: torch.Size([4096, 10])
[DEBUG] Targets shape: torch.Size([4096, 1])
[DEBUG] Predictions shape: torch.Size([4096, 10])
[DEBUG] Targets shape: torch.Size([4096, 1])
[DEBUG] Predictions shape: torch.Size([4096, 10])
[DEBUG] Targets shape: torch.Size([4096, 1])
[DEBUG] Predictions shape: torch.Size([4096, 10])
[DEBUG] Targets shape: torch.Size([4096, 1])
[DEBUG] Predictions shape: torch.Size([4096, 10])
[DEBUG] Targets shape: torch.Size([4096, 1])
[DEBUG] Predictions shape: torch.Size([4096, 10])
[DEBUG] Targets shape: torch.Size([4096, 1])
[DEBUG] Predictions shape: torch.Size([3625, 10])
[DEBUG] Targets shape: torch.Size([3625, 1])
[DEBUG] Predictions shape: torch.Size([4096, 10])
[DEBUG] Targets shape: torch.Size([4096, 1])
[DEBUG] Predictions shape: torch.Size([4096, 10])
[DEBUG] Targets shape: torch.Size([4096, 1])
[DEBUG] Predictions shape: torch.Size([4096, 10])
[DEBUG] Targets shape: torch.Size([4096, 1])
[DEBUG] Predictions shape: torch.Size([4096, 10])
[DEBUG] Targets shape: torch.Size([4096, 1])
[DEBUG] Predictions shape: torch.Size([4096, 10])
[DEBUG] Targets shape: torch.Size([4096, 1])
[DEBUG] Predictions shape: torch.Size([4096, 10])
[DEBUG] Targets shape: torch.Size([4096, 1])
[DEBUG] Predictions shape: torch.Size([1456, 10])
[DEBUG] Targets shape: torch.Size([1456, 1])
[DEBUG] Writing to CSV - Epoch: 20, Train MSE: 2.2893927056020313, Test MSE: 3.9054589287664676, Train Acc: 9.47759258500894, Test Acc: 10.594652735095268
[Epoch 20] train_mse=2.289393  test_mse=3.905459
[DEBUG] Predictions shape: torch.Size([4096, 10])
[DEBUG] Targets shape: torch.Size([4096, 1])
[DEBUG] Predictions shape: torch.Size([4096, 10])
[DEBUG] Targets shape: torch.Size([4096, 1])
[DEBUG] Predictions shape: torch.Size([4096, 10])
[DEBUG] Targets shape: torch.Size([4096, 1])
[DEBUG] Predictions shape: torch.Size([4096, 10])
[DEBUG] Targets shape: torch.Size([4096, 1])
[DEBUG] Predictions shape: torch.Size([4096, 10])
[DEBUG] Targets shape: torch.Size([4096, 1])
[DEBUG] Predictions shape: torch.Size([4096, 10])
[DEBUG] Targets shape: torch.Size([4096, 1])
[DEBUG] Predictions shape: torch.Size([4096, 10])
[DEBUG] Targets shape: torch.Size([4096, 1])
[DEBUG] Predictions shape: torch.Size([4096, 10])
[DEBUG] Targets shape: torch.Size([4096, 1])
[DEBUG] Predictions shape: torch.Size([4096, 10])
[DEBUG] Targets shape: torch.Size([4096, 1])
[DEBUG] Predictions shape: torch.Size([4096, 10])
[DEBUG] Targets shape: torch.Size([4096, 1])
[DEBUG] Predictions shape: torch.Size([4096, 10])
[DEBUG] Targets shape: torch.Size([4096, 1])
[DEBUG] Predictions shape: torch.Size([4096, 10])
[DEBUG] Targets shape: torch.Size([4096, 1])
[DEBUG] Predictions shape: torch.Size([4096, 10])
[DEBUG] Targets shape: torch.Size([4096, 1])
[DEBUG] Predictions shape: torch.Size([4096, 10])
[DEBUG] Targets shape: torch.Size([4096, 1])
[DEBUG] Predictions shape: torch.Size([4096, 10])
[DEBUG] Targets shape: torch.Size([4096, 1])
[DEBUG] Predictions shape: torch.Size([4096, 10])
[DEBUG] Targets shape: torch.Size([4096, 1])
[DEBUG] Predictions shape: torch.Size([4096, 10])
[DEBUG] Targets shape: torch.Size([4096, 1])
[DEBUG] Predictions shape: torch.Size([3625, 10])
[DEBUG] Targets shape: torch.Size([3625, 1])
[DEBUG] Predictions shape: torch.Size([4096, 10])
[DEBUG] Targets shape: torch.Size([4096, 1])
[DEBUG] Predictions shape: torch.Size([4096, 10])
[DEBUG] Targets shape: torch.Size([4096, 1])
[DEBUG] Predictions shape: torch.Size([4096, 10])
[DEBUG] Targets shape: torch.Size([4096, 1])
[DEBUG] Predictions shape: torch.Size([4096, 10])
[DEBUG] Targets shape: torch.Size([4096, 1])
[DEBUG] Predictions shape: torch.Size([4096, 10])
[DEBUG] Targets shape: torch.Size([4096, 1])
[DEBUG] Predictions shape: torch.Size([4096, 10])
[DEBUG] Targets shape: torch.Size([4096, 1])
[DEBUG] Predictions shape: torch.Size([1456, 10])
[DEBUG] Targets shape: torch.Size([1456, 1])
[DEBUG] Writing to CSV - Epoch: 21, Train MSE: 2.633747882586038, Test MSE: 4.480844872819916, Train Acc: 10.464528986991004, Test Acc: 10.494775660725262
[DEBUG] Predictions shape: torch.Size([4096, 10])
[DEBUG] Targets shape: torch.Size([4096, 1])
[DEBUG] Predictions shape: torch.Size([4096, 10])
[DEBUG] Targets shape: torch.Size([4096, 1])
[DEBUG] Predictions shape: torch.Size([4096, 10])
[DEBUG] Targets shape: torch.Size([4096, 1])
[DEBUG] Predictions shape: torch.Size([4096, 10])
[DEBUG] Targets shape: torch.Size([4096, 1])
[DEBUG] Predictions shape: torch.Size([4096, 10])
[DEBUG] Targets shape: torch.Size([4096, 1])
[DEBUG] Predictions shape: torch.Size([4096, 10])
[DEBUG] Targets shape: torch.Size([4096, 1])
[DEBUG] Predictions shape: torch.Size([4096, 10])
[DEBUG] Targets shape: torch.Size([4096, 1])
[DEBUG] Predictions shape: torch.Size([4096, 10])
[DEBUG] Targets shape: torch.Size([4096, 1])
[DEBUG] Predictions shape: torch.Size([4096, 10])
[DEBUG] Targets shape: torch.Size([4096, 1])
[DEBUG] Predictions shape: torch.Size([4096, 10])
[DEBUG] Targets shape: torch.Size([4096, 1])
[DEBUG] Predictions shape: torch.Size([4096, 10])
[DEBUG] Targets shape: torch.Size([4096, 1])
[DEBUG] Predictions shape: torch.Size([4096, 10])
[DEBUG] Targets shape: torch.Size([4096, 1])
[DEBUG] Predictions shape: torch.Size([4096, 10])
[DEBUG] Targets shape: torch.Size([4096, 1])
[DEBUG] Predictions shape: torch.Size([4096, 10])
[DEBUG] Targets shape: torch.Size([4096, 1])
[DEBUG] Predictions shape: torch.Size([4096, 10])
[DEBUG] Targets shape: torch.Size([4096, 1])
[DEBUG] Predictions shape: torch.Size([4096, 10])
[DEBUG] Targets shape: torch.Size([4096, 1])
[DEBUG] Predictions shape: torch.Size([4096, 10])
[DEBUG] Targets shape: torch.Size([4096, 1])
[DEBUG] Predictions shape: torch.Size([3625, 10])
[DEBUG] Targets shape: torch.Size([3625, 1])
[DEBUG] Predictions shape: torch.Size([4096, 10])
[DEBUG] Targets shape: torch.Size([4096, 1])
[DEBUG] Predictions shape: torch.Size([4096, 10])
[DEBUG] Targets shape: torch.Size([4096, 1])
[DEBUG] Predictions shape: torch.Size([4096, 10])
[DEBUG] Targets shape: torch.Size([4096, 1])
[DEBUG] Predictions shape: torch.Size([4096, 10])
[DEBUG] Targets shape: torch.Size([4096, 1])
[DEBUG] Predictions shape: torch.Size([4096, 10])
[DEBUG] Targets shape: torch.Size([4096, 1])
[DEBUG] Predictions shape: torch.Size([4096, 10])
[DEBUG] Targets shape: torch.Size([4096, 1])
[DEBUG] Predictions shape: torch.Size([1456, 10])
[DEBUG] Targets shape: torch.Size([1456, 1])
[DEBUG] Writing to CSV - Epoch: 22, Train MSE: 2.395688397859927, Test MSE: 4.122941904589672, Train Acc: 8.894713133215939, Test Acc: 9.269360786724032
[DEBUG] Predictions shape: torch.Size([4096, 10])
[DEBUG] Targets shape: torch.Size([4096, 1])
[DEBUG] Predictions shape: torch.Size([4096, 10])
[DEBUG] Targets shape: torch.Size([4096, 1])
[DEBUG] Predictions shape: torch.Size([4096, 10])
[DEBUG] Targets shape: torch.Size([4096, 1])
[DEBUG] Predictions shape: torch.Size([4096, 10])
[DEBUG] Targets shape: torch.Size([4096, 1])
[DEBUG] Predictions shape: torch.Size([4096, 10])
[DEBUG] Targets shape: torch.Size([4096, 1])
[DEBUG] Predictions shape: torch.Size([4096, 10])
[DEBUG] Targets shape: torch.Size([4096, 1])
[DEBUG] Predictions shape: torch.Size([4096, 10])
[DEBUG] Targets shape: torch.Size([4096, 1])
[DEBUG] Predictions shape: torch.Size([4096, 10])
[DEBUG] Targets shape: torch.Size([4096, 1])
[DEBUG] Predictions shape: torch.Size([4096, 10])
[DEBUG] Targets shape: torch.Size([4096, 1])
[DEBUG] Predictions shape: torch.Size([4096, 10])
[DEBUG] Targets shape: torch.Size([4096, 1])
[DEBUG] Predictions shape: torch.Size([4096, 10])
[DEBUG] Targets shape: torch.Size([4096, 1])
[DEBUG] Predictions shape: torch.Size([4096, 10])
[DEBUG] Targets shape: torch.Size([4096, 1])
[DEBUG] Predictions shape: torch.Size([4096, 10])
[DEBUG] Targets shape: torch.Size([4096, 1])
[DEBUG] Predictions shape: torch.Size([4096, 10])
[DEBUG] Targets shape: torch.Size([4096, 1])
[DEBUG] Predictions shape: torch.Size([4096, 10])
[DEBUG] Targets shape: torch.Size([4096, 1])
[DEBUG] Predictions shape: torch.Size([4096, 10])
[DEBUG] Targets shape: torch.Size([4096, 1])
[DEBUG] Predictions shape: torch.Size([4096, 10])
[DEBUG] Targets shape: torch.Size([4096, 1])
[DEBUG] Predictions shape: torch.Size([3625, 10])
[DEBUG] Targets shape: torch.Size([3625, 1])
[DEBUG] Predictions shape: torch.Size([4096, 10])
[DEBUG] Targets shape: torch.Size([4096, 1])
[DEBUG] Predictions shape: torch.Size([4096, 10])
[DEBUG] Targets shape: torch.Size([4096, 1])
[DEBUG] Predictions shape: torch.Size([4096, 10])
[DEBUG] Targets shape: torch.Size([4096, 1])
[DEBUG] Predictions shape: torch.Size([4096, 10])
[DEBUG] Targets shape: torch.Size([4096, 1])
[DEBUG] Predictions shape: torch.Size([4096, 10])
[DEBUG] Targets shape: torch.Size([4096, 1])
[DEBUG] Predictions shape: torch.Size([4096, 10])
[DEBUG] Targets shape: torch.Size([4096, 1])
[DEBUG] Predictions shape: torch.Size([1456, 10])
[DEBUG] Targets shape: torch.Size([1456, 1])
[DEBUG] Writing to CSV - Epoch: 23, Train MSE: 2.020923164127542, Test MSE: 3.8350869584977443, Train Acc: 9.42845052349946, Test Acc: 9.730331899200984
[DEBUG] Predictions shape: torch.Size([4096, 10])
[DEBUG] Targets shape: torch.Size([4096, 1])
[DEBUG] Predictions shape: torch.Size([4096, 10])
[DEBUG] Targets shape: torch.Size([4096, 1])
[DEBUG] Predictions shape: torch.Size([4096, 10])
[DEBUG] Targets shape: torch.Size([4096, 1])
[DEBUG] Predictions shape: torch.Size([4096, 10])
[DEBUG] Targets shape: torch.Size([4096, 1])
[DEBUG] Predictions shape: torch.Size([4096, 10])
[DEBUG] Targets shape: torch.Size([4096, 1])
[DEBUG] Predictions shape: torch.Size([4096, 10])
[DEBUG] Targets shape: torch.Size([4096, 1])
[DEBUG] Predictions shape: torch.Size([4096, 10])
[DEBUG] Targets shape: torch.Size([4096, 1])
[DEBUG] Predictions shape: torch.Size([4096, 10])
[DEBUG] Targets shape: torch.Size([4096, 1])
[DEBUG] Predictions shape: torch.Size([4096, 10])
[DEBUG] Targets shape: torch.Size([4096, 1])
[DEBUG] Predictions shape: torch.Size([4096, 10])
[DEBUG] Targets shape: torch.Size([4096, 1])
[DEBUG] Predictions shape: torch.Size([4096, 10])
[DEBUG] Targets shape: torch.Size([4096, 1])
[DEBUG] Predictions shape: torch.Size([4096, 10])
[DEBUG] Targets shape: torch.Size([4096, 1])
[DEBUG] Predictions shape: torch.Size([4096, 10])
[DEBUG] Targets shape: torch.Size([4096, 1])
[DEBUG] Predictions shape: torch.Size([4096, 10])
[DEBUG] Targets shape: torch.Size([4096, 1])
[DEBUG] Predictions shape: torch.Size([4096, 10])
[DEBUG] Targets shape: torch.Size([4096, 1])
[DEBUG] Predictions shape: torch.Size([4096, 10])
[DEBUG] Targets shape: torch.Size([4096, 1])
[DEBUG] Predictions shape: torch.Size([4096, 10])
[DEBUG] Targets shape: torch.Size([4096, 1])
[DEBUG] Predictions shape: torch.Size([3625, 10])
[DEBUG] Targets shape: torch.Size([3625, 1])
[DEBUG] Predictions shape: torch.Size([4096, 10])
[DEBUG] Targets shape: torch.Size([4096, 1])
[DEBUG] Predictions shape: torch.Size([4096, 10])
[DEBUG] Targets shape: torch.Size([4096, 1])
[DEBUG] Predictions shape: torch.Size([4096, 10])
[DEBUG] Targets shape: torch.Size([4096, 1])
[DEBUG] Predictions shape: torch.Size([4096, 10])
[DEBUG] Targets shape: torch.Size([4096, 1])
[DEBUG] Predictions shape: torch.Size([4096, 10])
[DEBUG] Targets shape: torch.Size([4096, 1])
[DEBUG] Predictions shape: torch.Size([4096, 10])
[DEBUG] Targets shape: torch.Size([4096, 1])
[DEBUG] Predictions shape: torch.Size([1456, 10])
[DEBUG] Targets shape: torch.Size([1456, 1])
[DEBUG] Writing to CSV - Epoch: 24, Train MSE: 2.1617945770110993, Test MSE: 4.05610124612045, Train Acc: 9.596352566990186, Test Acc: 9.06960663798402
[DEBUG] Predictions shape: torch.Size([4096, 10])
[DEBUG] Targets shape: torch.Size([4096, 1])
[DEBUG] Predictions shape: torch.Size([4096, 10])
[DEBUG] Targets shape: torch.Size([4096, 1])
[DEBUG] Predictions shape: torch.Size([4096, 10])
[DEBUG] Targets shape: torch.Size([4096, 1])
[DEBUG] Predictions shape: torch.Size([4096, 10])
[DEBUG] Targets shape: torch.Size([4096, 1])
[DEBUG] Predictions shape: torch.Size([4096, 10])
[DEBUG] Targets shape: torch.Size([4096, 1])
[DEBUG] Predictions shape: torch.Size([4096, 10])
[DEBUG] Targets shape: torch.Size([4096, 1])
[DEBUG] Predictions shape: torch.Size([4096, 10])
[DEBUG] Targets shape: torch.Size([4096, 1])
[DEBUG] Predictions shape: torch.Size([4096, 10])
[DEBUG] Targets shape: torch.Size([4096, 1])
[DEBUG] Predictions shape: torch.Size([4096, 10])
[DEBUG] Targets shape: torch.Size([4096, 1])
[DEBUG] Predictions shape: torch.Size([4096, 10])
[DEBUG] Targets shape: torch.Size([4096, 1])
[DEBUG] Predictions shape: torch.Size([4096, 10])
[DEBUG] Targets shape: torch.Size([4096, 1])
[DEBUG] Predictions shape: torch.Size([4096, 10])
[DEBUG] Targets shape: torch.Size([4096, 1])
[DEBUG] Predictions shape: torch.Size([4096, 10])
[DEBUG] Targets shape: torch.Size([4096, 1])
[DEBUG] Predictions shape: torch.Size([4096, 10])
[DEBUG] Targets shape: torch.Size([4096, 1])
[DEBUG] Predictions shape: torch.Size([4096, 10])
[DEBUG] Targets shape: torch.Size([4096, 1])
[DEBUG] Predictions shape: torch.Size([4096, 10])
[DEBUG] Targets shape: torch.Size([4096, 1])
[DEBUG] Predictions shape: torch.Size([4096, 10])
[DEBUG] Targets shape: torch.Size([4096, 1])
[DEBUG] Predictions shape: torch.Size([3625, 10])
[DEBUG] Targets shape: torch.Size([3625, 1])
[DEBUG] Predictions shape: torch.Size([4096, 10])
[DEBUG] Targets shape: torch.Size([4096, 1])
[DEBUG] Predictions shape: torch.Size([4096, 10])
[DEBUG] Targets shape: torch.Size([4096, 1])
[DEBUG] Predictions shape: torch.Size([4096, 10])
[DEBUG] Targets shape: torch.Size([4096, 1])
[DEBUG] Predictions shape: torch.Size([4096, 10])
[DEBUG] Targets shape: torch.Size([4096, 1])
[DEBUG] Predictions shape: torch.Size([4096, 10])
[DEBUG] Targets shape: torch.Size([4096, 1])
[DEBUG] Predictions shape: torch.Size([4096, 10])
[DEBUG] Targets shape: torch.Size([4096, 1])
[DEBUG] Predictions shape: torch.Size([1456, 10])
[DEBUG] Targets shape: torch.Size([1456, 1])
[DEBUG] Writing to CSV - Epoch: 25, Train MSE: 3.135336345768838, Test MSE: 5.740296969328765, Train Acc: 9.631844055858144, Test Acc: 9.676551936078672
[DEBUG] Predictions shape: torch.Size([4096, 10])
[DEBUG] Targets shape: torch.Size([4096, 1])
[DEBUG] Predictions shape: torch.Size([4096, 10])
[DEBUG] Targets shape: torch.Size([4096, 1])
[DEBUG] Predictions shape: torch.Size([4096, 10])
[DEBUG] Targets shape: torch.Size([4096, 1])
[DEBUG] Predictions shape: torch.Size([4096, 10])
[DEBUG] Targets shape: torch.Size([4096, 1])
[DEBUG] Predictions shape: torch.Size([4096, 10])
[DEBUG] Targets shape: torch.Size([4096, 1])
[DEBUG] Predictions shape: torch.Size([4096, 10])
[DEBUG] Targets shape: torch.Size([4096, 1])
[DEBUG] Predictions shape: torch.Size([4096, 10])
[DEBUG] Targets shape: torch.Size([4096, 1])
[DEBUG] Predictions shape: torch.Size([4096, 10])
[DEBUG] Targets shape: torch.Size([4096, 1])
[DEBUG] Predictions shape: torch.Size([4096, 10])
[DEBUG] Targets shape: torch.Size([4096, 1])
[DEBUG] Predictions shape: torch.Size([4096, 10])
[DEBUG] Targets shape: torch.Size([4096, 1])
[DEBUG] Predictions shape: torch.Size([4096, 10])
[DEBUG] Targets shape: torch.Size([4096, 1])
[DEBUG] Predictions shape: torch.Size([4096, 10])
[DEBUG] Targets shape: torch.Size([4096, 1])
[DEBUG] Predictions shape: torch.Size([4096, 10])
[DEBUG] Targets shape: torch.Size([4096, 1])
[DEBUG] Predictions shape: torch.Size([4096, 10])
[DEBUG] Targets shape: torch.Size([4096, 1])
[DEBUG] Predictions shape: torch.Size([4096, 10])
[DEBUG] Targets shape: torch.Size([4096, 1])
[DEBUG] Predictions shape: torch.Size([4096, 10])
[DEBUG] Targets shape: torch.Size([4096, 1])
[DEBUG] Predictions shape: torch.Size([4096, 10])
[DEBUG] Targets shape: torch.Size([4096, 1])
[DEBUG] Predictions shape: torch.Size([3625, 10])
[DEBUG] Targets shape: torch.Size([3625, 1])
[DEBUG] Predictions shape: torch.Size([4096, 10])
[DEBUG] Targets shape: torch.Size([4096, 1])
[DEBUG] Predictions shape: torch.Size([4096, 10])
[DEBUG] Targets shape: torch.Size([4096, 1])
[DEBUG] Predictions shape: torch.Size([4096, 10])
[DEBUG] Targets shape: torch.Size([4096, 1])
[DEBUG] Predictions shape: torch.Size([4096, 10])
[DEBUG] Targets shape: torch.Size([4096, 1])
[DEBUG] Predictions shape: torch.Size([4096, 10])
[DEBUG] Targets shape: torch.Size([4096, 1])
[DEBUG] Predictions shape: torch.Size([4096, 10])
[DEBUG] Targets shape: torch.Size([4096, 1])
[DEBUG] Predictions shape: torch.Size([1456, 10])
[DEBUG] Targets shape: torch.Size([1456, 1])
[DEBUG] Writing to CSV - Epoch: 26, Train MSE: 2.0182972463324798, Test MSE: 4.00926596911758, Train Acc: 8.68176420000819, Test Acc: 9.503687768899816
[DEBUG] Predictions shape: torch.Size([4096, 10])
[DEBUG] Targets shape: torch.Size([4096, 1])
[DEBUG] Predictions shape: torch.Size([4096, 10])
[DEBUG] Targets shape: torch.Size([4096, 1])
[DEBUG] Predictions shape: torch.Size([4096, 10])
[DEBUG] Targets shape: torch.Size([4096, 1])
[DEBUG] Predictions shape: torch.Size([4096, 10])
[DEBUG] Targets shape: torch.Size([4096, 1])
[DEBUG] Predictions shape: torch.Size([4096, 10])
[DEBUG] Targets shape: torch.Size([4096, 1])
[DEBUG] Predictions shape: torch.Size([4096, 10])
[DEBUG] Targets shape: torch.Size([4096, 1])
[DEBUG] Predictions shape: torch.Size([4096, 10])
[DEBUG] Targets shape: torch.Size([4096, 1])
[DEBUG] Predictions shape: torch.Size([4096, 10])
[DEBUG] Targets shape: torch.Size([4096, 1])
[DEBUG] Predictions shape: torch.Size([4096, 10])
[DEBUG] Targets shape: torch.Size([4096, 1])
[DEBUG] Predictions shape: torch.Size([4096, 10])
[DEBUG] Targets shape: torch.Size([4096, 1])
[DEBUG] Predictions shape: torch.Size([4096, 10])
[DEBUG] Targets shape: torch.Size([4096, 1])
[DEBUG] Predictions shape: torch.Size([4096, 10])
[DEBUG] Targets shape: torch.Size([4096, 1])
[DEBUG] Predictions shape: torch.Size([4096, 10])
[DEBUG] Targets shape: torch.Size([4096, 1])
[DEBUG] Predictions shape: torch.Size([4096, 10])
[DEBUG] Targets shape: torch.Size([4096, 1])
[DEBUG] Predictions shape: torch.Size([4096, 10])
[DEBUG] Targets shape: torch.Size([4096, 1])
[DEBUG] Predictions shape: torch.Size([4096, 10])
[DEBUG] Targets shape: torch.Size([4096, 1])
[DEBUG] Predictions shape: torch.Size([4096, 10])
[DEBUG] Targets shape: torch.Size([4096, 1])
[DEBUG] Predictions shape: torch.Size([3625, 10])
[DEBUG] Targets shape: torch.Size([3625, 1])
[DEBUG] Predictions shape: torch.Size([4096, 10])
[DEBUG] Targets shape: torch.Size([4096, 1])
[DEBUG] Predictions shape: torch.Size([4096, 10])
[DEBUG] Targets shape: torch.Size([4096, 1])
[DEBUG] Predictions shape: torch.Size([4096, 10])
[DEBUG] Targets shape: torch.Size([4096, 1])
[DEBUG] Predictions shape: torch.Size([4096, 10])
[DEBUG] Targets shape: torch.Size([4096, 1])
[DEBUG] Predictions shape: torch.Size([4096, 10])
[DEBUG] Targets shape: torch.Size([4096, 1])
[DEBUG] Predictions shape: torch.Size([4096, 10])
[DEBUG] Targets shape: torch.Size([4096, 1])
[DEBUG] Predictions shape: torch.Size([1456, 10])
[DEBUG] Targets shape: torch.Size([1456, 1])
[DEBUG] Writing to CSV - Epoch: 27, Train MSE: 3.03288427801877, Test MSE: 5.3398616631923455, Train Acc: 9.388863862839045, Test Acc: 9.703441917639829
[DEBUG] Predictions shape: torch.Size([4096, 10])
[DEBUG] Targets shape: torch.Size([4096, 1])
[DEBUG] Predictions shape: torch.Size([4096, 10])
[DEBUG] Targets shape: torch.Size([4096, 1])
[DEBUG] Predictions shape: torch.Size([4096, 10])
[DEBUG] Targets shape: torch.Size([4096, 1])
[DEBUG] Predictions shape: torch.Size([4096, 10])
[DEBUG] Targets shape: torch.Size([4096, 1])
[DEBUG] Predictions shape: torch.Size([4096, 10])
[DEBUG] Targets shape: torch.Size([4096, 1])
[DEBUG] Predictions shape: torch.Size([4096, 10])
[DEBUG] Targets shape: torch.Size([4096, 1])
[DEBUG] Predictions shape: torch.Size([4096, 10])
[DEBUG] Targets shape: torch.Size([4096, 1])
[DEBUG] Predictions shape: torch.Size([4096, 10])
[DEBUG] Targets shape: torch.Size([4096, 1])
[DEBUG] Predictions shape: torch.Size([4096, 10])
[DEBUG] Targets shape: torch.Size([4096, 1])
[DEBUG] Predictions shape: torch.Size([4096, 10])
[DEBUG] Targets shape: torch.Size([4096, 1])
[DEBUG] Predictions shape: torch.Size([4096, 10])
[DEBUG] Targets shape: torch.Size([4096, 1])
[DEBUG] Predictions shape: torch.Size([4096, 10])
[DEBUG] Targets shape: torch.Size([4096, 1])
[DEBUG] Predictions shape: torch.Size([4096, 10])
[DEBUG] Targets shape: torch.Size([4096, 1])
[DEBUG] Predictions shape: torch.Size([4096, 10])
[DEBUG] Targets shape: torch.Size([4096, 1])
[DEBUG] Predictions shape: torch.Size([4096, 10])
[DEBUG] Targets shape: torch.Size([4096, 1])
[DEBUG] Predictions shape: torch.Size([4096, 10])
[DEBUG] Targets shape: torch.Size([4096, 1])
[DEBUG] Predictions shape: torch.Size([4096, 10])
[DEBUG] Targets shape: torch.Size([4096, 1])
[DEBUG] Predictions shape: torch.Size([3625, 10])
[DEBUG] Targets shape: torch.Size([3625, 1])
[DEBUG] Predictions shape: torch.Size([4096, 10])
[DEBUG] Targets shape: torch.Size([4096, 1])
[DEBUG] Predictions shape: torch.Size([4096, 10])
[DEBUG] Targets shape: torch.Size([4096, 1])
[DEBUG] Predictions shape: torch.Size([4096, 10])
[DEBUG] Targets shape: torch.Size([4096, 1])
[DEBUG] Predictions shape: torch.Size([4096, 10])
[DEBUG] Targets shape: torch.Size([4096, 1])
[DEBUG] Predictions shape: torch.Size([4096, 10])
[DEBUG] Targets shape: torch.Size([4096, 1])
[DEBUG] Predictions shape: torch.Size([4096, 10])
[DEBUG] Targets shape: torch.Size([4096, 1])
[DEBUG] Predictions shape: torch.Size([1456, 10])
[DEBUG] Targets shape: torch.Size([1456, 1])
[DEBUG] Writing to CSV - Epoch: 28, Train MSE: 2.321007938817344, Test MSE: 4.530236124919101, Train Acc: 9.521274417461813, Test Acc: 10.49861708666257
[DEBUG] Predictions shape: torch.Size([4096, 10])
[DEBUG] Targets shape: torch.Size([4096, 1])
[DEBUG] Predictions shape: torch.Size([4096, 10])
[DEBUG] Targets shape: torch.Size([4096, 1])
[DEBUG] Predictions shape: torch.Size([4096, 10])
[DEBUG] Targets shape: torch.Size([4096, 1])
[DEBUG] Predictions shape: torch.Size([4096, 10])
[DEBUG] Targets shape: torch.Size([4096, 1])
[DEBUG] Predictions shape: torch.Size([4096, 10])
[DEBUG] Targets shape: torch.Size([4096, 1])
[DEBUG] Predictions shape: torch.Size([4096, 10])
[DEBUG] Targets shape: torch.Size([4096, 1])
[DEBUG] Predictions shape: torch.Size([4096, 10])
[DEBUG] Targets shape: torch.Size([4096, 1])
[DEBUG] Predictions shape: torch.Size([4096, 10])
[DEBUG] Targets shape: torch.Size([4096, 1])
[DEBUG] Predictions shape: torch.Size([4096, 10])
[DEBUG] Targets shape: torch.Size([4096, 1])
[DEBUG] Predictions shape: torch.Size([4096, 10])
[DEBUG] Targets shape: torch.Size([4096, 1])
[DEBUG] Predictions shape: torch.Size([4096, 10])
[DEBUG] Targets shape: torch.Size([4096, 1])
[DEBUG] Predictions shape: torch.Size([4096, 10])
[DEBUG] Targets shape: torch.Size([4096, 1])
[DEBUG] Predictions shape: torch.Size([4096, 10])
[DEBUG] Targets shape: torch.Size([4096, 1])
[DEBUG] Predictions shape: torch.Size([4096, 10])
[DEBUG] Targets shape: torch.Size([4096, 1])
[DEBUG] Predictions shape: torch.Size([4096, 10])
[DEBUG] Targets shape: torch.Size([4096, 1])
[DEBUG] Predictions shape: torch.Size([4096, 10])
[DEBUG] Targets shape: torch.Size([4096, 1])
[DEBUG] Predictions shape: torch.Size([4096, 10])
[DEBUG] Targets shape: torch.Size([4096, 1])
[DEBUG] Predictions shape: torch.Size([3625, 10])
[DEBUG] Targets shape: torch.Size([3625, 1])
[DEBUG] Predictions shape: torch.Size([4096, 10])
[DEBUG] Targets shape: torch.Size([4096, 1])
[DEBUG] Predictions shape: torch.Size([4096, 10])
[DEBUG] Targets shape: torch.Size([4096, 1])
[DEBUG] Predictions shape: torch.Size([4096, 10])
[DEBUG] Targets shape: torch.Size([4096, 1])
[DEBUG] Predictions shape: torch.Size([4096, 10])
[DEBUG] Targets shape: torch.Size([4096, 1])
[DEBUG] Predictions shape: torch.Size([4096, 10])
[DEBUG] Targets shape: torch.Size([4096, 1])
[DEBUG] Predictions shape: torch.Size([4096, 10])
[DEBUG] Targets shape: torch.Size([4096, 1])
[DEBUG] Predictions shape: torch.Size([1456, 10])
[DEBUG] Targets shape: torch.Size([1456, 1])
[DEBUG] Writing to CSV - Epoch: 29, Train MSE: 1.9212623981569197, Test MSE: 4.267425987569554, Train Acc: 9.832507473688521, Test Acc: 10.713736939151813
[DEBUG] Predictions shape: torch.Size([4096, 10])
[DEBUG] Targets shape: torch.Size([4096, 1])
[DEBUG] Predictions shape: torch.Size([4096, 10])
[DEBUG] Targets shape: torch.Size([4096, 1])
[DEBUG] Predictions shape: torch.Size([4096, 10])
[DEBUG] Targets shape: torch.Size([4096, 1])
[DEBUG] Predictions shape: torch.Size([4096, 10])
[DEBUG] Targets shape: torch.Size([4096, 1])
[DEBUG] Predictions shape: torch.Size([4096, 10])
[DEBUG] Targets shape: torch.Size([4096, 1])
[DEBUG] Predictions shape: torch.Size([4096, 10])
[DEBUG] Targets shape: torch.Size([4096, 1])
[DEBUG] Predictions shape: torch.Size([4096, 10])
[DEBUG] Targets shape: torch.Size([4096, 1])
[DEBUG] Predictions shape: torch.Size([4096, 10])
[DEBUG] Targets shape: torch.Size([4096, 1])
[DEBUG] Predictions shape: torch.Size([4096, 10])
[DEBUG] Targets shape: torch.Size([4096, 1])
[DEBUG] Predictions shape: torch.Size([4096, 10])
[DEBUG] Targets shape: torch.Size([4096, 1])
[DEBUG] Predictions shape: torch.Size([4096, 10])
[DEBUG] Targets shape: torch.Size([4096, 1])
[DEBUG] Predictions shape: torch.Size([4096, 10])
[DEBUG] Targets shape: torch.Size([4096, 1])
[DEBUG] Predictions shape: torch.Size([4096, 10])
[DEBUG] Targets shape: torch.Size([4096, 1])
[DEBUG] Predictions shape: torch.Size([4096, 10])
[DEBUG] Targets shape: torch.Size([4096, 1])
[DEBUG] Predictions shape: torch.Size([4096, 10])
[DEBUG] Targets shape: torch.Size([4096, 1])
[DEBUG] Predictions shape: torch.Size([4096, 10])
[DEBUG] Targets shape: torch.Size([4096, 1])
[DEBUG] Predictions shape: torch.Size([4096, 10])
[DEBUG] Targets shape: torch.Size([4096, 1])
[DEBUG] Predictions shape: torch.Size([3625, 10])
[DEBUG] Targets shape: torch.Size([3625, 1])
[DEBUG] Predictions shape: torch.Size([4096, 10])
[DEBUG] Targets shape: torch.Size([4096, 1])
[DEBUG] Predictions shape: torch.Size([4096, 10])
[DEBUG] Targets shape: torch.Size([4096, 1])
[DEBUG] Predictions shape: torch.Size([4096, 10])
[DEBUG] Targets shape: torch.Size([4096, 1])
[DEBUG] Predictions shape: torch.Size([4096, 10])
[DEBUG] Targets shape: torch.Size([4096, 1])
[DEBUG] Predictions shape: torch.Size([4096, 10])
[DEBUG] Targets shape: torch.Size([4096, 1])
[DEBUG] Predictions shape: torch.Size([4096, 10])
[DEBUG] Targets shape: torch.Size([4096, 1])
[DEBUG] Predictions shape: torch.Size([1456, 10])
[DEBUG] Targets shape: torch.Size([1456, 1])
[DEBUG] Writing to CSV - Epoch: 30, Train MSE: 1.6002219000796336, Test MSE: 3.619285928887975, Train Acc: 9.846158046330043, Test Acc: 10.283497234173325
[Epoch 30] train_mse=1.600222  test_mse=3.619286
[DEBUG] Predictions shape: torch.Size([4096, 10])
[DEBUG] Targets shape: torch.Size([4096, 1])
[DEBUG] Predictions shape: torch.Size([4096, 10])
[DEBUG] Targets shape: torch.Size([4096, 1])
[DEBUG] Predictions shape: torch.Size([4096, 10])
[DEBUG] Targets shape: torch.Size([4096, 1])
[DEBUG] Predictions shape: torch.Size([4096, 10])
[DEBUG] Targets shape: torch.Size([4096, 1])
[DEBUG] Predictions shape: torch.Size([4096, 10])
[DEBUG] Targets shape: torch.Size([4096, 1])
[DEBUG] Predictions shape: torch.Size([4096, 10])
[DEBUG] Targets shape: torch.Size([4096, 1])
[DEBUG] Predictions shape: torch.Size([4096, 10])
[DEBUG] Targets shape: torch.Size([4096, 1])
[DEBUG] Predictions shape: torch.Size([4096, 10])
[DEBUG] Targets shape: torch.Size([4096, 1])
[DEBUG] Predictions shape: torch.Size([4096, 10])
[DEBUG] Targets shape: torch.Size([4096, 1])
[DEBUG] Predictions shape: torch.Size([4096, 10])
[DEBUG] Targets shape: torch.Size([4096, 1])
[DEBUG] Predictions shape: torch.Size([4096, 10])
[DEBUG] Targets shape: torch.Size([4096, 1])
[DEBUG] Predictions shape: torch.Size([4096, 10])
[DEBUG] Targets shape: torch.Size([4096, 1])
[DEBUG] Predictions shape: torch.Size([4096, 10])
[DEBUG] Targets shape: torch.Size([4096, 1])
[DEBUG] Predictions shape: torch.Size([4096, 10])
[DEBUG] Targets shape: torch.Size([4096, 1])
[DEBUG] Predictions shape: torch.Size([4096, 10])
[DEBUG] Targets shape: torch.Size([4096, 1])
[DEBUG] Predictions shape: torch.Size([4096, 10])
[DEBUG] Targets shape: torch.Size([4096, 1])
[DEBUG] Predictions shape: torch.Size([4096, 10])
[DEBUG] Targets shape: torch.Size([4096, 1])
[DEBUG] Predictions shape: torch.Size([3625, 10])
[DEBUG] Targets shape: torch.Size([3625, 1])
[DEBUG] Predictions shape: torch.Size([4096, 10])
[DEBUG] Targets shape: torch.Size([4096, 1])
[DEBUG] Predictions shape: torch.Size([4096, 10])
[DEBUG] Targets shape: torch.Size([4096, 1])
[DEBUG] Predictions shape: torch.Size([4096, 10])
[DEBUG] Targets shape: torch.Size([4096, 1])
[DEBUG] Predictions shape: torch.Size([4096, 10])
[DEBUG] Targets shape: torch.Size([4096, 1])
[DEBUG] Predictions shape: torch.Size([4096, 10])
[DEBUG] Targets shape: torch.Size([4096, 1])
[DEBUG] Predictions shape: torch.Size([4096, 10])
[DEBUG] Targets shape: torch.Size([4096, 1])
[DEBUG] Predictions shape: torch.Size([1456, 10])
[DEBUG] Targets shape: torch.Size([1456, 1])
[DEBUG] Writing to CSV - Epoch: 31, Train MSE: 2.17601209521816, Test MSE: 4.532611581981731, Train Acc: 9.61136819689586, Test Acc: 10.5139827904118
[DEBUG] Predictions shape: torch.Size([4096, 10])
[DEBUG] Targets shape: torch.Size([4096, 1])
[DEBUG] Predictions shape: torch.Size([4096, 10])
[DEBUG] Targets shape: torch.Size([4096, 1])
[DEBUG] Predictions shape: torch.Size([4096, 10])
[DEBUG] Targets shape: torch.Size([4096, 1])
[DEBUG] Predictions shape: torch.Size([4096, 10])
[DEBUG] Targets shape: torch.Size([4096, 1])
[DEBUG] Predictions shape: torch.Size([4096, 10])
[DEBUG] Targets shape: torch.Size([4096, 1])
[DEBUG] Predictions shape: torch.Size([4096, 10])
[DEBUG] Targets shape: torch.Size([4096, 1])
[DEBUG] Predictions shape: torch.Size([4096, 10])
[DEBUG] Targets shape: torch.Size([4096, 1])
[DEBUG] Predictions shape: torch.Size([4096, 10])
[DEBUG] Targets shape: torch.Size([4096, 1])
[DEBUG] Predictions shape: torch.Size([4096, 10])
[DEBUG] Targets shape: torch.Size([4096, 1])
[DEBUG] Predictions shape: torch.Size([4096, 10])
[DEBUG] Targets shape: torch.Size([4096, 1])
[DEBUG] Predictions shape: torch.Size([4096, 10])
[DEBUG] Targets shape: torch.Size([4096, 1])
[DEBUG] Predictions shape: torch.Size([4096, 10])
[DEBUG] Targets shape: torch.Size([4096, 1])
[DEBUG] Predictions shape: torch.Size([4096, 10])
[DEBUG] Targets shape: torch.Size([4096, 1])
[DEBUG] Predictions shape: torch.Size([4096, 10])
[DEBUG] Targets shape: torch.Size([4096, 1])
[DEBUG] Predictions shape: torch.Size([4096, 10])
[DEBUG] Targets shape: torch.Size([4096, 1])
[DEBUG] Predictions shape: torch.Size([4096, 10])
[DEBUG] Targets shape: torch.Size([4096, 1])
[DEBUG] Predictions shape: torch.Size([4096, 10])
[DEBUG] Targets shape: torch.Size([4096, 1])
[DEBUG] Predictions shape: torch.Size([3625, 10])
[DEBUG] Targets shape: torch.Size([3625, 1])
[DEBUG] Predictions shape: torch.Size([4096, 10])
[DEBUG] Targets shape: torch.Size([4096, 1])
[DEBUG] Predictions shape: torch.Size([4096, 10])
[DEBUG] Targets shape: torch.Size([4096, 1])
[DEBUG] Predictions shape: torch.Size([4096, 10])
[DEBUG] Targets shape: torch.Size([4096, 1])
[DEBUG] Predictions shape: torch.Size([4096, 10])
[DEBUG] Targets shape: torch.Size([4096, 1])
[DEBUG] Predictions shape: torch.Size([4096, 10])
[DEBUG] Targets shape: torch.Size([4096, 1])
[DEBUG] Predictions shape: torch.Size([4096, 10])
[DEBUG] Targets shape: torch.Size([4096, 1])
[DEBUG] Predictions shape: torch.Size([1456, 10])
[DEBUG] Targets shape: torch.Size([1456, 1])
[DEBUG] Writing to CSV - Epoch: 32, Train MSE: 1.7402391595401872, Test MSE: 4.154381150032892, Train Acc: 10.067297323122705, Test Acc: 11.178549477566072
[DEBUG] Predictions shape: torch.Size([4096, 10])
[DEBUG] Targets shape: torch.Size([4096, 1])
[DEBUG] Predictions shape: torch.Size([4096, 10])
[DEBUG] Targets shape: torch.Size([4096, 1])
[DEBUG] Predictions shape: torch.Size([4096, 10])
[DEBUG] Targets shape: torch.Size([4096, 1])
[DEBUG] Predictions shape: torch.Size([4096, 10])
[DEBUG] Targets shape: torch.Size([4096, 1])
[DEBUG] Predictions shape: torch.Size([4096, 10])
[DEBUG] Targets shape: torch.Size([4096, 1])
[DEBUG] Predictions shape: torch.Size([4096, 10])
[DEBUG] Targets shape: torch.Size([4096, 1])
[DEBUG] Predictions shape: torch.Size([4096, 10])
[DEBUG] Targets shape: torch.Size([4096, 1])
[DEBUG] Predictions shape: torch.Size([4096, 10])
[DEBUG] Targets shape: torch.Size([4096, 1])
[DEBUG] Predictions shape: torch.Size([4096, 10])
[DEBUG] Targets shape: torch.Size([4096, 1])
[DEBUG] Predictions shape: torch.Size([4096, 10])
[DEBUG] Targets shape: torch.Size([4096, 1])
[DEBUG] Predictions shape: torch.Size([4096, 10])
[DEBUG] Targets shape: torch.Size([4096, 1])
[DEBUG] Predictions shape: torch.Size([4096, 10])
[DEBUG] Targets shape: torch.Size([4096, 1])
[DEBUG] Predictions shape: torch.Size([4096, 10])
[DEBUG] Targets shape: torch.Size([4096, 1])
[DEBUG] Predictions shape: torch.Size([4096, 10])
[DEBUG] Targets shape: torch.Size([4096, 1])
[DEBUG] Predictions shape: torch.Size([4096, 10])
[DEBUG] Targets shape: torch.Size([4096, 1])
[DEBUG] Predictions shape: torch.Size([4096, 10])
[DEBUG] Targets shape: torch.Size([4096, 1])
[DEBUG] Predictions shape: torch.Size([4096, 10])
[DEBUG] Targets shape: torch.Size([4096, 1])
[DEBUG] Predictions shape: torch.Size([3625, 10])
[DEBUG] Targets shape: torch.Size([3625, 1])
[DEBUG] Predictions shape: torch.Size([4096, 10])
[DEBUG] Targets shape: torch.Size([4096, 1])
[DEBUG] Predictions shape: torch.Size([4096, 10])
[DEBUG] Targets shape: torch.Size([4096, 1])
[DEBUG] Predictions shape: torch.Size([4096, 10])
[DEBUG] Targets shape: torch.Size([4096, 1])
[DEBUG] Predictions shape: torch.Size([4096, 10])
[DEBUG] Targets shape: torch.Size([4096, 1])
[DEBUG] Predictions shape: torch.Size([4096, 10])
[DEBUG] Targets shape: torch.Size([4096, 1])
[DEBUG] Predictions shape: torch.Size([4096, 10])
[DEBUG] Targets shape: torch.Size([4096, 1])
[DEBUG] Predictions shape: torch.Size([1456, 10])
[DEBUG] Targets shape: torch.Size([1456, 1])
[DEBUG] Writing to CSV - Epoch: 33, Train MSE: 1.4747192455157896, Test MSE: 3.5798303053726355, Train Acc: 9.638669342178904, Test Acc: 10.7559926244622
[DEBUG] Predictions shape: torch.Size([4096, 10])
[DEBUG] Targets shape: torch.Size([4096, 1])
[DEBUG] Predictions shape: torch.Size([4096, 10])
[DEBUG] Targets shape: torch.Size([4096, 1])
[DEBUG] Predictions shape: torch.Size([4096, 10])
[DEBUG] Targets shape: torch.Size([4096, 1])
[DEBUG] Predictions shape: torch.Size([4096, 10])
[DEBUG] Targets shape: torch.Size([4096, 1])
[DEBUG] Predictions shape: torch.Size([4096, 10])
[DEBUG] Targets shape: torch.Size([4096, 1])
[DEBUG] Predictions shape: torch.Size([4096, 10])
[DEBUG] Targets shape: torch.Size([4096, 1])
[DEBUG] Predictions shape: torch.Size([4096, 10])
[DEBUG] Targets shape: torch.Size([4096, 1])
[DEBUG] Predictions shape: torch.Size([4096, 10])
[DEBUG] Targets shape: torch.Size([4096, 1])
[DEBUG] Predictions shape: torch.Size([4096, 10])
[DEBUG] Targets shape: torch.Size([4096, 1])
[DEBUG] Predictions shape: torch.Size([4096, 10])
[DEBUG] Targets shape: torch.Size([4096, 1])
[DEBUG] Predictions shape: torch.Size([4096, 10])
[DEBUG] Targets shape: torch.Size([4096, 1])
[DEBUG] Predictions shape: torch.Size([4096, 10])
[DEBUG] Targets shape: torch.Size([4096, 1])
[DEBUG] Predictions shape: torch.Size([4096, 10])
[DEBUG] Targets shape: torch.Size([4096, 1])
[DEBUG] Predictions shape: torch.Size([4096, 10])
[DEBUG] Targets shape: torch.Size([4096, 1])
[DEBUG] Predictions shape: torch.Size([4096, 10])
[DEBUG] Targets shape: torch.Size([4096, 1])
[DEBUG] Predictions shape: torch.Size([4096, 10])
[DEBUG] Targets shape: torch.Size([4096, 1])
[DEBUG] Predictions shape: torch.Size([4096, 10])
[DEBUG] Targets shape: torch.Size([4096, 1])
[DEBUG] Predictions shape: torch.Size([3625, 10])
[DEBUG] Targets shape: torch.Size([3625, 1])
[DEBUG] Predictions shape: torch.Size([4096, 10])
[DEBUG] Targets shape: torch.Size([4096, 1])
[DEBUG] Predictions shape: torch.Size([4096, 10])
[DEBUG] Targets shape: torch.Size([4096, 1])
[DEBUG] Predictions shape: torch.Size([4096, 10])
[DEBUG] Targets shape: torch.Size([4096, 1])
[DEBUG] Predictions shape: torch.Size([4096, 10])
[DEBUG] Targets shape: torch.Size([4096, 1])
[DEBUG] Predictions shape: torch.Size([4096, 10])
[DEBUG] Targets shape: torch.Size([4096, 1])
[DEBUG] Predictions shape: torch.Size([4096, 10])
[DEBUG] Targets shape: torch.Size([4096, 1])
[DEBUG] Predictions shape: torch.Size([1456, 10])
[DEBUG] Targets shape: torch.Size([1456, 1])
[DEBUG] Writing to CSV - Epoch: 34, Train MSE: 1.3836736806541605, Test MSE: 3.640956184361416, Train Acc: 9.89939527963198, Test Acc: 10.2719729563614
[DEBUG] Predictions shape: torch.Size([4096, 10])
[DEBUG] Targets shape: torch.Size([4096, 1])
[DEBUG] Predictions shape: torch.Size([4096, 10])
[DEBUG] Targets shape: torch.Size([4096, 1])
[DEBUG] Predictions shape: torch.Size([4096, 10])
[DEBUG] Targets shape: torch.Size([4096, 1])
[DEBUG] Predictions shape: torch.Size([4096, 10])
[DEBUG] Targets shape: torch.Size([4096, 1])
[DEBUG] Predictions shape: torch.Size([4096, 10])
[DEBUG] Targets shape: torch.Size([4096, 1])
[DEBUG] Predictions shape: torch.Size([4096, 10])
[DEBUG] Targets shape: torch.Size([4096, 1])
[DEBUG] Predictions shape: torch.Size([4096, 10])
[DEBUG] Targets shape: torch.Size([4096, 1])
[DEBUG] Predictions shape: torch.Size([4096, 10])
[DEBUG] Targets shape: torch.Size([4096, 1])
[DEBUG] Predictions shape: torch.Size([4096, 10])
[DEBUG] Targets shape: torch.Size([4096, 1])
[DEBUG] Predictions shape: torch.Size([4096, 10])
[DEBUG] Targets shape: torch.Size([4096, 1])
[DEBUG] Predictions shape: torch.Size([4096, 10])
[DEBUG] Targets shape: torch.Size([4096, 1])
[DEBUG] Predictions shape: torch.Size([4096, 10])
[DEBUG] Targets shape: torch.Size([4096, 1])
[DEBUG] Predictions shape: torch.Size([4096, 10])
[DEBUG] Targets shape: torch.Size([4096, 1])
[DEBUG] Predictions shape: torch.Size([4096, 10])
[DEBUG] Targets shape: torch.Size([4096, 1])
[DEBUG] Predictions shape: torch.Size([4096, 10])
[DEBUG] Targets shape: torch.Size([4096, 1])
[DEBUG] Predictions shape: torch.Size([4096, 10])
[DEBUG] Targets shape: torch.Size([4096, 1])
[DEBUG] Predictions shape: torch.Size([4096, 10])
[DEBUG] Targets shape: torch.Size([4096, 1])
[DEBUG] Predictions shape: torch.Size([3625, 10])
[DEBUG] Targets shape: torch.Size([3625, 1])
[DEBUG] Predictions shape: torch.Size([4096, 10])
[DEBUG] Targets shape: torch.Size([4096, 1])
[DEBUG] Predictions shape: torch.Size([4096, 10])
[DEBUG] Targets shape: torch.Size([4096, 1])
[DEBUG] Predictions shape: torch.Size([4096, 10])
[DEBUG] Targets shape: torch.Size([4096, 1])
[DEBUG] Predictions shape: torch.Size([4096, 10])
[DEBUG] Targets shape: torch.Size([4096, 1])
[DEBUG] Predictions shape: torch.Size([4096, 10])
[DEBUG] Targets shape: torch.Size([4096, 1])
[DEBUG] Predictions shape: torch.Size([4096, 10])
[DEBUG] Targets shape: torch.Size([4096, 1])
[DEBUG] Predictions shape: torch.Size([1456, 10])
[DEBUG] Targets shape: torch.Size([1456, 1])
[DEBUG] Writing to CSV - Epoch: 35, Train MSE: 2.0104360277087716, Test MSE: 4.120077809015519, Train Acc: 9.088551264725556, Test Acc: 9.323140749846344
[DEBUG] Predictions shape: torch.Size([4096, 10])
[DEBUG] Targets shape: torch.Size([4096, 1])
[DEBUG] Predictions shape: torch.Size([4096, 10])
[DEBUG] Targets shape: torch.Size([4096, 1])
[DEBUG] Predictions shape: torch.Size([4096, 10])
[DEBUG] Targets shape: torch.Size([4096, 1])
[DEBUG] Predictions shape: torch.Size([4096, 10])
[DEBUG] Targets shape: torch.Size([4096, 1])
[DEBUG] Predictions shape: torch.Size([4096, 10])
[DEBUG] Targets shape: torch.Size([4096, 1])
[DEBUG] Predictions shape: torch.Size([4096, 10])
[DEBUG] Targets shape: torch.Size([4096, 1])
[DEBUG] Predictions shape: torch.Size([4096, 10])
[DEBUG] Targets shape: torch.Size([4096, 1])
[DEBUG] Predictions shape: torch.Size([4096, 10])
[DEBUG] Targets shape: torch.Size([4096, 1])
[DEBUG] Predictions shape: torch.Size([4096, 10])
[DEBUG] Targets shape: torch.Size([4096, 1])
[DEBUG] Predictions shape: torch.Size([4096, 10])
[DEBUG] Targets shape: torch.Size([4096, 1])
[DEBUG] Predictions shape: torch.Size([4096, 10])
[DEBUG] Targets shape: torch.Size([4096, 1])
[DEBUG] Predictions shape: torch.Size([4096, 10])
[DEBUG] Targets shape: torch.Size([4096, 1])
[DEBUG] Predictions shape: torch.Size([4096, 10])
[DEBUG] Targets shape: torch.Size([4096, 1])
[DEBUG] Predictions shape: torch.Size([4096, 10])
[DEBUG] Targets shape: torch.Size([4096, 1])
[DEBUG] Predictions shape: torch.Size([4096, 10])
[DEBUG] Targets shape: torch.Size([4096, 1])
[DEBUG] Predictions shape: torch.Size([4096, 10])
[DEBUG] Targets shape: torch.Size([4096, 1])
[DEBUG] Predictions shape: torch.Size([4096, 10])
[DEBUG] Targets shape: torch.Size([4096, 1])
[DEBUG] Predictions shape: torch.Size([3625, 10])
[DEBUG] Targets shape: torch.Size([3625, 1])
[DEBUG] Predictions shape: torch.Size([4096, 10])
[DEBUG] Targets shape: torch.Size([4096, 1])
[DEBUG] Predictions shape: torch.Size([4096, 10])
[DEBUG] Targets shape: torch.Size([4096, 1])
[DEBUG] Predictions shape: torch.Size([4096, 10])
[DEBUG] Targets shape: torch.Size([4096, 1])
[DEBUG] Predictions shape: torch.Size([4096, 10])
[DEBUG] Targets shape: torch.Size([4096, 1])
[DEBUG] Predictions shape: torch.Size([4096, 10])
[DEBUG] Targets shape: torch.Size([4096, 1])
[DEBUG] Predictions shape: torch.Size([4096, 10])
[DEBUG] Targets shape: torch.Size([4096, 1])
[DEBUG] Predictions shape: torch.Size([1456, 10])
[DEBUG] Targets shape: torch.Size([1456, 1])
[DEBUG] Writing to CSV - Epoch: 36, Train MSE: 1.997668380417187, Test MSE: 4.2617630206813235, Train Acc: 10.311642573405955, Test Acc: 10.786724031960663
[DEBUG] Predictions shape: torch.Size([4096, 10])
[DEBUG] Targets shape: torch.Size([4096, 1])
[DEBUG] Predictions shape: torch.Size([4096, 10])
[DEBUG] Targets shape: torch.Size([4096, 1])
[DEBUG] Predictions shape: torch.Size([4096, 10])
[DEBUG] Targets shape: torch.Size([4096, 1])
[DEBUG] Predictions shape: torch.Size([4096, 10])
[DEBUG] Targets shape: torch.Size([4096, 1])
[DEBUG] Predictions shape: torch.Size([4096, 10])
[DEBUG] Targets shape: torch.Size([4096, 1])
[DEBUG] Predictions shape: torch.Size([4096, 10])
[DEBUG] Targets shape: torch.Size([4096, 1])
[DEBUG] Predictions shape: torch.Size([4096, 10])
[DEBUG] Targets shape: torch.Size([4096, 1])
[DEBUG] Predictions shape: torch.Size([4096, 10])
[DEBUG] Targets shape: torch.Size([4096, 1])
[DEBUG] Predictions shape: torch.Size([4096, 10])
[DEBUG] Targets shape: torch.Size([4096, 1])
[DEBUG] Predictions shape: torch.Size([4096, 10])
[DEBUG] Targets shape: torch.Size([4096, 1])
[DEBUG] Predictions shape: torch.Size([4096, 10])
[DEBUG] Targets shape: torch.Size([4096, 1])
[DEBUG] Predictions shape: torch.Size([4096, 10])
[DEBUG] Targets shape: torch.Size([4096, 1])
[DEBUG] Predictions shape: torch.Size([4096, 10])
[DEBUG] Targets shape: torch.Size([4096, 1])
[DEBUG] Predictions shape: torch.Size([4096, 10])
[DEBUG] Targets shape: torch.Size([4096, 1])
[DEBUG] Predictions shape: torch.Size([4096, 10])
[DEBUG] Targets shape: torch.Size([4096, 1])
[DEBUG] Predictions shape: torch.Size([4096, 10])
[DEBUG] Targets shape: torch.Size([4096, 1])
[DEBUG] Predictions shape: torch.Size([4096, 10])
[DEBUG] Targets shape: torch.Size([4096, 1])
[DEBUG] Predictions shape: torch.Size([3625, 10])
[DEBUG] Targets shape: torch.Size([3625, 1])
[DEBUG] Predictions shape: torch.Size([4096, 10])
[DEBUG] Targets shape: torch.Size([4096, 1])
[DEBUG] Predictions shape: torch.Size([4096, 10])
[DEBUG] Targets shape: torch.Size([4096, 1])
[DEBUG] Predictions shape: torch.Size([4096, 10])
[DEBUG] Targets shape: torch.Size([4096, 1])
[DEBUG] Predictions shape: torch.Size([4096, 10])
[DEBUG] Targets shape: torch.Size([4096, 1])
[DEBUG] Predictions shape: torch.Size([4096, 10])
[DEBUG] Targets shape: torch.Size([4096, 1])
[DEBUG] Predictions shape: torch.Size([4096, 10])
[DEBUG] Targets shape: torch.Size([4096, 1])
[DEBUG] Predictions shape: torch.Size([1456, 10])
[DEBUG] Targets shape: torch.Size([1456, 1])
[DEBUG] Writing to CSV - Epoch: 37, Train MSE: 1.429637170787304, Test MSE: 3.725619223195494, Train Acc: 9.6359392276506, Test Acc: 10.575445605408728
[DEBUG] Predictions shape: torch.Size([4096, 10])
[DEBUG] Targets shape: torch.Size([4096, 1])
[DEBUG] Predictions shape: torch.Size([4096, 10])
[DEBUG] Targets shape: torch.Size([4096, 1])
[DEBUG] Predictions shape: torch.Size([4096, 10])
[DEBUG] Targets shape: torch.Size([4096, 1])
[DEBUG] Predictions shape: torch.Size([4096, 10])
[DEBUG] Targets shape: torch.Size([4096, 1])
[DEBUG] Predictions shape: torch.Size([4096, 10])
[DEBUG] Targets shape: torch.Size([4096, 1])
[DEBUG] Predictions shape: torch.Size([4096, 10])
[DEBUG] Targets shape: torch.Size([4096, 1])
[DEBUG] Predictions shape: torch.Size([4096, 10])
[DEBUG] Targets shape: torch.Size([4096, 1])
[DEBUG] Predictions shape: torch.Size([4096, 10])
[DEBUG] Targets shape: torch.Size([4096, 1])
[DEBUG] Predictions shape: torch.Size([4096, 10])
[DEBUG] Targets shape: torch.Size([4096, 1])
[DEBUG] Predictions shape: torch.Size([4096, 10])
[DEBUG] Targets shape: torch.Size([4096, 1])
[DEBUG] Predictions shape: torch.Size([4096, 10])
[DEBUG] Targets shape: torch.Size([4096, 1])
[DEBUG] Predictions shape: torch.Size([4096, 10])
[DEBUG] Targets shape: torch.Size([4096, 1])
[DEBUG] Predictions shape: torch.Size([4096, 10])
[DEBUG] Targets shape: torch.Size([4096, 1])
[DEBUG] Predictions shape: torch.Size([4096, 10])
[DEBUG] Targets shape: torch.Size([4096, 1])
[DEBUG] Predictions shape: torch.Size([4096, 10])
[DEBUG] Targets shape: torch.Size([4096, 1])
[DEBUG] Predictions shape: torch.Size([4096, 10])
[DEBUG] Targets shape: torch.Size([4096, 1])
[DEBUG] Predictions shape: torch.Size([4096, 10])
[DEBUG] Targets shape: torch.Size([4096, 1])
[DEBUG] Predictions shape: torch.Size([3625, 10])
[DEBUG] Targets shape: torch.Size([3625, 1])
[DEBUG] Predictions shape: torch.Size([4096, 10])
[DEBUG] Targets shape: torch.Size([4096, 1])
[DEBUG] Predictions shape: torch.Size([4096, 10])
[DEBUG] Targets shape: torch.Size([4096, 1])
[DEBUG] Predictions shape: torch.Size([4096, 10])
[DEBUG] Targets shape: torch.Size([4096, 1])
[DEBUG] Predictions shape: torch.Size([4096, 10])
[DEBUG] Targets shape: torch.Size([4096, 1])
[DEBUG] Predictions shape: torch.Size([4096, 10])
[DEBUG] Targets shape: torch.Size([4096, 1])
[DEBUG] Predictions shape: torch.Size([4096, 10])
[DEBUG] Targets shape: torch.Size([4096, 1])
[DEBUG] Predictions shape: torch.Size([1456, 10])
[DEBUG] Targets shape: torch.Size([1456, 1])
[DEBUG] Writing to CSV - Epoch: 38, Train MSE: 1.402908504776507, Test MSE: 3.573653531792564, Train Acc: 10.277516141802149, Test Acc: 10.560079901659496
[DEBUG] Predictions shape: torch.Size([4096, 10])
[DEBUG] Targets shape: torch.Size([4096, 1])
[DEBUG] Predictions shape: torch.Size([4096, 10])
[DEBUG] Targets shape: torch.Size([4096, 1])
[DEBUG] Predictions shape: torch.Size([4096, 10])
[DEBUG] Targets shape: torch.Size([4096, 1])
[DEBUG] Predictions shape: torch.Size([4096, 10])
[DEBUG] Targets shape: torch.Size([4096, 1])
[DEBUG] Predictions shape: torch.Size([4096, 10])
[DEBUG] Targets shape: torch.Size([4096, 1])
[DEBUG] Predictions shape: torch.Size([4096, 10])
[DEBUG] Targets shape: torch.Size([4096, 1])
[DEBUG] Predictions shape: torch.Size([4096, 10])
[DEBUG] Targets shape: torch.Size([4096, 1])
[DEBUG] Predictions shape: torch.Size([4096, 10])
[DEBUG] Targets shape: torch.Size([4096, 1])
[DEBUG] Predictions shape: torch.Size([4096, 10])
[DEBUG] Targets shape: torch.Size([4096, 1])
[DEBUG] Predictions shape: torch.Size([4096, 10])
[DEBUG] Targets shape: torch.Size([4096, 1])
[DEBUG] Predictions shape: torch.Size([4096, 10])
[DEBUG] Targets shape: torch.Size([4096, 1])
[DEBUG] Predictions shape: torch.Size([4096, 10])
[DEBUG] Targets shape: torch.Size([4096, 1])
[DEBUG] Predictions shape: torch.Size([4096, 10])
[DEBUG] Targets shape: torch.Size([4096, 1])
[DEBUG] Predictions shape: torch.Size([4096, 10])
[DEBUG] Targets shape: torch.Size([4096, 1])
[DEBUG] Predictions shape: torch.Size([4096, 10])
[DEBUG] Targets shape: torch.Size([4096, 1])
[DEBUG] Predictions shape: torch.Size([4096, 10])
[DEBUG] Targets shape: torch.Size([4096, 1])
[DEBUG] Predictions shape: torch.Size([4096, 10])
[DEBUG] Targets shape: torch.Size([4096, 1])
[DEBUG] Predictions shape: torch.Size([3625, 10])
[DEBUG] Targets shape: torch.Size([3625, 1])
[DEBUG] Predictions shape: torch.Size([4096, 10])
[DEBUG] Targets shape: torch.Size([4096, 1])
[DEBUG] Predictions shape: torch.Size([4096, 10])
[DEBUG] Targets shape: torch.Size([4096, 1])
[DEBUG] Predictions shape: torch.Size([4096, 10])
[DEBUG] Targets shape: torch.Size([4096, 1])
[DEBUG] Predictions shape: torch.Size([4096, 10])
[DEBUG] Targets shape: torch.Size([4096, 1])
[DEBUG] Predictions shape: torch.Size([4096, 10])
[DEBUG] Targets shape: torch.Size([4096, 1])
[DEBUG] Predictions shape: torch.Size([4096, 10])
[DEBUG] Targets shape: torch.Size([4096, 1])
[DEBUG] Predictions shape: torch.Size([1456, 10])
[DEBUG] Targets shape: torch.Size([1456, 1])
[DEBUG] Writing to CSV - Epoch: 39, Train MSE: 1.4940838589413052, Test MSE: 3.6194795447034784, Train Acc: 8.943855194725419, Test Acc: 9.415334972341734
[DEBUG] Predictions shape: torch.Size([4096, 10])
[DEBUG] Targets shape: torch.Size([4096, 1])
[DEBUG] Predictions shape: torch.Size([4096, 10])
[DEBUG] Targets shape: torch.Size([4096, 1])
[DEBUG] Predictions shape: torch.Size([4096, 10])
[DEBUG] Targets shape: torch.Size([4096, 1])
[DEBUG] Predictions shape: torch.Size([4096, 10])
[DEBUG] Targets shape: torch.Size([4096, 1])
[DEBUG] Predictions shape: torch.Size([4096, 10])
[DEBUG] Targets shape: torch.Size([4096, 1])
[DEBUG] Predictions shape: torch.Size([4096, 10])
[DEBUG] Targets shape: torch.Size([4096, 1])
[DEBUG] Predictions shape: torch.Size([4096, 10])
[DEBUG] Targets shape: torch.Size([4096, 1])
[DEBUG] Predictions shape: torch.Size([4096, 10])
[DEBUG] Targets shape: torch.Size([4096, 1])
[DEBUG] Predictions shape: torch.Size([4096, 10])
[DEBUG] Targets shape: torch.Size([4096, 1])
[DEBUG] Predictions shape: torch.Size([4096, 10])
[DEBUG] Targets shape: torch.Size([4096, 1])
[DEBUG] Predictions shape: torch.Size([4096, 10])
[DEBUG] Targets shape: torch.Size([4096, 1])
[DEBUG] Predictions shape: torch.Size([4096, 10])
[DEBUG] Targets shape: torch.Size([4096, 1])
[DEBUG] Predictions shape: torch.Size([4096, 10])
[DEBUG] Targets shape: torch.Size([4096, 1])
[DEBUG] Predictions shape: torch.Size([4096, 10])
[DEBUG] Targets shape: torch.Size([4096, 1])
[DEBUG] Predictions shape: torch.Size([4096, 10])
[DEBUG] Targets shape: torch.Size([4096, 1])
[DEBUG] Predictions shape: torch.Size([4096, 10])
[DEBUG] Targets shape: torch.Size([4096, 1])
[DEBUG] Predictions shape: torch.Size([4096, 10])
[DEBUG] Targets shape: torch.Size([4096, 1])
[DEBUG] Predictions shape: torch.Size([3625, 10])
[DEBUG] Targets shape: torch.Size([3625, 1])
[DEBUG] Predictions shape: torch.Size([4096, 10])
[DEBUG] Targets shape: torch.Size([4096, 1])
[DEBUG] Predictions shape: torch.Size([4096, 10])
[DEBUG] Targets shape: torch.Size([4096, 1])
[DEBUG] Predictions shape: torch.Size([4096, 10])
[DEBUG] Targets shape: torch.Size([4096, 1])
[DEBUG] Predictions shape: torch.Size([4096, 10])
[DEBUG] Targets shape: torch.Size([4096, 1])
[DEBUG] Predictions shape: torch.Size([4096, 10])
[DEBUG] Targets shape: torch.Size([4096, 1])
[DEBUG] Predictions shape: torch.Size([4096, 10])
[DEBUG] Targets shape: torch.Size([4096, 1])
[DEBUG] Predictions shape: torch.Size([1456, 10])
[DEBUG] Targets shape: torch.Size([1456, 1])
[DEBUG] Writing to CSV - Epoch: 40, Train MSE: 2.113968020449992, Test MSE: 4.113464968586965, Train Acc: 10.580558854443943, Test Acc: 11.689459127228027
[Epoch 40] train_mse=2.113968  test_mse=4.113465
[DEBUG] Predictions shape: torch.Size([4096, 10])
[DEBUG] Targets shape: torch.Size([4096, 1])
[DEBUG] Predictions shape: torch.Size([4096, 10])
[DEBUG] Targets shape: torch.Size([4096, 1])
[DEBUG] Predictions shape: torch.Size([4096, 10])
[DEBUG] Targets shape: torch.Size([4096, 1])
[DEBUG] Predictions shape: torch.Size([4096, 10])
[DEBUG] Targets shape: torch.Size([4096, 1])
[DEBUG] Predictions shape: torch.Size([4096, 10])
[DEBUG] Targets shape: torch.Size([4096, 1])
[DEBUG] Predictions shape: torch.Size([4096, 10])
[DEBUG] Targets shape: torch.Size([4096, 1])
[DEBUG] Predictions shape: torch.Size([4096, 10])
[DEBUG] Targets shape: torch.Size([4096, 1])
[DEBUG] Predictions shape: torch.Size([4096, 10])
[DEBUG] Targets shape: torch.Size([4096, 1])
[DEBUG] Predictions shape: torch.Size([4096, 10])
[DEBUG] Targets shape: torch.Size([4096, 1])
[DEBUG] Predictions shape: torch.Size([4096, 10])
[DEBUG] Targets shape: torch.Size([4096, 1])
[DEBUG] Predictions shape: torch.Size([4096, 10])
[DEBUG] Targets shape: torch.Size([4096, 1])
[DEBUG] Predictions shape: torch.Size([4096, 10])
[DEBUG] Targets shape: torch.Size([4096, 1])
[DEBUG] Predictions shape: torch.Size([4096, 10])
[DEBUG] Targets shape: torch.Size([4096, 1])
[DEBUG] Predictions shape: torch.Size([4096, 10])
[DEBUG] Targets shape: torch.Size([4096, 1])
[DEBUG] Predictions shape: torch.Size([4096, 10])
[DEBUG] Targets shape: torch.Size([4096, 1])
[DEBUG] Predictions shape: torch.Size([4096, 10])
[DEBUG] Targets shape: torch.Size([4096, 1])
[DEBUG] Predictions shape: torch.Size([4096, 10])
[DEBUG] Targets shape: torch.Size([4096, 1])
[DEBUG] Predictions shape: torch.Size([3625, 10])
[DEBUG] Targets shape: torch.Size([3625, 1])
[DEBUG] Predictions shape: torch.Size([4096, 10])
[DEBUG] Targets shape: torch.Size([4096, 1])
[DEBUG] Predictions shape: torch.Size([4096, 10])
[DEBUG] Targets shape: torch.Size([4096, 1])
[DEBUG] Predictions shape: torch.Size([4096, 10])
[DEBUG] Targets shape: torch.Size([4096, 1])
[DEBUG] Predictions shape: torch.Size([4096, 10])
[DEBUG] Targets shape: torch.Size([4096, 1])
[DEBUG] Predictions shape: torch.Size([4096, 10])
[DEBUG] Targets shape: torch.Size([4096, 1])
[DEBUG] Predictions shape: torch.Size([4096, 10])
[DEBUG] Targets shape: torch.Size([4096, 1])
[DEBUG] Predictions shape: torch.Size([1456, 10])
[DEBUG] Targets shape: torch.Size([1456, 1])
[DEBUG] Writing to CSV - Epoch: 41, Train MSE: 3.066196858265353, Test MSE: 6.681796722787249, Train Acc: 10.195612705953014, Test Acc: 11.866164720344191
[DEBUG] Predictions shape: torch.Size([4096, 10])
[DEBUG] Targets shape: torch.Size([4096, 1])
[DEBUG] Predictions shape: torch.Size([4096, 10])
[DEBUG] Targets shape: torch.Size([4096, 1])
[DEBUG] Predictions shape: torch.Size([4096, 10])
[DEBUG] Targets shape: torch.Size([4096, 1])
[DEBUG] Predictions shape: torch.Size([4096, 10])
[DEBUG] Targets shape: torch.Size([4096, 1])
[DEBUG] Predictions shape: torch.Size([4096, 10])
[DEBUG] Targets shape: torch.Size([4096, 1])
[DEBUG] Predictions shape: torch.Size([4096, 10])
[DEBUG] Targets shape: torch.Size([4096, 1])
[DEBUG] Predictions shape: torch.Size([4096, 10])
[DEBUG] Targets shape: torch.Size([4096, 1])
[DEBUG] Predictions shape: torch.Size([4096, 10])
[DEBUG] Targets shape: torch.Size([4096, 1])
[DEBUG] Predictions shape: torch.Size([4096, 10])
[DEBUG] Targets shape: torch.Size([4096, 1])
[DEBUG] Predictions shape: torch.Size([4096, 10])
[DEBUG] Targets shape: torch.Size([4096, 1])
[DEBUG] Predictions shape: torch.Size([4096, 10])
[DEBUG] Targets shape: torch.Size([4096, 1])
[DEBUG] Predictions shape: torch.Size([4096, 10])
[DEBUG] Targets shape: torch.Size([4096, 1])
[DEBUG] Predictions shape: torch.Size([4096, 10])
[DEBUG] Targets shape: torch.Size([4096, 1])
[DEBUG] Predictions shape: torch.Size([4096, 10])
[DEBUG] Targets shape: torch.Size([4096, 1])
[DEBUG] Predictions shape: torch.Size([4096, 10])
[DEBUG] Targets shape: torch.Size([4096, 1])
[DEBUG] Predictions shape: torch.Size([4096, 10])
[DEBUG] Targets shape: torch.Size([4096, 1])
[DEBUG] Predictions shape: torch.Size([4096, 10])
[DEBUG] Targets shape: torch.Size([4096, 1])
[DEBUG] Predictions shape: torch.Size([3625, 10])
[DEBUG] Targets shape: torch.Size([3625, 1])
[DEBUG] Predictions shape: torch.Size([4096, 10])
[DEBUG] Targets shape: torch.Size([4096, 1])
[DEBUG] Predictions shape: torch.Size([4096, 10])
[DEBUG] Targets shape: torch.Size([4096, 1])
[DEBUG] Predictions shape: torch.Size([4096, 10])
[DEBUG] Targets shape: torch.Size([4096, 1])
[DEBUG] Predictions shape: torch.Size([4096, 10])
[DEBUG] Targets shape: torch.Size([4096, 1])
[DEBUG] Predictions shape: torch.Size([4096, 10])
[DEBUG] Targets shape: torch.Size([4096, 1])
[DEBUG] Predictions shape: torch.Size([4096, 10])
[DEBUG] Targets shape: torch.Size([4096, 1])
[DEBUG] Predictions shape: torch.Size([1456, 10])
[DEBUG] Targets shape: torch.Size([1456, 1])
[DEBUG] Writing to CSV - Epoch: 42, Train MSE: 1.4013128288613297, Test MSE: 3.9999268566382464, Train Acc: 9.70282703359406, Test Acc: 10.694529809465273
[DEBUG] Predictions shape: torch.Size([4096, 10])
[DEBUG] Targets shape: torch.Size([4096, 1])
[DEBUG] Predictions shape: torch.Size([4096, 10])
[DEBUG] Targets shape: torch.Size([4096, 1])
[DEBUG] Predictions shape: torch.Size([4096, 10])
[DEBUG] Targets shape: torch.Size([4096, 1])
[DEBUG] Predictions shape: torch.Size([4096, 10])
[DEBUG] Targets shape: torch.Size([4096, 1])
[DEBUG] Predictions shape: torch.Size([4096, 10])
[DEBUG] Targets shape: torch.Size([4096, 1])
[DEBUG] Predictions shape: torch.Size([4096, 10])
[DEBUG] Targets shape: torch.Size([4096, 1])
[DEBUG] Predictions shape: torch.Size([4096, 10])
[DEBUG] Targets shape: torch.Size([4096, 1])
[DEBUG] Predictions shape: torch.Size([4096, 10])
[DEBUG] Targets shape: torch.Size([4096, 1])
[DEBUG] Predictions shape: torch.Size([4096, 10])
[DEBUG] Targets shape: torch.Size([4096, 1])
[DEBUG] Predictions shape: torch.Size([4096, 10])
[DEBUG] Targets shape: torch.Size([4096, 1])
[DEBUG] Predictions shape: torch.Size([4096, 10])
[DEBUG] Targets shape: torch.Size([4096, 1])
[DEBUG] Predictions shape: torch.Size([4096, 10])
[DEBUG] Targets shape: torch.Size([4096, 1])
[DEBUG] Predictions shape: torch.Size([4096, 10])
[DEBUG] Targets shape: torch.Size([4096, 1])
[DEBUG] Predictions shape: torch.Size([4096, 10])
[DEBUG] Targets shape: torch.Size([4096, 1])
[DEBUG] Predictions shape: torch.Size([4096, 10])
[DEBUG] Targets shape: torch.Size([4096, 1])
[DEBUG] Predictions shape: torch.Size([4096, 10])
[DEBUG] Targets shape: torch.Size([4096, 1])
[DEBUG] Predictions shape: torch.Size([4096, 10])
[DEBUG] Targets shape: torch.Size([4096, 1])
[DEBUG] Predictions shape: torch.Size([3625, 10])
[DEBUG] Targets shape: torch.Size([3625, 1])
[DEBUG] Predictions shape: torch.Size([4096, 10])
[DEBUG] Targets shape: torch.Size([4096, 1])
[DEBUG] Predictions shape: torch.Size([4096, 10])
[DEBUG] Targets shape: torch.Size([4096, 1])
[DEBUG] Predictions shape: torch.Size([4096, 10])
[DEBUG] Targets shape: torch.Size([4096, 1])
[DEBUG] Predictions shape: torch.Size([4096, 10])
[DEBUG] Targets shape: torch.Size([4096, 1])
[DEBUG] Predictions shape: torch.Size([4096, 10])
[DEBUG] Targets shape: torch.Size([4096, 1])
[DEBUG] Predictions shape: torch.Size([4096, 10])
[DEBUG] Targets shape: torch.Size([4096, 1])
[DEBUG] Predictions shape: torch.Size([1456, 10])
[DEBUG] Targets shape: torch.Size([1456, 1])
[DEBUG] Writing to CSV - Epoch: 43, Train MSE: 1.1476176073531748, Test MSE: 3.608808399931961, Train Acc: 9.944442169349005, Test Acc: 10.86739397664413
[DEBUG] Predictions shape: torch.Size([4096, 10])
[DEBUG] Targets shape: torch.Size([4096, 1])
[DEBUG] Predictions shape: torch.Size([4096, 10])
[DEBUG] Targets shape: torch.Size([4096, 1])
[DEBUG] Predictions shape: torch.Size([4096, 10])
[DEBUG] Targets shape: torch.Size([4096, 1])
[DEBUG] Predictions shape: torch.Size([4096, 10])
[DEBUG] Targets shape: torch.Size([4096, 1])
[DEBUG] Predictions shape: torch.Size([4096, 10])
[DEBUG] Targets shape: torch.Size([4096, 1])
[DEBUG] Predictions shape: torch.Size([4096, 10])
[DEBUG] Targets shape: torch.Size([4096, 1])
[DEBUG] Predictions shape: torch.Size([4096, 10])
[DEBUG] Targets shape: torch.Size([4096, 1])
[DEBUG] Predictions shape: torch.Size([4096, 10])
[DEBUG] Targets shape: torch.Size([4096, 1])
[DEBUG] Predictions shape: torch.Size([4096, 10])
[DEBUG] Targets shape: torch.Size([4096, 1])
[DEBUG] Predictions shape: torch.Size([4096, 10])
[DEBUG] Targets shape: torch.Size([4096, 1])
[DEBUG] Predictions shape: torch.Size([4096, 10])
[DEBUG] Targets shape: torch.Size([4096, 1])
[DEBUG] Predictions shape: torch.Size([4096, 10])
[DEBUG] Targets shape: torch.Size([4096, 1])
[DEBUG] Predictions shape: torch.Size([4096, 10])
[DEBUG] Targets shape: torch.Size([4096, 1])
[DEBUG] Predictions shape: torch.Size([4096, 10])
[DEBUG] Targets shape: torch.Size([4096, 1])
[DEBUG] Predictions shape: torch.Size([4096, 10])
[DEBUG] Targets shape: torch.Size([4096, 1])
[DEBUG] Predictions shape: torch.Size([4096, 10])
[DEBUG] Targets shape: torch.Size([4096, 1])
[DEBUG] Predictions shape: torch.Size([4096, 10])
[DEBUG] Targets shape: torch.Size([4096, 1])
[DEBUG] Predictions shape: torch.Size([3625, 10])
[DEBUG] Targets shape: torch.Size([3625, 1])
[DEBUG] Predictions shape: torch.Size([4096, 10])
[DEBUG] Targets shape: torch.Size([4096, 1])
[DEBUG] Predictions shape: torch.Size([4096, 10])
[DEBUG] Targets shape: torch.Size([4096, 1])
[DEBUG] Predictions shape: torch.Size([4096, 10])
[DEBUG] Targets shape: torch.Size([4096, 1])
[DEBUG] Predictions shape: torch.Size([4096, 10])
[DEBUG] Targets shape: torch.Size([4096, 1])
[DEBUG] Predictions shape: torch.Size([4096, 10])
[DEBUG] Targets shape: torch.Size([4096, 1])
[DEBUG] Predictions shape: torch.Size([4096, 10])
[DEBUG] Targets shape: torch.Size([4096, 1])
[DEBUG] Predictions shape: torch.Size([1456, 10])
[DEBUG] Targets shape: torch.Size([1456, 1])
[DEBUG] Writing to CSV - Epoch: 44, Train MSE: 1.1652615730072875, Test MSE: 3.8002102033595184, Train Acc: 9.812031614726237, Test Acc: 9.434542102028272
[DEBUG] Predictions shape: torch.Size([4096, 10])
[DEBUG] Targets shape: torch.Size([4096, 1])
[DEBUG] Predictions shape: torch.Size([4096, 10])
[DEBUG] Targets shape: torch.Size([4096, 1])
[DEBUG] Predictions shape: torch.Size([4096, 10])
[DEBUG] Targets shape: torch.Size([4096, 1])
[DEBUG] Predictions shape: torch.Size([4096, 10])
[DEBUG] Targets shape: torch.Size([4096, 1])
[DEBUG] Predictions shape: torch.Size([4096, 10])
[DEBUG] Targets shape: torch.Size([4096, 1])
[DEBUG] Predictions shape: torch.Size([4096, 10])
[DEBUG] Targets shape: torch.Size([4096, 1])
[DEBUG] Predictions shape: torch.Size([4096, 10])
[DEBUG] Targets shape: torch.Size([4096, 1])
[DEBUG] Predictions shape: torch.Size([4096, 10])
[DEBUG] Targets shape: torch.Size([4096, 1])
[DEBUG] Predictions shape: torch.Size([4096, 10])
[DEBUG] Targets shape: torch.Size([4096, 1])
[DEBUG] Predictions shape: torch.Size([4096, 10])
[DEBUG] Targets shape: torch.Size([4096, 1])
[DEBUG] Predictions shape: torch.Size([4096, 10])
[DEBUG] Targets shape: torch.Size([4096, 1])
[DEBUG] Predictions shape: torch.Size([4096, 10])
[DEBUG] Targets shape: torch.Size([4096, 1])
[DEBUG] Predictions shape: torch.Size([4096, 10])
[DEBUG] Targets shape: torch.Size([4096, 1])
[DEBUG] Predictions shape: torch.Size([4096, 10])
[DEBUG] Targets shape: torch.Size([4096, 1])
[DEBUG] Predictions shape: torch.Size([4096, 10])
[DEBUG] Targets shape: torch.Size([4096, 1])
[DEBUG] Predictions shape: torch.Size([4096, 10])
[DEBUG] Targets shape: torch.Size([4096, 1])
[DEBUG] Predictions shape: torch.Size([4096, 10])
[DEBUG] Targets shape: torch.Size([4096, 1])
[DEBUG] Predictions shape: torch.Size([3625, 10])
[DEBUG] Targets shape: torch.Size([3625, 1])
[DEBUG] Predictions shape: torch.Size([4096, 10])
[DEBUG] Targets shape: torch.Size([4096, 1])
[DEBUG] Predictions shape: torch.Size([4096, 10])
[DEBUG] Targets shape: torch.Size([4096, 1])
[DEBUG] Predictions shape: torch.Size([4096, 10])
[DEBUG] Targets shape: torch.Size([4096, 1])
[DEBUG] Predictions shape: torch.Size([4096, 10])
[DEBUG] Targets shape: torch.Size([4096, 1])
[DEBUG] Predictions shape: torch.Size([4096, 10])
[DEBUG] Targets shape: torch.Size([4096, 1])
[DEBUG] Predictions shape: torch.Size([4096, 10])
[DEBUG] Targets shape: torch.Size([4096, 1])
[DEBUG] Predictions shape: torch.Size([1456, 10])
[DEBUG] Targets shape: torch.Size([1456, 1])
[DEBUG] Writing to CSV - Epoch: 45, Train MSE: 1.4904702487064068, Test MSE: 4.429371618975432, Train Acc: 9.964918028311288, Test Acc: 11.105562384757222
[DEBUG] Predictions shape: torch.Size([4096, 10])
[DEBUG] Targets shape: torch.Size([4096, 1])
[DEBUG] Predictions shape: torch.Size([4096, 10])
[DEBUG] Targets shape: torch.Size([4096, 1])
[DEBUG] Predictions shape: torch.Size([4096, 10])
[DEBUG] Targets shape: torch.Size([4096, 1])
[DEBUG] Predictions shape: torch.Size([4096, 10])
[DEBUG] Targets shape: torch.Size([4096, 1])
[DEBUG] Predictions shape: torch.Size([4096, 10])
[DEBUG] Targets shape: torch.Size([4096, 1])
[DEBUG] Predictions shape: torch.Size([4096, 10])
[DEBUG] Targets shape: torch.Size([4096, 1])
[DEBUG] Predictions shape: torch.Size([4096, 10])
[DEBUG] Targets shape: torch.Size([4096, 1])
[DEBUG] Predictions shape: torch.Size([4096, 10])
[DEBUG] Targets shape: torch.Size([4096, 1])
[DEBUG] Predictions shape: torch.Size([4096, 10])
[DEBUG] Targets shape: torch.Size([4096, 1])
[DEBUG] Predictions shape: torch.Size([4096, 10])
[DEBUG] Targets shape: torch.Size([4096, 1])
[DEBUG] Predictions shape: torch.Size([4096, 10])
[DEBUG] Targets shape: torch.Size([4096, 1])
[DEBUG] Predictions shape: torch.Size([4096, 10])
[DEBUG] Targets shape: torch.Size([4096, 1])
[DEBUG] Predictions shape: torch.Size([4096, 10])
[DEBUG] Targets shape: torch.Size([4096, 1])
[DEBUG] Predictions shape: torch.Size([4096, 10])
[DEBUG] Targets shape: torch.Size([4096, 1])
[DEBUG] Predictions shape: torch.Size([4096, 10])
[DEBUG] Targets shape: torch.Size([4096, 1])
[DEBUG] Predictions shape: torch.Size([4096, 10])
[DEBUG] Targets shape: torch.Size([4096, 1])
[DEBUG] Predictions shape: torch.Size([4096, 10])
[DEBUG] Targets shape: torch.Size([4096, 1])
[DEBUG] Predictions shape: torch.Size([3625, 10])
[DEBUG] Targets shape: torch.Size([3625, 1])
[DEBUG] Predictions shape: torch.Size([4096, 10])
[DEBUG] Targets shape: torch.Size([4096, 1])
[DEBUG] Predictions shape: torch.Size([4096, 10])
[DEBUG] Targets shape: torch.Size([4096, 1])
[DEBUG] Predictions shape: torch.Size([4096, 10])
[DEBUG] Targets shape: torch.Size([4096, 1])
[DEBUG] Predictions shape: torch.Size([4096, 10])
[DEBUG] Targets shape: torch.Size([4096, 1])
[DEBUG] Predictions shape: torch.Size([4096, 10])
[DEBUG] Targets shape: torch.Size([4096, 1])
[DEBUG] Predictions shape: torch.Size([4096, 10])
[DEBUG] Targets shape: torch.Size([4096, 1])
[DEBUG] Predictions shape: torch.Size([1456, 10])
[DEBUG] Targets shape: torch.Size([1456, 1])
[DEBUG] Writing to CSV - Epoch: 46, Train MSE: 1.0566309937479545, Test MSE: 3.6344889999535015, Train Acc: 10.925918342274459, Test Acc: 11.558850645359557
[DEBUG] Predictions shape: torch.Size([4096, 10])
[DEBUG] Targets shape: torch.Size([4096, 1])
[DEBUG] Predictions shape: torch.Size([4096, 10])
[DEBUG] Targets shape: torch.Size([4096, 1])
[DEBUG] Predictions shape: torch.Size([4096, 10])
[DEBUG] Targets shape: torch.Size([4096, 1])
[DEBUG] Predictions shape: torch.Size([4096, 10])
[DEBUG] Targets shape: torch.Size([4096, 1])
[DEBUG] Predictions shape: torch.Size([4096, 10])
[DEBUG] Targets shape: torch.Size([4096, 1])
[DEBUG] Predictions shape: torch.Size([4096, 10])
[DEBUG] Targets shape: torch.Size([4096, 1])
[DEBUG] Predictions shape: torch.Size([4096, 10])
[DEBUG] Targets shape: torch.Size([4096, 1])
[DEBUG] Predictions shape: torch.Size([4096, 10])
[DEBUG] Targets shape: torch.Size([4096, 1])
[DEBUG] Predictions shape: torch.Size([4096, 10])
[DEBUG] Targets shape: torch.Size([4096, 1])
[DEBUG] Predictions shape: torch.Size([4096, 10])
[DEBUG] Targets shape: torch.Size([4096, 1])
[DEBUG] Predictions shape: torch.Size([4096, 10])
[DEBUG] Targets shape: torch.Size([4096, 1])
[DEBUG] Predictions shape: torch.Size([4096, 10])
[DEBUG] Targets shape: torch.Size([4096, 1])
[DEBUG] Predictions shape: torch.Size([4096, 10])
[DEBUG] Targets shape: torch.Size([4096, 1])
[DEBUG] Predictions shape: torch.Size([4096, 10])
[DEBUG] Targets shape: torch.Size([4096, 1])
[DEBUG] Predictions shape: torch.Size([4096, 10])
[DEBUG] Targets shape: torch.Size([4096, 1])
[DEBUG] Predictions shape: torch.Size([4096, 10])
[DEBUG] Targets shape: torch.Size([4096, 1])
[DEBUG] Predictions shape: torch.Size([4096, 10])
[DEBUG] Targets shape: torch.Size([4096, 1])
[DEBUG] Predictions shape: torch.Size([3625, 10])
[DEBUG] Targets shape: torch.Size([3625, 1])
[DEBUG] Predictions shape: torch.Size([4096, 10])
[DEBUG] Targets shape: torch.Size([4096, 1])
[DEBUG] Predictions shape: torch.Size([4096, 10])
[DEBUG] Targets shape: torch.Size([4096, 1])
[DEBUG] Predictions shape: torch.Size([4096, 10])
[DEBUG] Targets shape: torch.Size([4096, 1])
[DEBUG] Predictions shape: torch.Size([4096, 10])
[DEBUG] Targets shape: torch.Size([4096, 1])
[DEBUG] Predictions shape: torch.Size([4096, 10])
[DEBUG] Targets shape: torch.Size([4096, 1])
[DEBUG] Predictions shape: torch.Size([4096, 10])
[DEBUG] Targets shape: torch.Size([4096, 1])
[DEBUG] Predictions shape: torch.Size([1456, 10])
[DEBUG] Targets shape: torch.Size([1456, 1])
[DEBUG] Writing to CSV - Epoch: 47, Train MSE: 1.0823583091794449, Test MSE: 3.875255297500807, Train Acc: 9.62911394132984, Test Acc: 10.295021511985249
[DEBUG] Predictions shape: torch.Size([4096, 10])
[DEBUG] Targets shape: torch.Size([4096, 1])
[DEBUG] Predictions shape: torch.Size([4096, 10])
[DEBUG] Targets shape: torch.Size([4096, 1])
[DEBUG] Predictions shape: torch.Size([4096, 10])
[DEBUG] Targets shape: torch.Size([4096, 1])
[DEBUG] Predictions shape: torch.Size([4096, 10])
[DEBUG] Targets shape: torch.Size([4096, 1])
[DEBUG] Predictions shape: torch.Size([4096, 10])
[DEBUG] Targets shape: torch.Size([4096, 1])
[DEBUG] Predictions shape: torch.Size([4096, 10])
[DEBUG] Targets shape: torch.Size([4096, 1])
[DEBUG] Predictions shape: torch.Size([4096, 10])
[DEBUG] Targets shape: torch.Size([4096, 1])
[DEBUG] Predictions shape: torch.Size([4096, 10])
[DEBUG] Targets shape: torch.Size([4096, 1])
[DEBUG] Predictions shape: torch.Size([4096, 10])
[DEBUG] Targets shape: torch.Size([4096, 1])
[DEBUG] Predictions shape: torch.Size([4096, 10])
[DEBUG] Targets shape: torch.Size([4096, 1])
[DEBUG] Predictions shape: torch.Size([4096, 10])
[DEBUG] Targets shape: torch.Size([4096, 1])
[DEBUG] Predictions shape: torch.Size([4096, 10])
[DEBUG] Targets shape: torch.Size([4096, 1])
[DEBUG] Predictions shape: torch.Size([4096, 10])
[DEBUG] Targets shape: torch.Size([4096, 1])
[DEBUG] Predictions shape: torch.Size([4096, 10])
[DEBUG] Targets shape: torch.Size([4096, 1])
[DEBUG] Predictions shape: torch.Size([4096, 10])
[DEBUG] Targets shape: torch.Size([4096, 1])
[DEBUG] Predictions shape: torch.Size([4096, 10])
[DEBUG] Targets shape: torch.Size([4096, 1])
[DEBUG] Predictions shape: torch.Size([4096, 10])
[DEBUG] Targets shape: torch.Size([4096, 1])
[DEBUG] Predictions shape: torch.Size([3625, 10])
[DEBUG] Targets shape: torch.Size([3625, 1])
[DEBUG] Predictions shape: torch.Size([4096, 10])
[DEBUG] Targets shape: torch.Size([4096, 1])
[DEBUG] Predictions shape: torch.Size([4096, 10])
[DEBUG] Targets shape: torch.Size([4096, 1])
[DEBUG] Predictions shape: torch.Size([4096, 10])
[DEBUG] Targets shape: torch.Size([4096, 1])
[DEBUG] Predictions shape: torch.Size([4096, 10])
[DEBUG] Targets shape: torch.Size([4096, 1])
[DEBUG] Predictions shape: torch.Size([4096, 10])
[DEBUG] Targets shape: torch.Size([4096, 1])
[DEBUG] Predictions shape: torch.Size([4096, 10])
[DEBUG] Targets shape: torch.Size([4096, 1])
[DEBUG] Predictions shape: torch.Size([1456, 10])
[DEBUG] Targets shape: torch.Size([1456, 1])
[DEBUG] Writing to CSV - Epoch: 48, Train MSE: 1.212467269701407, Test MSE: 3.70118220583676, Train Acc: 10.134185129066164, Test Acc: 10.974953902888752
[DEBUG] Predictions shape: torch.Size([4096, 10])
[DEBUG] Targets shape: torch.Size([4096, 1])
[DEBUG] Predictions shape: torch.Size([4096, 10])
[DEBUG] Targets shape: torch.Size([4096, 1])
[DEBUG] Predictions shape: torch.Size([4096, 10])
[DEBUG] Targets shape: torch.Size([4096, 1])
[DEBUG] Predictions shape: torch.Size([4096, 10])
[DEBUG] Targets shape: torch.Size([4096, 1])
[DEBUG] Predictions shape: torch.Size([4096, 10])
[DEBUG] Targets shape: torch.Size([4096, 1])
[DEBUG] Predictions shape: torch.Size([4096, 10])
[DEBUG] Targets shape: torch.Size([4096, 1])
[DEBUG] Predictions shape: torch.Size([4096, 10])
[DEBUG] Targets shape: torch.Size([4096, 1])
[DEBUG] Predictions shape: torch.Size([4096, 10])
[DEBUG] Targets shape: torch.Size([4096, 1])
[DEBUG] Predictions shape: torch.Size([4096, 10])
[DEBUG] Targets shape: torch.Size([4096, 1])
[DEBUG] Predictions shape: torch.Size([4096, 10])
[DEBUG] Targets shape: torch.Size([4096, 1])
[DEBUG] Predictions shape: torch.Size([4096, 10])
[DEBUG] Targets shape: torch.Size([4096, 1])
[DEBUG] Predictions shape: torch.Size([4096, 10])
[DEBUG] Targets shape: torch.Size([4096, 1])
[DEBUG] Predictions shape: torch.Size([4096, 10])
[DEBUG] Targets shape: torch.Size([4096, 1])
[DEBUG] Predictions shape: torch.Size([4096, 10])
[DEBUG] Targets shape: torch.Size([4096, 1])
[DEBUG] Predictions shape: torch.Size([4096, 10])
[DEBUG] Targets shape: torch.Size([4096, 1])
[DEBUG] Predictions shape: torch.Size([4096, 10])
[DEBUG] Targets shape: torch.Size([4096, 1])
[DEBUG] Predictions shape: torch.Size([4096, 10])
[DEBUG] Targets shape: torch.Size([4096, 1])
[DEBUG] Predictions shape: torch.Size([3625, 10])
[DEBUG] Targets shape: torch.Size([3625, 1])
[DEBUG] Predictions shape: torch.Size([4096, 10])
[DEBUG] Targets shape: torch.Size([4096, 1])
[DEBUG] Predictions shape: torch.Size([4096, 10])
[DEBUG] Targets shape: torch.Size([4096, 1])
[DEBUG] Predictions shape: torch.Size([4096, 10])
[DEBUG] Targets shape: torch.Size([4096, 1])
[DEBUG] Predictions shape: torch.Size([4096, 10])
[DEBUG] Targets shape: torch.Size([4096, 1])
[DEBUG] Predictions shape: torch.Size([4096, 10])
[DEBUG] Targets shape: torch.Size([4096, 1])
[DEBUG] Predictions shape: torch.Size([4096, 10])
[DEBUG] Targets shape: torch.Size([4096, 1])
[DEBUG] Predictions shape: torch.Size([1456, 10])
[DEBUG] Targets shape: torch.Size([1456, 1])
[DEBUG] Writing to CSV - Epoch: 49, Train MSE: 1.2632600850821507, Test MSE: 3.7995878180332103, Train Acc: 9.891204936047068, Test Acc: 10.31422864167179
[DEBUG] Predictions shape: torch.Size([4096, 10])
[DEBUG] Targets shape: torch.Size([4096, 1])
[DEBUG] Predictions shape: torch.Size([4096, 10])
[DEBUG] Targets shape: torch.Size([4096, 1])
[DEBUG] Predictions shape: torch.Size([4096, 10])
[DEBUG] Targets shape: torch.Size([4096, 1])
[DEBUG] Predictions shape: torch.Size([4096, 10])
[DEBUG] Targets shape: torch.Size([4096, 1])
[DEBUG] Predictions shape: torch.Size([4096, 10])
[DEBUG] Targets shape: torch.Size([4096, 1])
[DEBUG] Predictions shape: torch.Size([4096, 10])
[DEBUG] Targets shape: torch.Size([4096, 1])
[DEBUG] Predictions shape: torch.Size([4096, 10])
[DEBUG] Targets shape: torch.Size([4096, 1])
[DEBUG] Predictions shape: torch.Size([4096, 10])
[DEBUG] Targets shape: torch.Size([4096, 1])
[DEBUG] Predictions shape: torch.Size([4096, 10])
[DEBUG] Targets shape: torch.Size([4096, 1])
[DEBUG] Predictions shape: torch.Size([4096, 10])
[DEBUG] Targets shape: torch.Size([4096, 1])
[DEBUG] Predictions shape: torch.Size([4096, 10])
[DEBUG] Targets shape: torch.Size([4096, 1])
[DEBUG] Predictions shape: torch.Size([4096, 10])
[DEBUG] Targets shape: torch.Size([4096, 1])
[DEBUG] Predictions shape: torch.Size([4096, 10])
[DEBUG] Targets shape: torch.Size([4096, 1])
[DEBUG] Predictions shape: torch.Size([4096, 10])
[DEBUG] Targets shape: torch.Size([4096, 1])
[DEBUG] Predictions shape: torch.Size([4096, 10])
[DEBUG] Targets shape: torch.Size([4096, 1])
[DEBUG] Predictions shape: torch.Size([4096, 10])
[DEBUG] Targets shape: torch.Size([4096, 1])
[DEBUG] Predictions shape: torch.Size([4096, 10])
[DEBUG] Targets shape: torch.Size([4096, 1])
[DEBUG] Predictions shape: torch.Size([3625, 10])
[DEBUG] Targets shape: torch.Size([3625, 1])
[DEBUG] Predictions shape: torch.Size([4096, 10])
[DEBUG] Targets shape: torch.Size([4096, 1])
[DEBUG] Predictions shape: torch.Size([4096, 10])
[DEBUG] Targets shape: torch.Size([4096, 1])
[DEBUG] Predictions shape: torch.Size([4096, 10])
[DEBUG] Targets shape: torch.Size([4096, 1])
[DEBUG] Predictions shape: torch.Size([4096, 10])
[DEBUG] Targets shape: torch.Size([4096, 1])
[DEBUG] Predictions shape: torch.Size([4096, 10])
[DEBUG] Targets shape: torch.Size([4096, 1])
[DEBUG] Predictions shape: torch.Size([4096, 10])
[DEBUG] Targets shape: torch.Size([4096, 1])
[DEBUG] Predictions shape: torch.Size([1456, 10])
[DEBUG] Targets shape: torch.Size([1456, 1])
[DEBUG] Writing to CSV - Epoch: 50, Train MSE: 1.3527338840075014, Test MSE: 4.38645533835441, Train Acc: 9.820221958311151, Test Acc: 10.46020282728949
[Epoch 50] train_mse=1.352734  test_mse=4.386455
[DEBUG] Predictions shape: torch.Size([4096, 10])
[DEBUG] Targets shape: torch.Size([4096, 1])
[DEBUG] Predictions shape: torch.Size([4096, 10])
[DEBUG] Targets shape: torch.Size([4096, 1])
[DEBUG] Predictions shape: torch.Size([4096, 10])
[DEBUG] Targets shape: torch.Size([4096, 1])
[DEBUG] Predictions shape: torch.Size([4096, 10])
[DEBUG] Targets shape: torch.Size([4096, 1])
[DEBUG] Predictions shape: torch.Size([4096, 10])
[DEBUG] Targets shape: torch.Size([4096, 1])
[DEBUG] Predictions shape: torch.Size([4096, 10])
[DEBUG] Targets shape: torch.Size([4096, 1])
[DEBUG] Predictions shape: torch.Size([4096, 10])
[DEBUG] Targets shape: torch.Size([4096, 1])
[DEBUG] Predictions shape: torch.Size([4096, 10])
[DEBUG] Targets shape: torch.Size([4096, 1])
[DEBUG] Predictions shape: torch.Size([4096, 10])
[DEBUG] Targets shape: torch.Size([4096, 1])
[DEBUG] Predictions shape: torch.Size([4096, 10])
[DEBUG] Targets shape: torch.Size([4096, 1])
[DEBUG] Predictions shape: torch.Size([4096, 10])
[DEBUG] Targets shape: torch.Size([4096, 1])
[DEBUG] Predictions shape: torch.Size([4096, 10])
[DEBUG] Targets shape: torch.Size([4096, 1])
[DEBUG] Predictions shape: torch.Size([4096, 10])
[DEBUG] Targets shape: torch.Size([4096, 1])
[DEBUG] Predictions shape: torch.Size([4096, 10])
[DEBUG] Targets shape: torch.Size([4096, 1])
[DEBUG] Predictions shape: torch.Size([4096, 10])
[DEBUG] Targets shape: torch.Size([4096, 1])
[DEBUG] Predictions shape: torch.Size([4096, 10])
[DEBUG] Targets shape: torch.Size([4096, 1])
[DEBUG] Predictions shape: torch.Size([4096, 10])
[DEBUG] Targets shape: torch.Size([4096, 1])
[DEBUG] Predictions shape: torch.Size([3625, 10])
[DEBUG] Targets shape: torch.Size([3625, 1])
[DEBUG] Predictions shape: torch.Size([4096, 10])
[DEBUG] Targets shape: torch.Size([4096, 1])
[DEBUG] Predictions shape: torch.Size([4096, 10])
[DEBUG] Targets shape: torch.Size([4096, 1])
[DEBUG] Predictions shape: torch.Size([4096, 10])
[DEBUG] Targets shape: torch.Size([4096, 1])
[DEBUG] Predictions shape: torch.Size([4096, 10])
[DEBUG] Targets shape: torch.Size([4096, 1])
[DEBUG] Predictions shape: torch.Size([4096, 10])
[DEBUG] Targets shape: torch.Size([4096, 1])
[DEBUG] Predictions shape: torch.Size([4096, 10])
[DEBUG] Targets shape: torch.Size([4096, 1])
[DEBUG] Predictions shape: torch.Size([1456, 10])
[DEBUG] Targets shape: torch.Size([1456, 1])
[DEBUG] Writing to CSV - Epoch: 51, Train MSE: 1.8497256367753045, Test MSE: 5.07924130597434, Train Acc: 8.515227213781618, Test Acc: 9.342347879532882
[DEBUG] Predictions shape: torch.Size([4096, 10])
[DEBUG] Targets shape: torch.Size([4096, 1])
[DEBUG] Predictions shape: torch.Size([4096, 10])
[DEBUG] Targets shape: torch.Size([4096, 1])
[DEBUG] Predictions shape: torch.Size([4096, 10])
[DEBUG] Targets shape: torch.Size([4096, 1])
[DEBUG] Predictions shape: torch.Size([4096, 10])
[DEBUG] Targets shape: torch.Size([4096, 1])
[DEBUG] Predictions shape: torch.Size([4096, 10])
[DEBUG] Targets shape: torch.Size([4096, 1])
[DEBUG] Predictions shape: torch.Size([4096, 10])
[DEBUG] Targets shape: torch.Size([4096, 1])
[DEBUG] Predictions shape: torch.Size([4096, 10])
[DEBUG] Targets shape: torch.Size([4096, 1])
[DEBUG] Predictions shape: torch.Size([4096, 10])
[DEBUG] Targets shape: torch.Size([4096, 1])
[DEBUG] Predictions shape: torch.Size([4096, 10])
[DEBUG] Targets shape: torch.Size([4096, 1])
[DEBUG] Predictions shape: torch.Size([4096, 10])
[DEBUG] Targets shape: torch.Size([4096, 1])
[DEBUG] Predictions shape: torch.Size([4096, 10])
[DEBUG] Targets shape: torch.Size([4096, 1])
[DEBUG] Predictions shape: torch.Size([4096, 10])
[DEBUG] Targets shape: torch.Size([4096, 1])
[DEBUG] Predictions shape: torch.Size([4096, 10])
[DEBUG] Targets shape: torch.Size([4096, 1])
[DEBUG] Predictions shape: torch.Size([4096, 10])
[DEBUG] Targets shape: torch.Size([4096, 1])
[DEBUG] Predictions shape: torch.Size([4096, 10])
[DEBUG] Targets shape: torch.Size([4096, 1])
[DEBUG] Predictions shape: torch.Size([4096, 10])
[DEBUG] Targets shape: torch.Size([4096, 1])
[DEBUG] Predictions shape: torch.Size([4096, 10])
[DEBUG] Targets shape: torch.Size([4096, 1])
[DEBUG] Predictions shape: torch.Size([3625, 10])
[DEBUG] Targets shape: torch.Size([3625, 1])
[DEBUG] Predictions shape: torch.Size([4096, 10])
[DEBUG] Targets shape: torch.Size([4096, 1])
[DEBUG] Predictions shape: torch.Size([4096, 10])
[DEBUG] Targets shape: torch.Size([4096, 1])
[DEBUG] Predictions shape: torch.Size([4096, 10])
[DEBUG] Targets shape: torch.Size([4096, 1])
[DEBUG] Predictions shape: torch.Size([4096, 10])
[DEBUG] Targets shape: torch.Size([4096, 1])
[DEBUG] Predictions shape: torch.Size([4096, 10])
[DEBUG] Targets shape: torch.Size([4096, 1])
[DEBUG] Predictions shape: torch.Size([4096, 10])
[DEBUG] Targets shape: torch.Size([4096, 1])
[DEBUG] Predictions shape: torch.Size([1456, 10])
[DEBUG] Targets shape: torch.Size([1456, 1])
[DEBUG] Writing to CSV - Epoch: 52, Train MSE: 1.3800083638614224, Test MSE: 4.878079402644574, Train Acc: 9.769714839537519, Test Acc: 10.610018438844499
[DEBUG] Predictions shape: torch.Size([4096, 10])
[DEBUG] Targets shape: torch.Size([4096, 1])
[DEBUG] Predictions shape: torch.Size([4096, 10])
[DEBUG] Targets shape: torch.Size([4096, 1])
[DEBUG] Predictions shape: torch.Size([4096, 10])
[DEBUG] Targets shape: torch.Size([4096, 1])
[DEBUG] Predictions shape: torch.Size([4096, 10])
[DEBUG] Targets shape: torch.Size([4096, 1])
[DEBUG] Predictions shape: torch.Size([4096, 10])
[DEBUG] Targets shape: torch.Size([4096, 1])
[DEBUG] Predictions shape: torch.Size([4096, 10])
[DEBUG] Targets shape: torch.Size([4096, 1])
[DEBUG] Predictions shape: torch.Size([4096, 10])
[DEBUG] Targets shape: torch.Size([4096, 1])
[DEBUG] Predictions shape: torch.Size([4096, 10])
[DEBUG] Targets shape: torch.Size([4096, 1])
[DEBUG] Predictions shape: torch.Size([4096, 10])
[DEBUG] Targets shape: torch.Size([4096, 1])
[DEBUG] Predictions shape: torch.Size([4096, 10])
[DEBUG] Targets shape: torch.Size([4096, 1])
[DEBUG] Predictions shape: torch.Size([4096, 10])
[DEBUG] Targets shape: torch.Size([4096, 1])
[DEBUG] Predictions shape: torch.Size([4096, 10])
[DEBUG] Targets shape: torch.Size([4096, 1])
[DEBUG] Predictions shape: torch.Size([4096, 10])
[DEBUG] Targets shape: torch.Size([4096, 1])
[DEBUG] Predictions shape: torch.Size([4096, 10])
[DEBUG] Targets shape: torch.Size([4096, 1])
[DEBUG] Predictions shape: torch.Size([4096, 10])
[DEBUG] Targets shape: torch.Size([4096, 1])
[DEBUG] Predictions shape: torch.Size([4096, 10])
[DEBUG] Targets shape: torch.Size([4096, 1])
[DEBUG] Predictions shape: torch.Size([4096, 10])
[DEBUG] Targets shape: torch.Size([4096, 1])
[DEBUG] Predictions shape: torch.Size([3625, 10])
[DEBUG] Targets shape: torch.Size([3625, 1])
[DEBUG] Predictions shape: torch.Size([4096, 10])
[DEBUG] Targets shape: torch.Size([4096, 1])
[DEBUG] Predictions shape: torch.Size([4096, 10])
[DEBUG] Targets shape: torch.Size([4096, 1])
[DEBUG] Predictions shape: torch.Size([4096, 10])
[DEBUG] Targets shape: torch.Size([4096, 1])
[DEBUG] Predictions shape: torch.Size([4096, 10])
[DEBUG] Targets shape: torch.Size([4096, 1])
[DEBUG] Predictions shape: torch.Size([4096, 10])
[DEBUG] Targets shape: torch.Size([4096, 1])
[DEBUG] Predictions shape: torch.Size([4096, 10])
[DEBUG] Targets shape: torch.Size([4096, 1])
[DEBUG] Predictions shape: torch.Size([1456, 10])
[DEBUG] Targets shape: torch.Size([1456, 1])
[DEBUG] Writing to CSV - Epoch: 53, Train MSE: 1.2908301401068658, Test MSE: 3.7581211336566103, Train Acc: 8.983441855385834, Test Acc: 9.115703749231715
[DEBUG] Predictions shape: torch.Size([4096, 10])
[DEBUG] Targets shape: torch.Size([4096, 1])
[DEBUG] Predictions shape: torch.Size([4096, 10])
[DEBUG] Targets shape: torch.Size([4096, 1])
[DEBUG] Predictions shape: torch.Size([4096, 10])
[DEBUG] Targets shape: torch.Size([4096, 1])
[DEBUG] Predictions shape: torch.Size([4096, 10])
[DEBUG] Targets shape: torch.Size([4096, 1])
[DEBUG] Predictions shape: torch.Size([4096, 10])
[DEBUG] Targets shape: torch.Size([4096, 1])
[DEBUG] Predictions shape: torch.Size([4096, 10])
[DEBUG] Targets shape: torch.Size([4096, 1])
[DEBUG] Predictions shape: torch.Size([4096, 10])
[DEBUG] Targets shape: torch.Size([4096, 1])
[DEBUG] Predictions shape: torch.Size([4096, 10])
[DEBUG] Targets shape: torch.Size([4096, 1])
[DEBUG] Predictions shape: torch.Size([4096, 10])
[DEBUG] Targets shape: torch.Size([4096, 1])
[DEBUG] Predictions shape: torch.Size([4096, 10])
[DEBUG] Targets shape: torch.Size([4096, 1])
[DEBUG] Predictions shape: torch.Size([4096, 10])
[DEBUG] Targets shape: torch.Size([4096, 1])
[DEBUG] Predictions shape: torch.Size([4096, 10])
[DEBUG] Targets shape: torch.Size([4096, 1])
[DEBUG] Predictions shape: torch.Size([4096, 10])
[DEBUG] Targets shape: torch.Size([4096, 1])
[DEBUG] Predictions shape: torch.Size([4096, 10])
[DEBUG] Targets shape: torch.Size([4096, 1])
[DEBUG] Predictions shape: torch.Size([4096, 10])
[DEBUG] Targets shape: torch.Size([4096, 1])
[DEBUG] Predictions shape: torch.Size([4096, 10])
[DEBUG] Targets shape: torch.Size([4096, 1])
[DEBUG] Predictions shape: torch.Size([4096, 10])
[DEBUG] Targets shape: torch.Size([4096, 1])
[DEBUG] Predictions shape: torch.Size([3625, 10])
[DEBUG] Targets shape: torch.Size([3625, 1])
[DEBUG] Predictions shape: torch.Size([4096, 10])
[DEBUG] Targets shape: torch.Size([4096, 1])
[DEBUG] Predictions shape: torch.Size([4096, 10])
[DEBUG] Targets shape: torch.Size([4096, 1])
[DEBUG] Predictions shape: torch.Size([4096, 10])
[DEBUG] Targets shape: torch.Size([4096, 1])
[DEBUG] Predictions shape: torch.Size([4096, 10])
[DEBUG] Targets shape: torch.Size([4096, 1])
[DEBUG] Predictions shape: torch.Size([4096, 10])
[DEBUG] Targets shape: torch.Size([4096, 1])
[DEBUG] Predictions shape: torch.Size([4096, 10])
[DEBUG] Targets shape: torch.Size([4096, 1])
[DEBUG] Predictions shape: torch.Size([1456, 10])
[DEBUG] Targets shape: torch.Size([1456, 1])
[DEBUG] Writing to CSV - Epoch: 54, Train MSE: 1.2929497615827306, Test MSE: 3.757785940434058, Train Acc: 9.80111115661302, Test Acc: 10.248924400737554
[DEBUG] Predictions shape: torch.Size([4096, 10])
[DEBUG] Targets shape: torch.Size([4096, 1])
[DEBUG] Predictions shape: torch.Size([4096, 10])
[DEBUG] Targets shape: torch.Size([4096, 1])
[DEBUG] Predictions shape: torch.Size([4096, 10])
[DEBUG] Targets shape: torch.Size([4096, 1])
[DEBUG] Predictions shape: torch.Size([4096, 10])
[DEBUG] Targets shape: torch.Size([4096, 1])
[DEBUG] Predictions shape: torch.Size([4096, 10])
[DEBUG] Targets shape: torch.Size([4096, 1])
[DEBUG] Predictions shape: torch.Size([4096, 10])
[DEBUG] Targets shape: torch.Size([4096, 1])
[DEBUG] Predictions shape: torch.Size([4096, 10])
[DEBUG] Targets shape: torch.Size([4096, 1])
[DEBUG] Predictions shape: torch.Size([4096, 10])
[DEBUG] Targets shape: torch.Size([4096, 1])
[DEBUG] Predictions shape: torch.Size([4096, 10])
[DEBUG] Targets shape: torch.Size([4096, 1])
[DEBUG] Predictions shape: torch.Size([4096, 10])
[DEBUG] Targets shape: torch.Size([4096, 1])
[DEBUG] Predictions shape: torch.Size([4096, 10])
[DEBUG] Targets shape: torch.Size([4096, 1])
[DEBUG] Predictions shape: torch.Size([4096, 10])
[DEBUG] Targets shape: torch.Size([4096, 1])
[DEBUG] Predictions shape: torch.Size([4096, 10])
[DEBUG] Targets shape: torch.Size([4096, 1])
[DEBUG] Predictions shape: torch.Size([4096, 10])
[DEBUG] Targets shape: torch.Size([4096, 1])
[DEBUG] Predictions shape: torch.Size([4096, 10])
[DEBUG] Targets shape: torch.Size([4096, 1])
[DEBUG] Predictions shape: torch.Size([4096, 10])
[DEBUG] Targets shape: torch.Size([4096, 1])
[DEBUG] Predictions shape: torch.Size([4096, 10])
[DEBUG] Targets shape: torch.Size([4096, 1])
[DEBUG] Predictions shape: torch.Size([3625, 10])
[DEBUG] Targets shape: torch.Size([3625, 1])
[DEBUG] Predictions shape: torch.Size([4096, 10])
[DEBUG] Targets shape: torch.Size([4096, 1])
[DEBUG] Predictions shape: torch.Size([4096, 10])
[DEBUG] Targets shape: torch.Size([4096, 1])
[DEBUG] Predictions shape: torch.Size([4096, 10])
[DEBUG] Targets shape: torch.Size([4096, 1])
[DEBUG] Predictions shape: torch.Size([4096, 10])
[DEBUG] Targets shape: torch.Size([4096, 1])
[DEBUG] Predictions shape: torch.Size([4096, 10])
[DEBUG] Targets shape: torch.Size([4096, 1])
[DEBUG] Predictions shape: torch.Size([4096, 10])
[DEBUG] Targets shape: torch.Size([4096, 1])
[DEBUG] Predictions shape: torch.Size([1456, 10])
[DEBUG] Targets shape: torch.Size([1456, 1])
[DEBUG] Writing to CSV - Epoch: 55, Train MSE: 0.8708610108655492, Test MSE: 3.5953972220933723, Train Acc: 10.583288968972248, Test Acc: 11.289950829748003
[DEBUG] Predictions shape: torch.Size([4096, 10])
[DEBUG] Targets shape: torch.Size([4096, 1])
[DEBUG] Predictions shape: torch.Size([4096, 10])
[DEBUG] Targets shape: torch.Size([4096, 1])
[DEBUG] Predictions shape: torch.Size([4096, 10])
[DEBUG] Targets shape: torch.Size([4096, 1])
[DEBUG] Predictions shape: torch.Size([4096, 10])
[DEBUG] Targets shape: torch.Size([4096, 1])
[DEBUG] Predictions shape: torch.Size([4096, 10])
[DEBUG] Targets shape: torch.Size([4096, 1])
[DEBUG] Predictions shape: torch.Size([4096, 10])
[DEBUG] Targets shape: torch.Size([4096, 1])
[DEBUG] Predictions shape: torch.Size([4096, 10])
[DEBUG] Targets shape: torch.Size([4096, 1])
[DEBUG] Predictions shape: torch.Size([4096, 10])
[DEBUG] Targets shape: torch.Size([4096, 1])
[DEBUG] Predictions shape: torch.Size([4096, 10])
[DEBUG] Targets shape: torch.Size([4096, 1])
[DEBUG] Predictions shape: torch.Size([4096, 10])
[DEBUG] Targets shape: torch.Size([4096, 1])
[DEBUG] Predictions shape: torch.Size([4096, 10])
[DEBUG] Targets shape: torch.Size([4096, 1])
[DEBUG] Predictions shape: torch.Size([4096, 10])
[DEBUG] Targets shape: torch.Size([4096, 1])
[DEBUG] Predictions shape: torch.Size([4096, 10])
[DEBUG] Targets shape: torch.Size([4096, 1])
[DEBUG] Predictions shape: torch.Size([4096, 10])
[DEBUG] Targets shape: torch.Size([4096, 1])
[DEBUG] Predictions shape: torch.Size([4096, 10])
[DEBUG] Targets shape: torch.Size([4096, 1])
[DEBUG] Predictions shape: torch.Size([4096, 10])
[DEBUG] Targets shape: torch.Size([4096, 1])
[DEBUG] Predictions shape: torch.Size([4096, 10])
[DEBUG] Targets shape: torch.Size([4096, 1])
[DEBUG] Predictions shape: torch.Size([3625, 10])
[DEBUG] Targets shape: torch.Size([3625, 1])
[DEBUG] Predictions shape: torch.Size([4096, 10])
[DEBUG] Targets shape: torch.Size([4096, 1])
[DEBUG] Predictions shape: torch.Size([4096, 10])
[DEBUG] Targets shape: torch.Size([4096, 1])
[DEBUG] Predictions shape: torch.Size([4096, 10])
[DEBUG] Targets shape: torch.Size([4096, 1])
[DEBUG] Predictions shape: torch.Size([4096, 10])
[DEBUG] Targets shape: torch.Size([4096, 1])
[DEBUG] Predictions shape: torch.Size([4096, 10])
[DEBUG] Targets shape: torch.Size([4096, 1])
[DEBUG] Predictions shape: torch.Size([4096, 10])
[DEBUG] Targets shape: torch.Size([4096, 1])
[DEBUG] Predictions shape: torch.Size([1456, 10])
[DEBUG] Targets shape: torch.Size([1456, 1])
[DEBUG] Writing to CSV - Epoch: 56, Train MSE: 1.1756213471239139, Test MSE: 4.346679031299387, Train Acc: 9.225056991140779, Test Acc: 9.55362630608482
[DEBUG] Predictions shape: torch.Size([4096, 10])
[DEBUG] Targets shape: torch.Size([4096, 1])
[DEBUG] Predictions shape: torch.Size([4096, 10])
[DEBUG] Targets shape: torch.Size([4096, 1])
[DEBUG] Predictions shape: torch.Size([4096, 10])
[DEBUG] Targets shape: torch.Size([4096, 1])
[DEBUG] Predictions shape: torch.Size([4096, 10])
[DEBUG] Targets shape: torch.Size([4096, 1])
[DEBUG] Predictions shape: torch.Size([4096, 10])
[DEBUG] Targets shape: torch.Size([4096, 1])
[DEBUG] Predictions shape: torch.Size([4096, 10])
[DEBUG] Targets shape: torch.Size([4096, 1])
[DEBUG] Predictions shape: torch.Size([4096, 10])
[DEBUG] Targets shape: torch.Size([4096, 1])
[DEBUG] Predictions shape: torch.Size([4096, 10])
[DEBUG] Targets shape: torch.Size([4096, 1])
[DEBUG] Predictions shape: torch.Size([4096, 10])
[DEBUG] Targets shape: torch.Size([4096, 1])
[DEBUG] Predictions shape: torch.Size([4096, 10])
[DEBUG] Targets shape: torch.Size([4096, 1])
[DEBUG] Predictions shape: torch.Size([4096, 10])
[DEBUG] Targets shape: torch.Size([4096, 1])
[DEBUG] Predictions shape: torch.Size([4096, 10])
[DEBUG] Targets shape: torch.Size([4096, 1])
[DEBUG] Predictions shape: torch.Size([4096, 10])
[DEBUG] Targets shape: torch.Size([4096, 1])
[DEBUG] Predictions shape: torch.Size([4096, 10])
[DEBUG] Targets shape: torch.Size([4096, 1])
[DEBUG] Predictions shape: torch.Size([4096, 10])
[DEBUG] Targets shape: torch.Size([4096, 1])
[DEBUG] Predictions shape: torch.Size([4096, 10])
[DEBUG] Targets shape: torch.Size([4096, 1])
[DEBUG] Predictions shape: torch.Size([4096, 10])
[DEBUG] Targets shape: torch.Size([4096, 1])
[DEBUG] Predictions shape: torch.Size([3625, 10])
[DEBUG] Targets shape: torch.Size([3625, 1])
[DEBUG] Predictions shape: torch.Size([4096, 10])
[DEBUG] Targets shape: torch.Size([4096, 1])
[DEBUG] Predictions shape: torch.Size([4096, 10])
[DEBUG] Targets shape: torch.Size([4096, 1])
[DEBUG] Predictions shape: torch.Size([4096, 10])
[DEBUG] Targets shape: torch.Size([4096, 1])
[DEBUG] Predictions shape: torch.Size([4096, 10])
[DEBUG] Targets shape: torch.Size([4096, 1])
[DEBUG] Predictions shape: torch.Size([4096, 10])
[DEBUG] Targets shape: torch.Size([4096, 1])
[DEBUG] Predictions shape: torch.Size([4096, 10])
[DEBUG] Targets shape: torch.Size([4096, 1])
[DEBUG] Predictions shape: torch.Size([1456, 10])
[DEBUG] Targets shape: torch.Size([1456, 1])
[DEBUG] Writing to CSV - Epoch: 57, Train MSE: 1.5555082598949355, Test MSE: 3.993339309973737, Train Acc: 9.955362627462222, Test Acc: 9.918561770129072
[DEBUG] Predictions shape: torch.Size([4096, 10])
[DEBUG] Targets shape: torch.Size([4096, 1])
[DEBUG] Predictions shape: torch.Size([4096, 10])
[DEBUG] Targets shape: torch.Size([4096, 1])
[DEBUG] Predictions shape: torch.Size([4096, 10])
[DEBUG] Targets shape: torch.Size([4096, 1])
[DEBUG] Predictions shape: torch.Size([4096, 10])
[DEBUG] Targets shape: torch.Size([4096, 1])
[DEBUG] Predictions shape: torch.Size([4096, 10])
[DEBUG] Targets shape: torch.Size([4096, 1])
[DEBUG] Predictions shape: torch.Size([4096, 10])
[DEBUG] Targets shape: torch.Size([4096, 1])
[DEBUG] Predictions shape: torch.Size([4096, 10])
[DEBUG] Targets shape: torch.Size([4096, 1])
[DEBUG] Predictions shape: torch.Size([4096, 10])
[DEBUG] Targets shape: torch.Size([4096, 1])
[DEBUG] Predictions shape: torch.Size([4096, 10])
[DEBUG] Targets shape: torch.Size([4096, 1])
[DEBUG] Predictions shape: torch.Size([4096, 10])
[DEBUG] Targets shape: torch.Size([4096, 1])
[DEBUG] Predictions shape: torch.Size([4096, 10])
[DEBUG] Targets shape: torch.Size([4096, 1])
[DEBUG] Predictions shape: torch.Size([4096, 10])
[DEBUG] Targets shape: torch.Size([4096, 1])
[DEBUG] Predictions shape: torch.Size([4096, 10])
[DEBUG] Targets shape: torch.Size([4096, 1])
[DEBUG] Predictions shape: torch.Size([4096, 10])
[DEBUG] Targets shape: torch.Size([4096, 1])
[DEBUG] Predictions shape: torch.Size([4096, 10])
[DEBUG] Targets shape: torch.Size([4096, 1])
[DEBUG] Predictions shape: torch.Size([4096, 10])
[DEBUG] Targets shape: torch.Size([4096, 1])
[DEBUG] Predictions shape: torch.Size([4096, 10])
[DEBUG] Targets shape: torch.Size([4096, 1])
[DEBUG] Predictions shape: torch.Size([3625, 10])
[DEBUG] Targets shape: torch.Size([3625, 1])
[DEBUG] Predictions shape: torch.Size([4096, 10])
[DEBUG] Targets shape: torch.Size([4096, 1])
[DEBUG] Predictions shape: torch.Size([4096, 10])
[DEBUG] Targets shape: torch.Size([4096, 1])
[DEBUG] Predictions shape: torch.Size([4096, 10])
[DEBUG] Targets shape: torch.Size([4096, 1])
[DEBUG] Predictions shape: torch.Size([4096, 10])
[DEBUG] Targets shape: torch.Size([4096, 1])
[DEBUG] Predictions shape: torch.Size([4096, 10])
[DEBUG] Targets shape: torch.Size([4096, 1])
[DEBUG] Predictions shape: torch.Size([4096, 10])
[DEBUG] Targets shape: torch.Size([4096, 1])
[DEBUG] Predictions shape: torch.Size([1456, 10])
[DEBUG] Targets shape: torch.Size([1456, 1])
[DEBUG] Writing to CSV - Epoch: 58, Train MSE: 1.442749845551509, Test MSE: 3.9386125098874984, Train Acc: 11.350451151425803, Test Acc: 11.512753534111862
[DEBUG] Predictions shape: torch.Size([4096, 10])
[DEBUG] Targets shape: torch.Size([4096, 1])
[DEBUG] Predictions shape: torch.Size([4096, 10])
[DEBUG] Targets shape: torch.Size([4096, 1])
[DEBUG] Predictions shape: torch.Size([4096, 10])
[DEBUG] Targets shape: torch.Size([4096, 1])
[DEBUG] Predictions shape: torch.Size([4096, 10])
[DEBUG] Targets shape: torch.Size([4096, 1])
[DEBUG] Predictions shape: torch.Size([4096, 10])
[DEBUG] Targets shape: torch.Size([4096, 1])
[DEBUG] Predictions shape: torch.Size([4096, 10])
[DEBUG] Targets shape: torch.Size([4096, 1])
[DEBUG] Predictions shape: torch.Size([4096, 10])
[DEBUG] Targets shape: torch.Size([4096, 1])
[DEBUG] Predictions shape: torch.Size([4096, 10])
[DEBUG] Targets shape: torch.Size([4096, 1])
[DEBUG] Predictions shape: torch.Size([4096, 10])
[DEBUG] Targets shape: torch.Size([4096, 1])
[DEBUG] Predictions shape: torch.Size([4096, 10])
[DEBUG] Targets shape: torch.Size([4096, 1])
[DEBUG] Predictions shape: torch.Size([4096, 10])
[DEBUG] Targets shape: torch.Size([4096, 1])
[DEBUG] Predictions shape: torch.Size([4096, 10])
[DEBUG] Targets shape: torch.Size([4096, 1])
[DEBUG] Predictions shape: torch.Size([4096, 10])
[DEBUG] Targets shape: torch.Size([4096, 1])
[DEBUG] Predictions shape: torch.Size([4096, 10])
[DEBUG] Targets shape: torch.Size([4096, 1])
[DEBUG] Predictions shape: torch.Size([4096, 10])
[DEBUG] Targets shape: torch.Size([4096, 1])
[DEBUG] Predictions shape: torch.Size([4096, 10])
[DEBUG] Targets shape: torch.Size([4096, 1])
[DEBUG] Predictions shape: torch.Size([4096, 10])
[DEBUG] Targets shape: torch.Size([4096, 1])
[DEBUG] Predictions shape: torch.Size([3625, 10])
[DEBUG] Targets shape: torch.Size([3625, 1])
[DEBUG] Predictions shape: torch.Size([4096, 10])
[DEBUG] Targets shape: torch.Size([4096, 1])
[DEBUG] Predictions shape: torch.Size([4096, 10])
[DEBUG] Targets shape: torch.Size([4096, 1])
[DEBUG] Predictions shape: torch.Size([4096, 10])
[DEBUG] Targets shape: torch.Size([4096, 1])
[DEBUG] Predictions shape: torch.Size([4096, 10])
[DEBUG] Targets shape: torch.Size([4096, 1])
[DEBUG] Predictions shape: torch.Size([4096, 10])
[DEBUG] Targets shape: torch.Size([4096, 1])
[DEBUG] Predictions shape: torch.Size([4096, 10])
[DEBUG] Targets shape: torch.Size([4096, 1])
[DEBUG] Predictions shape: torch.Size([1456, 10])
[DEBUG] Targets shape: torch.Size([1456, 1])
[DEBUG] Writing to CSV - Epoch: 59, Train MSE: 0.8586649047945502, Test MSE: 3.5143403414941377, Train Acc: 10.14374052991523, Test Acc: 10.955746773202213
[DEBUG] Predictions shape: torch.Size([4096, 10])
[DEBUG] Targets shape: torch.Size([4096, 1])
[DEBUG] Predictions shape: torch.Size([4096, 10])
[DEBUG] Targets shape: torch.Size([4096, 1])
[DEBUG] Predictions shape: torch.Size([4096, 10])
[DEBUG] Targets shape: torch.Size([4096, 1])
[DEBUG] Predictions shape: torch.Size([4096, 10])
[DEBUG] Targets shape: torch.Size([4096, 1])
[DEBUG] Predictions shape: torch.Size([4096, 10])
[DEBUG] Targets shape: torch.Size([4096, 1])
[DEBUG] Predictions shape: torch.Size([4096, 10])
[DEBUG] Targets shape: torch.Size([4096, 1])
[DEBUG] Predictions shape: torch.Size([4096, 10])
[DEBUG] Targets shape: torch.Size([4096, 1])
[DEBUG] Predictions shape: torch.Size([4096, 10])
[DEBUG] Targets shape: torch.Size([4096, 1])
[DEBUG] Predictions shape: torch.Size([4096, 10])
[DEBUG] Targets shape: torch.Size([4096, 1])
[DEBUG] Predictions shape: torch.Size([4096, 10])
[DEBUG] Targets shape: torch.Size([4096, 1])
[DEBUG] Predictions shape: torch.Size([4096, 10])
[DEBUG] Targets shape: torch.Size([4096, 1])
[DEBUG] Predictions shape: torch.Size([4096, 10])
[DEBUG] Targets shape: torch.Size([4096, 1])
[DEBUG] Predictions shape: torch.Size([4096, 10])
[DEBUG] Targets shape: torch.Size([4096, 1])
[DEBUG] Predictions shape: torch.Size([4096, 10])
[DEBUG] Targets shape: torch.Size([4096, 1])
[DEBUG] Predictions shape: torch.Size([4096, 10])
[DEBUG] Targets shape: torch.Size([4096, 1])
[DEBUG] Predictions shape: torch.Size([4096, 10])
[DEBUG] Targets shape: torch.Size([4096, 1])
[DEBUG] Predictions shape: torch.Size([4096, 10])
[DEBUG] Targets shape: torch.Size([4096, 1])
[DEBUG] Predictions shape: torch.Size([3625, 10])
[DEBUG] Targets shape: torch.Size([3625, 1])
[DEBUG] Predictions shape: torch.Size([4096, 10])
[DEBUG] Targets shape: torch.Size([4096, 1])
[DEBUG] Predictions shape: torch.Size([4096, 10])
[DEBUG] Targets shape: torch.Size([4096, 1])
[DEBUG] Predictions shape: torch.Size([4096, 10])
[DEBUG] Targets shape: torch.Size([4096, 1])
[DEBUG] Predictions shape: torch.Size([4096, 10])
[DEBUG] Targets shape: torch.Size([4096, 1])
[DEBUG] Predictions shape: torch.Size([4096, 10])
[DEBUG] Targets shape: torch.Size([4096, 1])
[DEBUG] Predictions shape: torch.Size([4096, 10])
[DEBUG] Targets shape: torch.Size([4096, 1])
[DEBUG] Predictions shape: torch.Size([1456, 10])
[DEBUG] Targets shape: torch.Size([1456, 1])
[DEBUG] Writing to CSV - Epoch: 60, Train MSE: 0.7852278863822125, Test MSE: 3.5336342259426385, Train Acc: 8.722715917932756, Test Acc: 8.693146896127843
[Epoch 60] train_mse=0.785228  test_mse=3.533634
[DEBUG] Predictions shape: torch.Size([4096, 10])
[DEBUG] Targets shape: torch.Size([4096, 1])
[DEBUG] Predictions shape: torch.Size([4096, 10])
[DEBUG] Targets shape: torch.Size([4096, 1])
[DEBUG] Predictions shape: torch.Size([4096, 10])
[DEBUG] Targets shape: torch.Size([4096, 1])
[DEBUG] Predictions shape: torch.Size([4096, 10])
[DEBUG] Targets shape: torch.Size([4096, 1])
[DEBUG] Predictions shape: torch.Size([4096, 10])
[DEBUG] Targets shape: torch.Size([4096, 1])
[DEBUG] Predictions shape: torch.Size([4096, 10])
[DEBUG] Targets shape: torch.Size([4096, 1])
[DEBUG] Predictions shape: torch.Size([4096, 10])
[DEBUG] Targets shape: torch.Size([4096, 1])
[DEBUG] Predictions shape: torch.Size([4096, 10])
[DEBUG] Targets shape: torch.Size([4096, 1])
[DEBUG] Predictions shape: torch.Size([4096, 10])
[DEBUG] Targets shape: torch.Size([4096, 1])
[DEBUG] Predictions shape: torch.Size([4096, 10])
[DEBUG] Targets shape: torch.Size([4096, 1])
[DEBUG] Predictions shape: torch.Size([4096, 10])
[DEBUG] Targets shape: torch.Size([4096, 1])
[DEBUG] Predictions shape: torch.Size([4096, 10])
[DEBUG] Targets shape: torch.Size([4096, 1])
[DEBUG] Predictions shape: torch.Size([4096, 10])
[DEBUG] Targets shape: torch.Size([4096, 1])
[DEBUG] Predictions shape: torch.Size([4096, 10])
[DEBUG] Targets shape: torch.Size([4096, 1])
[DEBUG] Predictions shape: torch.Size([4096, 10])
[DEBUG] Targets shape: torch.Size([4096, 1])
[DEBUG] Predictions shape: torch.Size([4096, 10])
[DEBUG] Targets shape: torch.Size([4096, 1])
[DEBUG] Predictions shape: torch.Size([4096, 10])
[DEBUG] Targets shape: torch.Size([4096, 1])
[DEBUG] Predictions shape: torch.Size([3625, 10])
[DEBUG] Targets shape: torch.Size([3625, 1])
[DEBUG] Predictions shape: torch.Size([4096, 10])
[DEBUG] Targets shape: torch.Size([4096, 1])
[DEBUG] Predictions shape: torch.Size([4096, 10])
[DEBUG] Targets shape: torch.Size([4096, 1])
[DEBUG] Predictions shape: torch.Size([4096, 10])
[DEBUG] Targets shape: torch.Size([4096, 1])
[DEBUG] Predictions shape: torch.Size([4096, 10])
[DEBUG] Targets shape: torch.Size([4096, 1])
[DEBUG] Predictions shape: torch.Size([4096, 10])
[DEBUG] Targets shape: torch.Size([4096, 1])
[DEBUG] Predictions shape: torch.Size([4096, 10])
[DEBUG] Targets shape: torch.Size([4096, 1])
[DEBUG] Predictions shape: torch.Size([1456, 10])
[DEBUG] Targets shape: torch.Size([1456, 1])
[DEBUG] Writing to CSV - Epoch: 61, Train MSE: 1.0244117648486288, Test MSE: 4.2402813647082045, Train Acc: 9.76425461048091, Test Acc: 9.526736324523663
[DEBUG] Predictions shape: torch.Size([4096, 10])
[DEBUG] Targets shape: torch.Size([4096, 1])
[DEBUG] Predictions shape: torch.Size([4096, 10])
[DEBUG] Targets shape: torch.Size([4096, 1])
[DEBUG] Predictions shape: torch.Size([4096, 10])
[DEBUG] Targets shape: torch.Size([4096, 1])
[DEBUG] Predictions shape: torch.Size([4096, 10])
[DEBUG] Targets shape: torch.Size([4096, 1])
[DEBUG] Predictions shape: torch.Size([4096, 10])
[DEBUG] Targets shape: torch.Size([4096, 1])
[DEBUG] Predictions shape: torch.Size([4096, 10])
[DEBUG] Targets shape: torch.Size([4096, 1])
[DEBUG] Predictions shape: torch.Size([4096, 10])
[DEBUG] Targets shape: torch.Size([4096, 1])
[DEBUG] Predictions shape: torch.Size([4096, 10])
[DEBUG] Targets shape: torch.Size([4096, 1])
[DEBUG] Predictions shape: torch.Size([4096, 10])
[DEBUG] Targets shape: torch.Size([4096, 1])
[DEBUG] Predictions shape: torch.Size([4096, 10])
[DEBUG] Targets shape: torch.Size([4096, 1])
[DEBUG] Predictions shape: torch.Size([4096, 10])
[DEBUG] Targets shape: torch.Size([4096, 1])
[DEBUG] Predictions shape: torch.Size([4096, 10])
[DEBUG] Targets shape: torch.Size([4096, 1])
[DEBUG] Predictions shape: torch.Size([4096, 10])
[DEBUG] Targets shape: torch.Size([4096, 1])
[DEBUG] Predictions shape: torch.Size([4096, 10])
[DEBUG] Targets shape: torch.Size([4096, 1])
[DEBUG] Predictions shape: torch.Size([4096, 10])
[DEBUG] Targets shape: torch.Size([4096, 1])
[DEBUG] Predictions shape: torch.Size([4096, 10])
[DEBUG] Targets shape: torch.Size([4096, 1])
[DEBUG] Predictions shape: torch.Size([4096, 10])
[DEBUG] Targets shape: torch.Size([4096, 1])
[DEBUG] Predictions shape: torch.Size([3625, 10])
[DEBUG] Targets shape: torch.Size([3625, 1])
[DEBUG] Predictions shape: torch.Size([4096, 10])
[DEBUG] Targets shape: torch.Size([4096, 1])
[DEBUG] Predictions shape: torch.Size([4096, 10])
[DEBUG] Targets shape: torch.Size([4096, 1])
[DEBUG] Predictions shape: torch.Size([4096, 10])
[DEBUG] Targets shape: torch.Size([4096, 1])
[DEBUG] Predictions shape: torch.Size([4096, 10])
[DEBUG] Targets shape: torch.Size([4096, 1])
[DEBUG] Predictions shape: torch.Size([4096, 10])
[DEBUG] Targets shape: torch.Size([4096, 1])
[DEBUG] Predictions shape: torch.Size([4096, 10])
[DEBUG] Targets shape: torch.Size([4096, 1])
[DEBUG] Predictions shape: torch.Size([1456, 10])
[DEBUG] Targets shape: torch.Size([1456, 1])
[DEBUG] Writing to CSV - Epoch: 62, Train MSE: 0.8357390305014272, Test MSE: 3.790462889697703, Train Acc: 8.922014278498983, Test Acc: 9.192532267977873
[DEBUG] Predictions shape: torch.Size([4096, 10])
[DEBUG] Targets shape: torch.Size([4096, 1])
[DEBUG] Predictions shape: torch.Size([4096, 10])
[DEBUG] Targets shape: torch.Size([4096, 1])
[DEBUG] Predictions shape: torch.Size([4096, 10])
[DEBUG] Targets shape: torch.Size([4096, 1])
[DEBUG] Predictions shape: torch.Size([4096, 10])
[DEBUG] Targets shape: torch.Size([4096, 1])
[DEBUG] Predictions shape: torch.Size([4096, 10])
[DEBUG] Targets shape: torch.Size([4096, 1])
[DEBUG] Predictions shape: torch.Size([4096, 10])
[DEBUG] Targets shape: torch.Size([4096, 1])
[DEBUG] Predictions shape: torch.Size([4096, 10])
[DEBUG] Targets shape: torch.Size([4096, 1])
[DEBUG] Predictions shape: torch.Size([4096, 10])
[DEBUG] Targets shape: torch.Size([4096, 1])
[DEBUG] Predictions shape: torch.Size([4096, 10])
[DEBUG] Targets shape: torch.Size([4096, 1])
[DEBUG] Predictions shape: torch.Size([4096, 10])
[DEBUG] Targets shape: torch.Size([4096, 1])
[DEBUG] Predictions shape: torch.Size([4096, 10])
[DEBUG] Targets shape: torch.Size([4096, 1])
[DEBUG] Predictions shape: torch.Size([4096, 10])
[DEBUG] Targets shape: torch.Size([4096, 1])
[DEBUG] Predictions shape: torch.Size([4096, 10])
[DEBUG] Targets shape: torch.Size([4096, 1])
[DEBUG] Predictions shape: torch.Size([4096, 10])
[DEBUG] Targets shape: torch.Size([4096, 1])
[DEBUG] Predictions shape: torch.Size([4096, 10])
[DEBUG] Targets shape: torch.Size([4096, 1])
[DEBUG] Predictions shape: torch.Size([4096, 10])
[DEBUG] Targets shape: torch.Size([4096, 1])
[DEBUG] Predictions shape: torch.Size([4096, 10])
[DEBUG] Targets shape: torch.Size([4096, 1])
[DEBUG] Predictions shape: torch.Size([3625, 10])
[DEBUG] Targets shape: torch.Size([3625, 1])
[DEBUG] Predictions shape: torch.Size([4096, 10])
[DEBUG] Targets shape: torch.Size([4096, 1])
[DEBUG] Predictions shape: torch.Size([4096, 10])
[DEBUG] Targets shape: torch.Size([4096, 1])
[DEBUG] Predictions shape: torch.Size([4096, 10])
[DEBUG] Targets shape: torch.Size([4096, 1])
[DEBUG] Predictions shape: torch.Size([4096, 10])
[DEBUG] Targets shape: torch.Size([4096, 1])
[DEBUG] Predictions shape: torch.Size([4096, 10])
[DEBUG] Targets shape: torch.Size([4096, 1])
[DEBUG] Predictions shape: torch.Size([4096, 10])
[DEBUG] Targets shape: torch.Size([4096, 1])
[DEBUG] Predictions shape: torch.Size([1456, 10])
[DEBUG] Targets shape: torch.Size([1456, 1])
[DEBUG] Writing to CSV - Epoch: 63, Train MSE: 1.6466922577266776, Test MSE: 4.906152773577521, Train Acc: 9.685081289160081, Test Acc: 9.499846342962508
[DEBUG] Predictions shape: torch.Size([4096, 10])
[DEBUG] Targets shape: torch.Size([4096, 1])
[DEBUG] Predictions shape: torch.Size([4096, 10])
[DEBUG] Targets shape: torch.Size([4096, 1])
[DEBUG] Predictions shape: torch.Size([4096, 10])
[DEBUG] Targets shape: torch.Size([4096, 1])
[DEBUG] Predictions shape: torch.Size([4096, 10])
[DEBUG] Targets shape: torch.Size([4096, 1])
[DEBUG] Predictions shape: torch.Size([4096, 10])
[DEBUG] Targets shape: torch.Size([4096, 1])
[DEBUG] Predictions shape: torch.Size([4096, 10])
[DEBUG] Targets shape: torch.Size([4096, 1])
[DEBUG] Predictions shape: torch.Size([4096, 10])
[DEBUG] Targets shape: torch.Size([4096, 1])
[DEBUG] Predictions shape: torch.Size([4096, 10])
[DEBUG] Targets shape: torch.Size([4096, 1])
[DEBUG] Predictions shape: torch.Size([4096, 10])
[DEBUG] Targets shape: torch.Size([4096, 1])
[DEBUG] Predictions shape: torch.Size([4096, 10])
[DEBUG] Targets shape: torch.Size([4096, 1])
[DEBUG] Predictions shape: torch.Size([4096, 10])
[DEBUG] Targets shape: torch.Size([4096, 1])
[DEBUG] Predictions shape: torch.Size([4096, 10])
[DEBUG] Targets shape: torch.Size([4096, 1])
[DEBUG] Predictions shape: torch.Size([4096, 10])
[DEBUG] Targets shape: torch.Size([4096, 1])
[DEBUG] Predictions shape: torch.Size([4096, 10])
[DEBUG] Targets shape: torch.Size([4096, 1])
[DEBUG] Predictions shape: torch.Size([4096, 10])
[DEBUG] Targets shape: torch.Size([4096, 1])
[DEBUG] Predictions shape: torch.Size([4096, 10])
[DEBUG] Targets shape: torch.Size([4096, 1])
[DEBUG] Predictions shape: torch.Size([4096, 10])
[DEBUG] Targets shape: torch.Size([4096, 1])
[DEBUG] Predictions shape: torch.Size([3625, 10])
[DEBUG] Targets shape: torch.Size([3625, 1])
[DEBUG] Predictions shape: torch.Size([4096, 10])
[DEBUG] Targets shape: torch.Size([4096, 1])
[DEBUG] Predictions shape: torch.Size([4096, 10])
[DEBUG] Targets shape: torch.Size([4096, 1])
[DEBUG] Predictions shape: torch.Size([4096, 10])
[DEBUG] Targets shape: torch.Size([4096, 1])
[DEBUG] Predictions shape: torch.Size([4096, 10])
[DEBUG] Targets shape: torch.Size([4096, 1])
[DEBUG] Predictions shape: torch.Size([4096, 10])
[DEBUG] Targets shape: torch.Size([4096, 1])
[DEBUG] Predictions shape: torch.Size([4096, 10])
[DEBUG] Targets shape: torch.Size([4096, 1])
[DEBUG] Predictions shape: torch.Size([1456, 10])
[DEBUG] Targets shape: torch.Size([1456, 1])
[DEBUG] Writing to CSV - Epoch: 64, Train MSE: 1.2307478629320834, Test MSE: 4.031118735698519, Train Acc: 9.48305281406555, Test Acc: 9.472956361401351
[DEBUG] Predictions shape: torch.Size([4096, 10])
[DEBUG] Targets shape: torch.Size([4096, 1])
[DEBUG] Predictions shape: torch.Size([4096, 10])
[DEBUG] Targets shape: torch.Size([4096, 1])
[DEBUG] Predictions shape: torch.Size([4096, 10])
[DEBUG] Targets shape: torch.Size([4096, 1])
[DEBUG] Predictions shape: torch.Size([4096, 10])
[DEBUG] Targets shape: torch.Size([4096, 1])
[DEBUG] Predictions shape: torch.Size([4096, 10])
[DEBUG] Targets shape: torch.Size([4096, 1])
[DEBUG] Predictions shape: torch.Size([4096, 10])
[DEBUG] Targets shape: torch.Size([4096, 1])
[DEBUG] Predictions shape: torch.Size([4096, 10])
[DEBUG] Targets shape: torch.Size([4096, 1])
[DEBUG] Predictions shape: torch.Size([4096, 10])
[DEBUG] Targets shape: torch.Size([4096, 1])
[DEBUG] Predictions shape: torch.Size([4096, 10])
[DEBUG] Targets shape: torch.Size([4096, 1])
[DEBUG] Predictions shape: torch.Size([4096, 10])
[DEBUG] Targets shape: torch.Size([4096, 1])
[DEBUG] Predictions shape: torch.Size([4096, 10])
[DEBUG] Targets shape: torch.Size([4096, 1])
[DEBUG] Predictions shape: torch.Size([4096, 10])
[DEBUG] Targets shape: torch.Size([4096, 1])
[DEBUG] Predictions shape: torch.Size([4096, 10])
[DEBUG] Targets shape: torch.Size([4096, 1])
[DEBUG] Predictions shape: torch.Size([4096, 10])
[DEBUG] Targets shape: torch.Size([4096, 1])
[DEBUG] Predictions shape: torch.Size([4096, 10])
[DEBUG] Targets shape: torch.Size([4096, 1])
[DEBUG] Predictions shape: torch.Size([4096, 10])
[DEBUG] Targets shape: torch.Size([4096, 1])
[DEBUG] Predictions shape: torch.Size([4096, 10])
[DEBUG] Targets shape: torch.Size([4096, 1])
[DEBUG] Predictions shape: torch.Size([3625, 10])
[DEBUG] Targets shape: torch.Size([3625, 1])
[DEBUG] Predictions shape: torch.Size([4096, 10])
[DEBUG] Targets shape: torch.Size([4096, 1])
[DEBUG] Predictions shape: torch.Size([4096, 10])
[DEBUG] Targets shape: torch.Size([4096, 1])
[DEBUG] Predictions shape: torch.Size([4096, 10])
[DEBUG] Targets shape: torch.Size([4096, 1])
[DEBUG] Predictions shape: torch.Size([4096, 10])
[DEBUG] Targets shape: torch.Size([4096, 1])
[DEBUG] Predictions shape: torch.Size([4096, 10])
[DEBUG] Targets shape: torch.Size([4096, 1])
[DEBUG] Predictions shape: torch.Size([4096, 10])
[DEBUG] Targets shape: torch.Size([4096, 1])
[DEBUG] Predictions shape: torch.Size([1456, 10])
[DEBUG] Targets shape: torch.Size([1456, 1])
[DEBUG] Writing to CSV - Epoch: 65, Train MSE: 0.646027745261396, Test MSE: 3.58899451972666, Train Acc: 9.687811403688384, Test Acc: 10.118315918869085
[DEBUG] Predictions shape: torch.Size([4096, 10])
[DEBUG] Targets shape: torch.Size([4096, 1])
[DEBUG] Predictions shape: torch.Size([4096, 10])
[DEBUG] Targets shape: torch.Size([4096, 1])
[DEBUG] Predictions shape: torch.Size([4096, 10])
[DEBUG] Targets shape: torch.Size([4096, 1])
[DEBUG] Predictions shape: torch.Size([4096, 10])
[DEBUG] Targets shape: torch.Size([4096, 1])
[DEBUG] Predictions shape: torch.Size([4096, 10])
[DEBUG] Targets shape: torch.Size([4096, 1])
[DEBUG] Predictions shape: torch.Size([4096, 10])
[DEBUG] Targets shape: torch.Size([4096, 1])
[DEBUG] Predictions shape: torch.Size([4096, 10])
[DEBUG] Targets shape: torch.Size([4096, 1])
[DEBUG] Predictions shape: torch.Size([4096, 10])
[DEBUG] Targets shape: torch.Size([4096, 1])
[DEBUG] Predictions shape: torch.Size([4096, 10])
[DEBUG] Targets shape: torch.Size([4096, 1])
[DEBUG] Predictions shape: torch.Size([4096, 10])
[DEBUG] Targets shape: torch.Size([4096, 1])
[DEBUG] Predictions shape: torch.Size([4096, 10])
[DEBUG] Targets shape: torch.Size([4096, 1])
[DEBUG] Predictions shape: torch.Size([4096, 10])
[DEBUG] Targets shape: torch.Size([4096, 1])
[DEBUG] Predictions shape: torch.Size([4096, 10])
[DEBUG] Targets shape: torch.Size([4096, 1])
[DEBUG] Predictions shape: torch.Size([4096, 10])
[DEBUG] Targets shape: torch.Size([4096, 1])
[DEBUG] Predictions shape: torch.Size([4096, 10])
[DEBUG] Targets shape: torch.Size([4096, 1])
[DEBUG] Predictions shape: torch.Size([4096, 10])
[DEBUG] Targets shape: torch.Size([4096, 1])
[DEBUG] Predictions shape: torch.Size([4096, 10])
[DEBUG] Targets shape: torch.Size([4096, 1])
[DEBUG] Predictions shape: torch.Size([3625, 10])
[DEBUG] Targets shape: torch.Size([3625, 1])
[DEBUG] Predictions shape: torch.Size([4096, 10])
[DEBUG] Targets shape: torch.Size([4096, 1])
[DEBUG] Predictions shape: torch.Size([4096, 10])
[DEBUG] Targets shape: torch.Size([4096, 1])
[DEBUG] Predictions shape: torch.Size([4096, 10])
[DEBUG] Targets shape: torch.Size([4096, 1])
[DEBUG] Predictions shape: torch.Size([4096, 10])
[DEBUG] Targets shape: torch.Size([4096, 1])
[DEBUG] Predictions shape: torch.Size([4096, 10])
[DEBUG] Targets shape: torch.Size([4096, 1])
[DEBUG] Predictions shape: torch.Size([4096, 10])
[DEBUG] Targets shape: torch.Size([4096, 1])
[DEBUG] Predictions shape: torch.Size([1456, 10])
[DEBUG] Targets shape: torch.Size([1456, 1])
[DEBUG] Writing to CSV - Epoch: 66, Train MSE: 0.7770276890755975, Test MSE: 3.765856344273432, Train Acc: 9.736953465197866, Test Acc: 9.657344806392132
[DEBUG] Predictions shape: torch.Size([4096, 10])
[DEBUG] Targets shape: torch.Size([4096, 1])
[DEBUG] Predictions shape: torch.Size([4096, 10])
[DEBUG] Targets shape: torch.Size([4096, 1])
[DEBUG] Predictions shape: torch.Size([4096, 10])
[DEBUG] Targets shape: torch.Size([4096, 1])
[DEBUG] Predictions shape: torch.Size([4096, 10])
[DEBUG] Targets shape: torch.Size([4096, 1])
[DEBUG] Predictions shape: torch.Size([4096, 10])
[DEBUG] Targets shape: torch.Size([4096, 1])
[DEBUG] Predictions shape: torch.Size([4096, 10])
[DEBUG] Targets shape: torch.Size([4096, 1])
[DEBUG] Predictions shape: torch.Size([4096, 10])
[DEBUG] Targets shape: torch.Size([4096, 1])
[DEBUG] Predictions shape: torch.Size([4096, 10])
[DEBUG] Targets shape: torch.Size([4096, 1])
[DEBUG] Predictions shape: torch.Size([4096, 10])
[DEBUG] Targets shape: torch.Size([4096, 1])
[DEBUG] Predictions shape: torch.Size([4096, 10])
[DEBUG] Targets shape: torch.Size([4096, 1])
[DEBUG] Predictions shape: torch.Size([4096, 10])
[DEBUG] Targets shape: torch.Size([4096, 1])
[DEBUG] Predictions shape: torch.Size([4096, 10])
[DEBUG] Targets shape: torch.Size([4096, 1])
[DEBUG] Predictions shape: torch.Size([4096, 10])
[DEBUG] Targets shape: torch.Size([4096, 1])
[DEBUG] Predictions shape: torch.Size([4096, 10])
[DEBUG] Targets shape: torch.Size([4096, 1])
[DEBUG] Predictions shape: torch.Size([4096, 10])
[DEBUG] Targets shape: torch.Size([4096, 1])
[DEBUG] Predictions shape: torch.Size([4096, 10])
[DEBUG] Targets shape: torch.Size([4096, 1])
[DEBUG] Predictions shape: torch.Size([4096, 10])
[DEBUG] Targets shape: torch.Size([4096, 1])
[DEBUG] Predictions shape: torch.Size([3625, 10])
[DEBUG] Targets shape: torch.Size([3625, 1])
[DEBUG] Predictions shape: torch.Size([4096, 10])
[DEBUG] Targets shape: torch.Size([4096, 1])
[DEBUG] Predictions shape: torch.Size([4096, 10])
[DEBUG] Targets shape: torch.Size([4096, 1])
[DEBUG] Predictions shape: torch.Size([4096, 10])
[DEBUG] Targets shape: torch.Size([4096, 1])
[DEBUG] Predictions shape: torch.Size([4096, 10])
[DEBUG] Targets shape: torch.Size([4096, 1])
[DEBUG] Predictions shape: torch.Size([4096, 10])
[DEBUG] Targets shape: torch.Size([4096, 1])
[DEBUG] Predictions shape: torch.Size([4096, 10])
[DEBUG] Targets shape: torch.Size([4096, 1])
[DEBUG] Predictions shape: torch.Size([1456, 10])
[DEBUG] Targets shape: torch.Size([1456, 1])
[DEBUG] Writing to CSV - Epoch: 67, Train MSE: 0.6786633627872001, Test MSE: 3.766482222644405, Train Acc: 9.601812796046794, Test Acc: 9.69960049170252
[DEBUG] Predictions shape: torch.Size([4096, 10])
[DEBUG] Targets shape: torch.Size([4096, 1])
[DEBUG] Predictions shape: torch.Size([4096, 10])
[DEBUG] Targets shape: torch.Size([4096, 1])
[DEBUG] Predictions shape: torch.Size([4096, 10])
[DEBUG] Targets shape: torch.Size([4096, 1])
[DEBUG] Predictions shape: torch.Size([4096, 10])
[DEBUG] Targets shape: torch.Size([4096, 1])
[DEBUG] Predictions shape: torch.Size([4096, 10])
[DEBUG] Targets shape: torch.Size([4096, 1])
[DEBUG] Predictions shape: torch.Size([4096, 10])
[DEBUG] Targets shape: torch.Size([4096, 1])
[DEBUG] Predictions shape: torch.Size([4096, 10])
[DEBUG] Targets shape: torch.Size([4096, 1])
[DEBUG] Predictions shape: torch.Size([4096, 10])
[DEBUG] Targets shape: torch.Size([4096, 1])
[DEBUG] Predictions shape: torch.Size([4096, 10])
[DEBUG] Targets shape: torch.Size([4096, 1])
[DEBUG] Predictions shape: torch.Size([4096, 10])
[DEBUG] Targets shape: torch.Size([4096, 1])
[DEBUG] Predictions shape: torch.Size([4096, 10])
[DEBUG] Targets shape: torch.Size([4096, 1])
[DEBUG] Predictions shape: torch.Size([4096, 10])
[DEBUG] Targets shape: torch.Size([4096, 1])
[DEBUG] Predictions shape: torch.Size([4096, 10])
[DEBUG] Targets shape: torch.Size([4096, 1])
[DEBUG] Predictions shape: torch.Size([4096, 10])
[DEBUG] Targets shape: torch.Size([4096, 1])
[DEBUG] Predictions shape: torch.Size([4096, 10])
[DEBUG] Targets shape: torch.Size([4096, 1])
[DEBUG] Predictions shape: torch.Size([4096, 10])
[DEBUG] Targets shape: torch.Size([4096, 1])
[DEBUG] Predictions shape: torch.Size([4096, 10])
[DEBUG] Targets shape: torch.Size([4096, 1])
[DEBUG] Predictions shape: torch.Size([3625, 10])
[DEBUG] Targets shape: torch.Size([3625, 1])
[DEBUG] Predictions shape: torch.Size([4096, 10])
[DEBUG] Targets shape: torch.Size([4096, 1])
[DEBUG] Predictions shape: torch.Size([4096, 10])
[DEBUG] Targets shape: torch.Size([4096, 1])
[DEBUG] Predictions shape: torch.Size([4096, 10])
[DEBUG] Targets shape: torch.Size([4096, 1])
[DEBUG] Predictions shape: torch.Size([4096, 10])
[DEBUG] Targets shape: torch.Size([4096, 1])
[DEBUG] Predictions shape: torch.Size([4096, 10])
[DEBUG] Targets shape: torch.Size([4096, 1])
[DEBUG] Predictions shape: torch.Size([4096, 10])
[DEBUG] Targets shape: torch.Size([4096, 1])
[DEBUG] Predictions shape: torch.Size([1456, 10])
[DEBUG] Targets shape: torch.Size([1456, 1])
[DEBUG] Writing to CSV - Epoch: 68, Train MSE: 0.9320258379547208, Test MSE: 3.6264828351940492, Train Acc: 9.786095526707346, Test Acc: 10.321911493546404
[DEBUG] Predictions shape: torch.Size([4096, 10])
[DEBUG] Targets shape: torch.Size([4096, 1])
[DEBUG] Predictions shape: torch.Size([4096, 10])
[DEBUG] Targets shape: torch.Size([4096, 1])
[DEBUG] Predictions shape: torch.Size([4096, 10])
[DEBUG] Targets shape: torch.Size([4096, 1])
[DEBUG] Predictions shape: torch.Size([4096, 10])
[DEBUG] Targets shape: torch.Size([4096, 1])
[DEBUG] Predictions shape: torch.Size([4096, 10])
[DEBUG] Targets shape: torch.Size([4096, 1])
[DEBUG] Predictions shape: torch.Size([4096, 10])
[DEBUG] Targets shape: torch.Size([4096, 1])
[DEBUG] Predictions shape: torch.Size([4096, 10])
[DEBUG] Targets shape: torch.Size([4096, 1])
[DEBUG] Predictions shape: torch.Size([4096, 10])
[DEBUG] Targets shape: torch.Size([4096, 1])
[DEBUG] Predictions shape: torch.Size([4096, 10])
[DEBUG] Targets shape: torch.Size([4096, 1])
[DEBUG] Predictions shape: torch.Size([4096, 10])
[DEBUG] Targets shape: torch.Size([4096, 1])
[DEBUG] Predictions shape: torch.Size([4096, 10])
[DEBUG] Targets shape: torch.Size([4096, 1])
[DEBUG] Predictions shape: torch.Size([4096, 10])
[DEBUG] Targets shape: torch.Size([4096, 1])
[DEBUG] Predictions shape: torch.Size([4096, 10])
[DEBUG] Targets shape: torch.Size([4096, 1])
[DEBUG] Predictions shape: torch.Size([4096, 10])
[DEBUG] Targets shape: torch.Size([4096, 1])
[DEBUG] Predictions shape: torch.Size([4096, 10])
[DEBUG] Targets shape: torch.Size([4096, 1])
[DEBUG] Predictions shape: torch.Size([4096, 10])
[DEBUG] Targets shape: torch.Size([4096, 1])
[DEBUG] Predictions shape: torch.Size([4096, 10])
[DEBUG] Targets shape: torch.Size([4096, 1])
[DEBUG] Predictions shape: torch.Size([3625, 10])
[DEBUG] Targets shape: torch.Size([3625, 1])
[DEBUG] Predictions shape: torch.Size([4096, 10])
[DEBUG] Targets shape: torch.Size([4096, 1])
[DEBUG] Predictions shape: torch.Size([4096, 10])
[DEBUG] Targets shape: torch.Size([4096, 1])
[DEBUG] Predictions shape: torch.Size([4096, 10])
[DEBUG] Targets shape: torch.Size([4096, 1])
[DEBUG] Predictions shape: torch.Size([4096, 10])
[DEBUG] Targets shape: torch.Size([4096, 1])
[DEBUG] Predictions shape: torch.Size([4096, 10])
[DEBUG] Targets shape: torch.Size([4096, 1])
[DEBUG] Predictions shape: torch.Size([4096, 10])
[DEBUG] Targets shape: torch.Size([4096, 1])
[DEBUG] Predictions shape: torch.Size([1456, 10])
[DEBUG] Targets shape: torch.Size([1456, 1])
[DEBUG] Writing to CSV - Epoch: 69, Train MSE: 0.9076855819066847, Test MSE: 4.197467984637382, Train Acc: 9.094011493782164, Test Acc: 9.157959434542102
[DEBUG] Predictions shape: torch.Size([4096, 10])
[DEBUG] Targets shape: torch.Size([4096, 1])
[DEBUG] Predictions shape: torch.Size([4096, 10])
[DEBUG] Targets shape: torch.Size([4096, 1])
[DEBUG] Predictions shape: torch.Size([4096, 10])
[DEBUG] Targets shape: torch.Size([4096, 1])
[DEBUG] Predictions shape: torch.Size([4096, 10])
[DEBUG] Targets shape: torch.Size([4096, 1])
[DEBUG] Predictions shape: torch.Size([4096, 10])
[DEBUG] Targets shape: torch.Size([4096, 1])
[DEBUG] Predictions shape: torch.Size([4096, 10])
[DEBUG] Targets shape: torch.Size([4096, 1])
[DEBUG] Predictions shape: torch.Size([4096, 10])
[DEBUG] Targets shape: torch.Size([4096, 1])
[DEBUG] Predictions shape: torch.Size([4096, 10])
[DEBUG] Targets shape: torch.Size([4096, 1])
[DEBUG] Predictions shape: torch.Size([4096, 10])
[DEBUG] Targets shape: torch.Size([4096, 1])
[DEBUG] Predictions shape: torch.Size([4096, 10])
[DEBUG] Targets shape: torch.Size([4096, 1])
[DEBUG] Predictions shape: torch.Size([4096, 10])
[DEBUG] Targets shape: torch.Size([4096, 1])
[DEBUG] Predictions shape: torch.Size([4096, 10])
[DEBUG] Targets shape: torch.Size([4096, 1])
[DEBUG] Predictions shape: torch.Size([4096, 10])
[DEBUG] Targets shape: torch.Size([4096, 1])
[DEBUG] Predictions shape: torch.Size([4096, 10])
[DEBUG] Targets shape: torch.Size([4096, 1])
[DEBUG] Predictions shape: torch.Size([4096, 10])
[DEBUG] Targets shape: torch.Size([4096, 1])
[DEBUG] Predictions shape: torch.Size([4096, 10])
[DEBUG] Targets shape: torch.Size([4096, 1])
[DEBUG] Predictions shape: torch.Size([4096, 10])
[DEBUG] Targets shape: torch.Size([4096, 1])
[DEBUG] Predictions shape: torch.Size([3625, 10])
[DEBUG] Targets shape: torch.Size([3625, 1])
[DEBUG] Predictions shape: torch.Size([4096, 10])
[DEBUG] Targets shape: torch.Size([4096, 1])
[DEBUG] Predictions shape: torch.Size([4096, 10])
[DEBUG] Targets shape: torch.Size([4096, 1])
[DEBUG] Predictions shape: torch.Size([4096, 10])
[DEBUG] Targets shape: torch.Size([4096, 1])
[DEBUG] Predictions shape: torch.Size([4096, 10])
[DEBUG] Targets shape: torch.Size([4096, 1])
[DEBUG] Predictions shape: torch.Size([4096, 10])
[DEBUG] Targets shape: torch.Size([4096, 1])
[DEBUG] Predictions shape: torch.Size([4096, 10])
[DEBUG] Targets shape: torch.Size([4096, 1])
[DEBUG] Predictions shape: torch.Size([1456, 10])
[DEBUG] Targets shape: torch.Size([1456, 1])
[DEBUG] Writing to CSV - Epoch: 70, Train MSE: 0.6127115267174187, Test MSE: 3.657354727506491, Train Acc: 9.89256999331122, Test Acc: 9.980024585126
[Epoch 70] train_mse=0.612712  test_mse=3.657355
[DEBUG] Predictions shape: torch.Size([4096, 10])
[DEBUG] Targets shape: torch.Size([4096, 1])
[DEBUG] Predictions shape: torch.Size([4096, 10])
[DEBUG] Targets shape: torch.Size([4096, 1])
[DEBUG] Predictions shape: torch.Size([4096, 10])
[DEBUG] Targets shape: torch.Size([4096, 1])
[DEBUG] Predictions shape: torch.Size([4096, 10])
[DEBUG] Targets shape: torch.Size([4096, 1])
[DEBUG] Predictions shape: torch.Size([4096, 10])
[DEBUG] Targets shape: torch.Size([4096, 1])
[DEBUG] Predictions shape: torch.Size([4096, 10])
[DEBUG] Targets shape: torch.Size([4096, 1])
[DEBUG] Predictions shape: torch.Size([4096, 10])
[DEBUG] Targets shape: torch.Size([4096, 1])
[DEBUG] Predictions shape: torch.Size([4096, 10])
[DEBUG] Targets shape: torch.Size([4096, 1])
[DEBUG] Predictions shape: torch.Size([4096, 10])
[DEBUG] Targets shape: torch.Size([4096, 1])
[DEBUG] Predictions shape: torch.Size([4096, 10])
[DEBUG] Targets shape: torch.Size([4096, 1])
[DEBUG] Predictions shape: torch.Size([4096, 10])
[DEBUG] Targets shape: torch.Size([4096, 1])
[DEBUG] Predictions shape: torch.Size([4096, 10])
[DEBUG] Targets shape: torch.Size([4096, 1])
[DEBUG] Predictions shape: torch.Size([4096, 10])
[DEBUG] Targets shape: torch.Size([4096, 1])
[DEBUG] Predictions shape: torch.Size([4096, 10])
[DEBUG] Targets shape: torch.Size([4096, 1])
[DEBUG] Predictions shape: torch.Size([4096, 10])
[DEBUG] Targets shape: torch.Size([4096, 1])
[DEBUG] Predictions shape: torch.Size([4096, 10])
[DEBUG] Targets shape: torch.Size([4096, 1])
[DEBUG] Predictions shape: torch.Size([4096, 10])
[DEBUG] Targets shape: torch.Size([4096, 1])
[DEBUG] Predictions shape: torch.Size([3625, 10])
[DEBUG] Targets shape: torch.Size([3625, 1])
[DEBUG] Predictions shape: torch.Size([4096, 10])
[DEBUG] Targets shape: torch.Size([4096, 1])
[DEBUG] Predictions shape: torch.Size([4096, 10])
[DEBUG] Targets shape: torch.Size([4096, 1])
[DEBUG] Predictions shape: torch.Size([4096, 10])
[DEBUG] Targets shape: torch.Size([4096, 1])
[DEBUG] Predictions shape: torch.Size([4096, 10])
[DEBUG] Targets shape: torch.Size([4096, 1])
[DEBUG] Predictions shape: torch.Size([4096, 10])
[DEBUG] Targets shape: torch.Size([4096, 1])
[DEBUG] Predictions shape: torch.Size([4096, 10])
[DEBUG] Targets shape: torch.Size([4096, 1])
[DEBUG] Predictions shape: torch.Size([1456, 10])
[DEBUG] Targets shape: torch.Size([1456, 1])
[DEBUG] Writing to CSV - Epoch: 71, Train MSE: 0.76749418461445, Test MSE: 3.621908017148544, Train Acc: 10.085043067556684, Test Acc: 10.844345421020282
[DEBUG] Predictions shape: torch.Size([4096, 10])
[DEBUG] Targets shape: torch.Size([4096, 1])
[DEBUG] Predictions shape: torch.Size([4096, 10])
[DEBUG] Targets shape: torch.Size([4096, 1])
[DEBUG] Predictions shape: torch.Size([4096, 10])
[DEBUG] Targets shape: torch.Size([4096, 1])
[DEBUG] Predictions shape: torch.Size([4096, 10])
[DEBUG] Targets shape: torch.Size([4096, 1])
[DEBUG] Predictions shape: torch.Size([4096, 10])
[DEBUG] Targets shape: torch.Size([4096, 1])
[DEBUG] Predictions shape: torch.Size([4096, 10])
[DEBUG] Targets shape: torch.Size([4096, 1])
[DEBUG] Predictions shape: torch.Size([4096, 10])
[DEBUG] Targets shape: torch.Size([4096, 1])
[DEBUG] Predictions shape: torch.Size([4096, 10])
[DEBUG] Targets shape: torch.Size([4096, 1])
[DEBUG] Predictions shape: torch.Size([4096, 10])
[DEBUG] Targets shape: torch.Size([4096, 1])
[DEBUG] Predictions shape: torch.Size([4096, 10])
[DEBUG] Targets shape: torch.Size([4096, 1])
[DEBUG] Predictions shape: torch.Size([4096, 10])
[DEBUG] Targets shape: torch.Size([4096, 1])
[DEBUG] Predictions shape: torch.Size([4096, 10])
[DEBUG] Targets shape: torch.Size([4096, 1])
[DEBUG] Predictions shape: torch.Size([4096, 10])
[DEBUG] Targets shape: torch.Size([4096, 1])
[DEBUG] Predictions shape: torch.Size([4096, 10])
[DEBUG] Targets shape: torch.Size([4096, 1])
[DEBUG] Predictions shape: torch.Size([4096, 10])
[DEBUG] Targets shape: torch.Size([4096, 1])
[DEBUG] Predictions shape: torch.Size([4096, 10])
[DEBUG] Targets shape: torch.Size([4096, 1])
[DEBUG] Predictions shape: torch.Size([4096, 10])
[DEBUG] Targets shape: torch.Size([4096, 1])
[DEBUG] Predictions shape: torch.Size([3625, 10])
[DEBUG] Targets shape: torch.Size([3625, 1])
[DEBUG] Predictions shape: torch.Size([4096, 10])
[DEBUG] Targets shape: torch.Size([4096, 1])
[DEBUG] Predictions shape: torch.Size([4096, 10])
[DEBUG] Targets shape: torch.Size([4096, 1])
[DEBUG] Predictions shape: torch.Size([4096, 10])
[DEBUG] Targets shape: torch.Size([4096, 1])
[DEBUG] Predictions shape: torch.Size([4096, 10])
[DEBUG] Targets shape: torch.Size([4096, 1])
[DEBUG] Predictions shape: torch.Size([4096, 10])
[DEBUG] Targets shape: torch.Size([4096, 1])
[DEBUG] Predictions shape: torch.Size([4096, 10])
[DEBUG] Targets shape: torch.Size([4096, 1])
[DEBUG] Predictions shape: torch.Size([1456, 10])
[DEBUG] Targets shape: torch.Size([1456, 1])
[DEBUG] Writing to CSV - Epoch: 72, Train MSE: 0.6640553085548211, Test MSE: 3.8268727741874504, Train Acc: 9.504893730291986, Test Acc: 9.780270436385987
[DEBUG] Predictions shape: torch.Size([4096, 10])
[DEBUG] Targets shape: torch.Size([4096, 1])
[DEBUG] Predictions shape: torch.Size([4096, 10])
[DEBUG] Targets shape: torch.Size([4096, 1])
[DEBUG] Predictions shape: torch.Size([4096, 10])
[DEBUG] Targets shape: torch.Size([4096, 1])
[DEBUG] Predictions shape: torch.Size([4096, 10])
[DEBUG] Targets shape: torch.Size([4096, 1])
[DEBUG] Predictions shape: torch.Size([4096, 10])
[DEBUG] Targets shape: torch.Size([4096, 1])
[DEBUG] Predictions shape: torch.Size([4096, 10])
[DEBUG] Targets shape: torch.Size([4096, 1])
[DEBUG] Predictions shape: torch.Size([4096, 10])
[DEBUG] Targets shape: torch.Size([4096, 1])
[DEBUG] Predictions shape: torch.Size([4096, 10])
[DEBUG] Targets shape: torch.Size([4096, 1])
[DEBUG] Predictions shape: torch.Size([4096, 10])
[DEBUG] Targets shape: torch.Size([4096, 1])
[DEBUG] Predictions shape: torch.Size([4096, 10])
[DEBUG] Targets shape: torch.Size([4096, 1])
[DEBUG] Predictions shape: torch.Size([4096, 10])
[DEBUG] Targets shape: torch.Size([4096, 1])
[DEBUG] Predictions shape: torch.Size([4096, 10])
[DEBUG] Targets shape: torch.Size([4096, 1])
[DEBUG] Predictions shape: torch.Size([4096, 10])
[DEBUG] Targets shape: torch.Size([4096, 1])
[DEBUG] Predictions shape: torch.Size([4096, 10])
[DEBUG] Targets shape: torch.Size([4096, 1])
[DEBUG] Predictions shape: torch.Size([4096, 10])
[DEBUG] Targets shape: torch.Size([4096, 1])
[DEBUG] Predictions shape: torch.Size([4096, 10])
[DEBUG] Targets shape: torch.Size([4096, 1])
[DEBUG] Predictions shape: torch.Size([4096, 10])
[DEBUG] Targets shape: torch.Size([4096, 1])
[DEBUG] Predictions shape: torch.Size([3625, 10])
[DEBUG] Targets shape: torch.Size([3625, 1])
[DEBUG] Predictions shape: torch.Size([4096, 10])
[DEBUG] Targets shape: torch.Size([4096, 1])
[DEBUG] Predictions shape: torch.Size([4096, 10])
[DEBUG] Targets shape: torch.Size([4096, 1])
[DEBUG] Predictions shape: torch.Size([4096, 10])
[DEBUG] Targets shape: torch.Size([4096, 1])
[DEBUG] Predictions shape: torch.Size([4096, 10])
[DEBUG] Targets shape: torch.Size([4096, 1])
[DEBUG] Predictions shape: torch.Size([4096, 10])
[DEBUG] Targets shape: torch.Size([4096, 1])
[DEBUG] Predictions shape: torch.Size([4096, 10])
[DEBUG] Targets shape: torch.Size([4096, 1])
[DEBUG] Predictions shape: torch.Size([1456, 10])
[DEBUG] Targets shape: torch.Size([1456, 1])
[DEBUG] Writing to CSV - Epoch: 73, Train MSE: 0.9689033493259878, Test MSE: 3.8048506465951726, Train Acc: 10.313007630670107, Test Acc: 10.921173939766442
[DEBUG] Predictions shape: torch.Size([4096, 10])
[DEBUG] Targets shape: torch.Size([4096, 1])
[DEBUG] Predictions shape: torch.Size([4096, 10])
[DEBUG] Targets shape: torch.Size([4096, 1])
[DEBUG] Predictions shape: torch.Size([4096, 10])
[DEBUG] Targets shape: torch.Size([4096, 1])
[DEBUG] Predictions shape: torch.Size([4096, 10])
[DEBUG] Targets shape: torch.Size([4096, 1])
[DEBUG] Predictions shape: torch.Size([4096, 10])
[DEBUG] Targets shape: torch.Size([4096, 1])
[DEBUG] Predictions shape: torch.Size([4096, 10])
[DEBUG] Targets shape: torch.Size([4096, 1])
[DEBUG] Predictions shape: torch.Size([4096, 10])
[DEBUG] Targets shape: torch.Size([4096, 1])
[DEBUG] Predictions shape: torch.Size([4096, 10])
[DEBUG] Targets shape: torch.Size([4096, 1])
[DEBUG] Predictions shape: torch.Size([4096, 10])
[DEBUG] Targets shape: torch.Size([4096, 1])
[DEBUG] Predictions shape: torch.Size([4096, 10])
[DEBUG] Targets shape: torch.Size([4096, 1])
[DEBUG] Predictions shape: torch.Size([4096, 10])
[DEBUG] Targets shape: torch.Size([4096, 1])
[DEBUG] Predictions shape: torch.Size([4096, 10])
[DEBUG] Targets shape: torch.Size([4096, 1])
[DEBUG] Predictions shape: torch.Size([4096, 10])
[DEBUG] Targets shape: torch.Size([4096, 1])
[DEBUG] Predictions shape: torch.Size([4096, 10])
[DEBUG] Targets shape: torch.Size([4096, 1])
[DEBUG] Predictions shape: torch.Size([4096, 10])
[DEBUG] Targets shape: torch.Size([4096, 1])
[DEBUG] Predictions shape: torch.Size([4096, 10])
[DEBUG] Targets shape: torch.Size([4096, 1])
[DEBUG] Predictions shape: torch.Size([4096, 10])
[DEBUG] Targets shape: torch.Size([4096, 1])
[DEBUG] Predictions shape: torch.Size([3625, 10])
[DEBUG] Targets shape: torch.Size([3625, 1])
[DEBUG] Predictions shape: torch.Size([4096, 10])
[DEBUG] Targets shape: torch.Size([4096, 1])
[DEBUG] Predictions shape: torch.Size([4096, 10])
[DEBUG] Targets shape: torch.Size([4096, 1])
[DEBUG] Predictions shape: torch.Size([4096, 10])
[DEBUG] Targets shape: torch.Size([4096, 1])
[DEBUG] Predictions shape: torch.Size([4096, 10])
[DEBUG] Targets shape: torch.Size([4096, 1])
[DEBUG] Predictions shape: torch.Size([4096, 10])
[DEBUG] Targets shape: torch.Size([4096, 1])
[DEBUG] Predictions shape: torch.Size([4096, 10])
[DEBUG] Targets shape: torch.Size([4096, 1])
[DEBUG] Predictions shape: torch.Size([1456, 10])
[DEBUG] Targets shape: torch.Size([1456, 1])
[DEBUG] Writing to CSV - Epoch: 74, Train MSE: 1.166114474207955, Test MSE: 3.8209079419753267, Train Acc: 9.738318522462018, Test Acc: 10.368008604794099
[DEBUG] Predictions shape: torch.Size([4096, 10])
[DEBUG] Targets shape: torch.Size([4096, 1])
[DEBUG] Predictions shape: torch.Size([4096, 10])
[DEBUG] Targets shape: torch.Size([4096, 1])
[DEBUG] Predictions shape: torch.Size([4096, 10])
[DEBUG] Targets shape: torch.Size([4096, 1])
[DEBUG] Predictions shape: torch.Size([4096, 10])
[DEBUG] Targets shape: torch.Size([4096, 1])
[DEBUG] Predictions shape: torch.Size([4096, 10])
[DEBUG] Targets shape: torch.Size([4096, 1])
[DEBUG] Predictions shape: torch.Size([4096, 10])
[DEBUG] Targets shape: torch.Size([4096, 1])
[DEBUG] Predictions shape: torch.Size([4096, 10])
[DEBUG] Targets shape: torch.Size([4096, 1])
[DEBUG] Predictions shape: torch.Size([4096, 10])
[DEBUG] Targets shape: torch.Size([4096, 1])
[DEBUG] Predictions shape: torch.Size([4096, 10])
[DEBUG] Targets shape: torch.Size([4096, 1])
[DEBUG] Predictions shape: torch.Size([4096, 10])
[DEBUG] Targets shape: torch.Size([4096, 1])
[DEBUG] Predictions shape: torch.Size([4096, 10])
[DEBUG] Targets shape: torch.Size([4096, 1])
[DEBUG] Predictions shape: torch.Size([4096, 10])
[DEBUG] Targets shape: torch.Size([4096, 1])
[DEBUG] Predictions shape: torch.Size([4096, 10])
[DEBUG] Targets shape: torch.Size([4096, 1])
[DEBUG] Predictions shape: torch.Size([4096, 10])
[DEBUG] Targets shape: torch.Size([4096, 1])
[DEBUG] Predictions shape: torch.Size([4096, 10])
[DEBUG] Targets shape: torch.Size([4096, 1])
[DEBUG] Predictions shape: torch.Size([4096, 10])
[DEBUG] Targets shape: torch.Size([4096, 1])
[DEBUG] Predictions shape: torch.Size([4096, 10])
[DEBUG] Targets shape: torch.Size([4096, 1])
[DEBUG] Predictions shape: torch.Size([3625, 10])
[DEBUG] Targets shape: torch.Size([3625, 1])
[DEBUG] Predictions shape: torch.Size([4096, 10])
[DEBUG] Targets shape: torch.Size([4096, 1])
[DEBUG] Predictions shape: torch.Size([4096, 10])
[DEBUG] Targets shape: torch.Size([4096, 1])
[DEBUG] Predictions shape: torch.Size([4096, 10])
[DEBUG] Targets shape: torch.Size([4096, 1])
[DEBUG] Predictions shape: torch.Size([4096, 10])
[DEBUG] Targets shape: torch.Size([4096, 1])
[DEBUG] Predictions shape: torch.Size([4096, 10])
[DEBUG] Targets shape: torch.Size([4096, 1])
[DEBUG] Predictions shape: torch.Size([4096, 10])
[DEBUG] Targets shape: torch.Size([4096, 1])
[DEBUG] Predictions shape: torch.Size([1456, 10])
[DEBUG] Targets shape: torch.Size([1456, 1])
[DEBUG] Writing to CSV - Epoch: 75, Train MSE: 0.49177000148405353, Test MSE: 3.585858251540003, Train Acc: 9.597717624254338, Test Acc: 9.638137676705593
[DEBUG] Predictions shape: torch.Size([4096, 10])
[DEBUG] Targets shape: torch.Size([4096, 1])
[DEBUG] Predictions shape: torch.Size([4096, 10])
[DEBUG] Targets shape: torch.Size([4096, 1])
[DEBUG] Predictions shape: torch.Size([4096, 10])
[DEBUG] Targets shape: torch.Size([4096, 1])
[DEBUG] Predictions shape: torch.Size([4096, 10])
[DEBUG] Targets shape: torch.Size([4096, 1])
[DEBUG] Predictions shape: torch.Size([4096, 10])
[DEBUG] Targets shape: torch.Size([4096, 1])
[DEBUG] Predictions shape: torch.Size([4096, 10])
[DEBUG] Targets shape: torch.Size([4096, 1])
[DEBUG] Predictions shape: torch.Size([4096, 10])
[DEBUG] Targets shape: torch.Size([4096, 1])
[DEBUG] Predictions shape: torch.Size([4096, 10])
[DEBUG] Targets shape: torch.Size([4096, 1])
[DEBUG] Predictions shape: torch.Size([4096, 10])
[DEBUG] Targets shape: torch.Size([4096, 1])
[DEBUG] Predictions shape: torch.Size([4096, 10])
[DEBUG] Targets shape: torch.Size([4096, 1])
[DEBUG] Predictions shape: torch.Size([4096, 10])
[DEBUG] Targets shape: torch.Size([4096, 1])
[DEBUG] Predictions shape: torch.Size([4096, 10])
[DEBUG] Targets shape: torch.Size([4096, 1])
[DEBUG] Predictions shape: torch.Size([4096, 10])
[DEBUG] Targets shape: torch.Size([4096, 1])
[DEBUG] Predictions shape: torch.Size([4096, 10])
[DEBUG] Targets shape: torch.Size([4096, 1])
[DEBUG] Predictions shape: torch.Size([4096, 10])
[DEBUG] Targets shape: torch.Size([4096, 1])
[DEBUG] Predictions shape: torch.Size([4096, 10])
[DEBUG] Targets shape: torch.Size([4096, 1])
[DEBUG] Predictions shape: torch.Size([4096, 10])
[DEBUG] Targets shape: torch.Size([4096, 1])
[DEBUG] Predictions shape: torch.Size([3625, 10])
[DEBUG] Targets shape: torch.Size([3625, 1])
[DEBUG] Predictions shape: torch.Size([4096, 10])
[DEBUG] Targets shape: torch.Size([4096, 1])
[DEBUG] Predictions shape: torch.Size([4096, 10])
[DEBUG] Targets shape: torch.Size([4096, 1])
[DEBUG] Predictions shape: torch.Size([4096, 10])
[DEBUG] Targets shape: torch.Size([4096, 1])
[DEBUG] Predictions shape: torch.Size([4096, 10])
[DEBUG] Targets shape: torch.Size([4096, 1])
[DEBUG] Predictions shape: torch.Size([4096, 10])
[DEBUG] Targets shape: torch.Size([4096, 1])
[DEBUG] Predictions shape: torch.Size([4096, 10])
[DEBUG] Targets shape: torch.Size([4096, 1])
[DEBUG] Predictions shape: torch.Size([1456, 10])
[DEBUG] Targets shape: torch.Size([1456, 1])
[DEBUG] Writing to CSV - Epoch: 76, Train MSE: 0.6407320642791235, Test MSE: 3.6443073208814174, Train Acc: 8.98753702717829, Test Acc: 9.330823601720958
[DEBUG] Predictions shape: torch.Size([4096, 10])
[DEBUG] Targets shape: torch.Size([4096, 1])
[DEBUG] Predictions shape: torch.Size([4096, 10])
[DEBUG] Targets shape: torch.Size([4096, 1])
[DEBUG] Predictions shape: torch.Size([4096, 10])
[DEBUG] Targets shape: torch.Size([4096, 1])
[DEBUG] Predictions shape: torch.Size([4096, 10])
[DEBUG] Targets shape: torch.Size([4096, 1])
[DEBUG] Predictions shape: torch.Size([4096, 10])
[DEBUG] Targets shape: torch.Size([4096, 1])
[DEBUG] Predictions shape: torch.Size([4096, 10])
[DEBUG] Targets shape: torch.Size([4096, 1])
[DEBUG] Predictions shape: torch.Size([4096, 10])
[DEBUG] Targets shape: torch.Size([4096, 1])
[DEBUG] Predictions shape: torch.Size([4096, 10])
[DEBUG] Targets shape: torch.Size([4096, 1])
[DEBUG] Predictions shape: torch.Size([4096, 10])
[DEBUG] Targets shape: torch.Size([4096, 1])
[DEBUG] Predictions shape: torch.Size([4096, 10])
[DEBUG] Targets shape: torch.Size([4096, 1])
[DEBUG] Predictions shape: torch.Size([4096, 10])
[DEBUG] Targets shape: torch.Size([4096, 1])
[DEBUG] Predictions shape: torch.Size([4096, 10])
[DEBUG] Targets shape: torch.Size([4096, 1])
[DEBUG] Predictions shape: torch.Size([4096, 10])
[DEBUG] Targets shape: torch.Size([4096, 1])
[DEBUG] Predictions shape: torch.Size([4096, 10])
[DEBUG] Targets shape: torch.Size([4096, 1])
[DEBUG] Predictions shape: torch.Size([4096, 10])
[DEBUG] Targets shape: torch.Size([4096, 1])
[DEBUG] Predictions shape: torch.Size([4096, 10])
[DEBUG] Targets shape: torch.Size([4096, 1])
[DEBUG] Predictions shape: torch.Size([4096, 10])
[DEBUG] Targets shape: torch.Size([4096, 1])
[DEBUG] Predictions shape: torch.Size([3625, 10])
[DEBUG] Targets shape: torch.Size([3625, 1])
[DEBUG] Predictions shape: torch.Size([4096, 10])
[DEBUG] Targets shape: torch.Size([4096, 1])
[DEBUG] Predictions shape: torch.Size([4096, 10])
[DEBUG] Targets shape: torch.Size([4096, 1])
[DEBUG] Predictions shape: torch.Size([4096, 10])
[DEBUG] Targets shape: torch.Size([4096, 1])
[DEBUG] Predictions shape: torch.Size([4096, 10])
[DEBUG] Targets shape: torch.Size([4096, 1])
[DEBUG] Predictions shape: torch.Size([4096, 10])
[DEBUG] Targets shape: torch.Size([4096, 1])
[DEBUG] Predictions shape: torch.Size([4096, 10])
[DEBUG] Targets shape: torch.Size([4096, 1])
[DEBUG] Predictions shape: torch.Size([1456, 10])
[DEBUG] Targets shape: torch.Size([1456, 1])
[DEBUG] Writing to CSV - Epoch: 77, Train MSE: 0.6706199564607931, Test MSE: 3.8452740920124864, Train Acc: 9.025758630574552, Test Acc: 8.581745543945912
[DEBUG] Predictions shape: torch.Size([4096, 10])
[DEBUG] Targets shape: torch.Size([4096, 1])
[DEBUG] Predictions shape: torch.Size([4096, 10])
[DEBUG] Targets shape: torch.Size([4096, 1])
[DEBUG] Predictions shape: torch.Size([4096, 10])
[DEBUG] Targets shape: torch.Size([4096, 1])
[DEBUG] Predictions shape: torch.Size([4096, 10])
[DEBUG] Targets shape: torch.Size([4096, 1])
[DEBUG] Predictions shape: torch.Size([4096, 10])
[DEBUG] Targets shape: torch.Size([4096, 1])
[DEBUG] Predictions shape: torch.Size([4096, 10])
[DEBUG] Targets shape: torch.Size([4096, 1])
[DEBUG] Predictions shape: torch.Size([4096, 10])
[DEBUG] Targets shape: torch.Size([4096, 1])
[DEBUG] Predictions shape: torch.Size([4096, 10])
[DEBUG] Targets shape: torch.Size([4096, 1])
[DEBUG] Predictions shape: torch.Size([4096, 10])
[DEBUG] Targets shape: torch.Size([4096, 1])
[DEBUG] Predictions shape: torch.Size([4096, 10])
[DEBUG] Targets shape: torch.Size([4096, 1])
[DEBUG] Predictions shape: torch.Size([4096, 10])
[DEBUG] Targets shape: torch.Size([4096, 1])
[DEBUG] Predictions shape: torch.Size([4096, 10])
[DEBUG] Targets shape: torch.Size([4096, 1])
[DEBUG] Predictions shape: torch.Size([4096, 10])
[DEBUG] Targets shape: torch.Size([4096, 1])
[DEBUG] Predictions shape: torch.Size([4096, 10])
[DEBUG] Targets shape: torch.Size([4096, 1])
[DEBUG] Predictions shape: torch.Size([4096, 10])
[DEBUG] Targets shape: torch.Size([4096, 1])
[DEBUG] Predictions shape: torch.Size([4096, 10])
[DEBUG] Targets shape: torch.Size([4096, 1])
[DEBUG] Predictions shape: torch.Size([4096, 10])
[DEBUG] Targets shape: torch.Size([4096, 1])
[DEBUG] Predictions shape: torch.Size([3625, 10])
[DEBUG] Targets shape: torch.Size([3625, 1])
[DEBUG] Predictions shape: torch.Size([4096, 10])
[DEBUG] Targets shape: torch.Size([4096, 1])
[DEBUG] Predictions shape: torch.Size([4096, 10])
[DEBUG] Targets shape: torch.Size([4096, 1])
[DEBUG] Predictions shape: torch.Size([4096, 10])
[DEBUG] Targets shape: torch.Size([4096, 1])
[DEBUG] Predictions shape: torch.Size([4096, 10])
[DEBUG] Targets shape: torch.Size([4096, 1])
[DEBUG] Predictions shape: torch.Size([4096, 10])
[DEBUG] Targets shape: torch.Size([4096, 1])
[DEBUG] Predictions shape: torch.Size([4096, 10])
[DEBUG] Targets shape: torch.Size([4096, 1])
[DEBUG] Predictions shape: torch.Size([1456, 10])
[DEBUG] Targets shape: torch.Size([1456, 1])
[DEBUG] Writing to CSV - Epoch: 78, Train MSE: 0.5852364115846705, Test MSE: 3.783980169395911, Train Acc: 9.9731083718962, Test Acc: 10.64459127228027
[DEBUG] Predictions shape: torch.Size([4096, 10])
[DEBUG] Targets shape: torch.Size([4096, 1])
[DEBUG] Predictions shape: torch.Size([4096, 10])
[DEBUG] Targets shape: torch.Size([4096, 1])
[DEBUG] Predictions shape: torch.Size([4096, 10])
[DEBUG] Targets shape: torch.Size([4096, 1])
[DEBUG] Predictions shape: torch.Size([4096, 10])
[DEBUG] Targets shape: torch.Size([4096, 1])
[DEBUG] Predictions shape: torch.Size([4096, 10])
[DEBUG] Targets shape: torch.Size([4096, 1])
[DEBUG] Predictions shape: torch.Size([4096, 10])
[DEBUG] Targets shape: torch.Size([4096, 1])
[DEBUG] Predictions shape: torch.Size([4096, 10])
[DEBUG] Targets shape: torch.Size([4096, 1])
[DEBUG] Predictions shape: torch.Size([4096, 10])
[DEBUG] Targets shape: torch.Size([4096, 1])
[DEBUG] Predictions shape: torch.Size([4096, 10])
[DEBUG] Targets shape: torch.Size([4096, 1])
[DEBUG] Predictions shape: torch.Size([4096, 10])
[DEBUG] Targets shape: torch.Size([4096, 1])
[DEBUG] Predictions shape: torch.Size([4096, 10])
[DEBUG] Targets shape: torch.Size([4096, 1])
[DEBUG] Predictions shape: torch.Size([4096, 10])
[DEBUG] Targets shape: torch.Size([4096, 1])
[DEBUG] Predictions shape: torch.Size([4096, 10])
[DEBUG] Targets shape: torch.Size([4096, 1])
[DEBUG] Predictions shape: torch.Size([4096, 10])
[DEBUG] Targets shape: torch.Size([4096, 1])
[DEBUG] Predictions shape: torch.Size([4096, 10])
[DEBUG] Targets shape: torch.Size([4096, 1])
[DEBUG] Predictions shape: torch.Size([4096, 10])
[DEBUG] Targets shape: torch.Size([4096, 1])
[DEBUG] Predictions shape: torch.Size([4096, 10])
[DEBUG] Targets shape: torch.Size([4096, 1])
[DEBUG] Predictions shape: torch.Size([3625, 10])
[DEBUG] Targets shape: torch.Size([3625, 1])
[DEBUG] Predictions shape: torch.Size([4096, 10])
[DEBUG] Targets shape: torch.Size([4096, 1])
[DEBUG] Predictions shape: torch.Size([4096, 10])
[DEBUG] Targets shape: torch.Size([4096, 1])
[DEBUG] Predictions shape: torch.Size([4096, 10])
[DEBUG] Targets shape: torch.Size([4096, 1])
[DEBUG] Predictions shape: torch.Size([4096, 10])
[DEBUG] Targets shape: torch.Size([4096, 1])
[DEBUG] Predictions shape: torch.Size([4096, 10])
[DEBUG] Targets shape: torch.Size([4096, 1])
[DEBUG] Predictions shape: torch.Size([4096, 10])
[DEBUG] Targets shape: torch.Size([4096, 1])
[DEBUG] Predictions shape: torch.Size([1456, 10])
[DEBUG] Targets shape: torch.Size([1456, 1])
[DEBUG] Writing to CSV - Epoch: 79, Train MSE: 0.8538888996228725, Test MSE: 4.118456671262857, Train Acc: 9.114487352744447, Test Acc: 9.446066379840197
[DEBUG] Predictions shape: torch.Size([4096, 10])
[DEBUG] Targets shape: torch.Size([4096, 1])
[DEBUG] Predictions shape: torch.Size([4096, 10])
[DEBUG] Targets shape: torch.Size([4096, 1])
[DEBUG] Predictions shape: torch.Size([4096, 10])
[DEBUG] Targets shape: torch.Size([4096, 1])
[DEBUG] Predictions shape: torch.Size([4096, 10])
[DEBUG] Targets shape: torch.Size([4096, 1])
[DEBUG] Predictions shape: torch.Size([4096, 10])
[DEBUG] Targets shape: torch.Size([4096, 1])
[DEBUG] Predictions shape: torch.Size([4096, 10])
[DEBUG] Targets shape: torch.Size([4096, 1])
[DEBUG] Predictions shape: torch.Size([4096, 10])
[DEBUG] Targets shape: torch.Size([4096, 1])
[DEBUG] Predictions shape: torch.Size([4096, 10])
[DEBUG] Targets shape: torch.Size([4096, 1])
[DEBUG] Predictions shape: torch.Size([4096, 10])
[DEBUG] Targets shape: torch.Size([4096, 1])
[DEBUG] Predictions shape: torch.Size([4096, 10])
[DEBUG] Targets shape: torch.Size([4096, 1])
[DEBUG] Predictions shape: torch.Size([4096, 10])
[DEBUG] Targets shape: torch.Size([4096, 1])
[DEBUG] Predictions shape: torch.Size([4096, 10])
[DEBUG] Targets shape: torch.Size([4096, 1])
[DEBUG] Predictions shape: torch.Size([4096, 10])
[DEBUG] Targets shape: torch.Size([4096, 1])
[DEBUG] Predictions shape: torch.Size([4096, 10])
[DEBUG] Targets shape: torch.Size([4096, 1])
[DEBUG] Predictions shape: torch.Size([4096, 10])
[DEBUG] Targets shape: torch.Size([4096, 1])
[DEBUG] Predictions shape: torch.Size([4096, 10])
[DEBUG] Targets shape: torch.Size([4096, 1])
[DEBUG] Predictions shape: torch.Size([4096, 10])
[DEBUG] Targets shape: torch.Size([4096, 1])
[DEBUG] Predictions shape: torch.Size([3625, 10])
[DEBUG] Targets shape: torch.Size([3625, 1])
[DEBUG] Predictions shape: torch.Size([4096, 10])
[DEBUG] Targets shape: torch.Size([4096, 1])
[DEBUG] Predictions shape: torch.Size([4096, 10])
[DEBUG] Targets shape: torch.Size([4096, 1])
[DEBUG] Predictions shape: torch.Size([4096, 10])
[DEBUG] Targets shape: torch.Size([4096, 1])
[DEBUG] Predictions shape: torch.Size([4096, 10])
[DEBUG] Targets shape: torch.Size([4096, 1])
[DEBUG] Predictions shape: torch.Size([4096, 10])
[DEBUG] Targets shape: torch.Size([4096, 1])
[DEBUG] Predictions shape: torch.Size([4096, 10])
[DEBUG] Targets shape: torch.Size([4096, 1])
[DEBUG] Predictions shape: torch.Size([1456, 10])
[DEBUG] Targets shape: torch.Size([1456, 1])
[DEBUG] Writing to CSV - Epoch: 80, Train MSE: 0.7470258011967902, Test MSE: 3.6732338655925485, Train Acc: 10.485004845953288, Test Acc: 10.648432698217578
[Epoch 80] train_mse=0.747026  test_mse=3.673234
[DEBUG] Predictions shape: torch.Size([4096, 10])
[DEBUG] Targets shape: torch.Size([4096, 1])
[DEBUG] Predictions shape: torch.Size([4096, 10])
[DEBUG] Targets shape: torch.Size([4096, 1])
[DEBUG] Predictions shape: torch.Size([4096, 10])
[DEBUG] Targets shape: torch.Size([4096, 1])
[DEBUG] Predictions shape: torch.Size([4096, 10])
[DEBUG] Targets shape: torch.Size([4096, 1])
[DEBUG] Predictions shape: torch.Size([4096, 10])
[DEBUG] Targets shape: torch.Size([4096, 1])
[DEBUG] Predictions shape: torch.Size([4096, 10])
[DEBUG] Targets shape: torch.Size([4096, 1])
[DEBUG] Predictions shape: torch.Size([4096, 10])
[DEBUG] Targets shape: torch.Size([4096, 1])
[DEBUG] Predictions shape: torch.Size([4096, 10])
[DEBUG] Targets shape: torch.Size([4096, 1])
[DEBUG] Predictions shape: torch.Size([4096, 10])
[DEBUG] Targets shape: torch.Size([4096, 1])
[DEBUG] Predictions shape: torch.Size([4096, 10])
[DEBUG] Targets shape: torch.Size([4096, 1])
[DEBUG] Predictions shape: torch.Size([4096, 10])
[DEBUG] Targets shape: torch.Size([4096, 1])
[DEBUG] Predictions shape: torch.Size([4096, 10])
[DEBUG] Targets shape: torch.Size([4096, 1])
[DEBUG] Predictions shape: torch.Size([4096, 10])
[DEBUG] Targets shape: torch.Size([4096, 1])
[DEBUG] Predictions shape: torch.Size([4096, 10])
[DEBUG] Targets shape: torch.Size([4096, 1])
[DEBUG] Predictions shape: torch.Size([4096, 10])
[DEBUG] Targets shape: torch.Size([4096, 1])
[DEBUG] Predictions shape: torch.Size([4096, 10])
[DEBUG] Targets shape: torch.Size([4096, 1])
[DEBUG] Predictions shape: torch.Size([4096, 10])
[DEBUG] Targets shape: torch.Size([4096, 1])
[DEBUG] Predictions shape: torch.Size([3625, 10])
[DEBUG] Targets shape: torch.Size([3625, 1])
[DEBUG] Predictions shape: torch.Size([4096, 10])
[DEBUG] Targets shape: torch.Size([4096, 1])
[DEBUG] Predictions shape: torch.Size([4096, 10])
[DEBUG] Targets shape: torch.Size([4096, 1])
[DEBUG] Predictions shape: torch.Size([4096, 10])
[DEBUG] Targets shape: torch.Size([4096, 1])
[DEBUG] Predictions shape: torch.Size([4096, 10])
[DEBUG] Targets shape: torch.Size([4096, 1])
[DEBUG] Predictions shape: torch.Size([4096, 10])
[DEBUG] Targets shape: torch.Size([4096, 1])
[DEBUG] Predictions shape: torch.Size([4096, 10])
[DEBUG] Targets shape: torch.Size([4096, 1])
[DEBUG] Predictions shape: torch.Size([1456, 10])
[DEBUG] Targets shape: torch.Size([1456, 1])
[DEBUG] Writing to CSV - Epoch: 81, Train MSE: 0.4616973531770656, Test MSE: 3.5673727719565442, Train Acc: 9.967648142839591, Test Acc: 10.07221880762139
[DEBUG] Predictions shape: torch.Size([4096, 10])
[DEBUG] Targets shape: torch.Size([4096, 1])
[DEBUG] Predictions shape: torch.Size([4096, 10])
[DEBUG] Targets shape: torch.Size([4096, 1])
[DEBUG] Predictions shape: torch.Size([4096, 10])
[DEBUG] Targets shape: torch.Size([4096, 1])
[DEBUG] Predictions shape: torch.Size([4096, 10])
[DEBUG] Targets shape: torch.Size([4096, 1])
[DEBUG] Predictions shape: torch.Size([4096, 10])
[DEBUG] Targets shape: torch.Size([4096, 1])
[DEBUG] Predictions shape: torch.Size([4096, 10])
[DEBUG] Targets shape: torch.Size([4096, 1])
[DEBUG] Predictions shape: torch.Size([4096, 10])
[DEBUG] Targets shape: torch.Size([4096, 1])
[DEBUG] Predictions shape: torch.Size([4096, 10])
[DEBUG] Targets shape: torch.Size([4096, 1])
[DEBUG] Predictions shape: torch.Size([4096, 10])
[DEBUG] Targets shape: torch.Size([4096, 1])
[DEBUG] Predictions shape: torch.Size([4096, 10])
[DEBUG] Targets shape: torch.Size([4096, 1])
[DEBUG] Predictions shape: torch.Size([4096, 10])
[DEBUG] Targets shape: torch.Size([4096, 1])
[DEBUG] Predictions shape: torch.Size([4096, 10])
[DEBUG] Targets shape: torch.Size([4096, 1])
[DEBUG] Predictions shape: torch.Size([4096, 10])
[DEBUG] Targets shape: torch.Size([4096, 1])
[DEBUG] Predictions shape: torch.Size([4096, 10])
[DEBUG] Targets shape: torch.Size([4096, 1])
[DEBUG] Predictions shape: torch.Size([4096, 10])
[DEBUG] Targets shape: torch.Size([4096, 1])
[DEBUG] Predictions shape: torch.Size([4096, 10])
[DEBUG] Targets shape: torch.Size([4096, 1])
[DEBUG] Predictions shape: torch.Size([4096, 10])
[DEBUG] Targets shape: torch.Size([4096, 1])
[DEBUG] Predictions shape: torch.Size([3625, 10])
[DEBUG] Targets shape: torch.Size([3625, 1])
[DEBUG] Predictions shape: torch.Size([4096, 10])
[DEBUG] Targets shape: torch.Size([4096, 1])
[DEBUG] Predictions shape: torch.Size([4096, 10])
[DEBUG] Targets shape: torch.Size([4096, 1])
[DEBUG] Predictions shape: torch.Size([4096, 10])
[DEBUG] Targets shape: torch.Size([4096, 1])
[DEBUG] Predictions shape: torch.Size([4096, 10])
[DEBUG] Targets shape: torch.Size([4096, 1])
[DEBUG] Predictions shape: torch.Size([4096, 10])
[DEBUG] Targets shape: torch.Size([4096, 1])
[DEBUG] Predictions shape: torch.Size([4096, 10])
[DEBUG] Targets shape: torch.Size([4096, 1])
[DEBUG] Predictions shape: torch.Size([1456, 10])
[DEBUG] Targets shape: torch.Size([1456, 1])
[DEBUG] Writing to CSV - Epoch: 82, Train MSE: 0.6322297436997332, Test MSE: 3.5569073160367286, Train Acc: 10.024980547933986, Test Acc: 10.544714197910265
[DEBUG] Predictions shape: torch.Size([4096, 10])
[DEBUG] Targets shape: torch.Size([4096, 1])
[DEBUG] Predictions shape: torch.Size([4096, 10])
[DEBUG] Targets shape: torch.Size([4096, 1])
[DEBUG] Predictions shape: torch.Size([4096, 10])
[DEBUG] Targets shape: torch.Size([4096, 1])
[DEBUG] Predictions shape: torch.Size([4096, 10])
[DEBUG] Targets shape: torch.Size([4096, 1])
[DEBUG] Predictions shape: torch.Size([4096, 10])
[DEBUG] Targets shape: torch.Size([4096, 1])
[DEBUG] Predictions shape: torch.Size([4096, 10])
[DEBUG] Targets shape: torch.Size([4096, 1])
[DEBUG] Predictions shape: torch.Size([4096, 10])
[DEBUG] Targets shape: torch.Size([4096, 1])
[DEBUG] Predictions shape: torch.Size([4096, 10])
[DEBUG] Targets shape: torch.Size([4096, 1])
[DEBUG] Predictions shape: torch.Size([4096, 10])
[DEBUG] Targets shape: torch.Size([4096, 1])
[DEBUG] Predictions shape: torch.Size([4096, 10])
[DEBUG] Targets shape: torch.Size([4096, 1])
[DEBUG] Predictions shape: torch.Size([4096, 10])
[DEBUG] Targets shape: torch.Size([4096, 1])
[DEBUG] Predictions shape: torch.Size([4096, 10])
[DEBUG] Targets shape: torch.Size([4096, 1])
[DEBUG] Predictions shape: torch.Size([4096, 10])
[DEBUG] Targets shape: torch.Size([4096, 1])
[DEBUG] Predictions shape: torch.Size([4096, 10])
[DEBUG] Targets shape: torch.Size([4096, 1])
[DEBUG] Predictions shape: torch.Size([4096, 10])
[DEBUG] Targets shape: torch.Size([4096, 1])
[DEBUG] Predictions shape: torch.Size([4096, 10])
[DEBUG] Targets shape: torch.Size([4096, 1])
[DEBUG] Predictions shape: torch.Size([4096, 10])
[DEBUG] Targets shape: torch.Size([4096, 1])
[DEBUG] Predictions shape: torch.Size([3625, 10])
[DEBUG] Targets shape: torch.Size([3625, 1])
[DEBUG] Predictions shape: torch.Size([4096, 10])
[DEBUG] Targets shape: torch.Size([4096, 1])
[DEBUG] Predictions shape: torch.Size([4096, 10])
[DEBUG] Targets shape: torch.Size([4096, 1])
[DEBUG] Predictions shape: torch.Size([4096, 10])
[DEBUG] Targets shape: torch.Size([4096, 1])
[DEBUG] Predictions shape: torch.Size([4096, 10])
[DEBUG] Targets shape: torch.Size([4096, 1])
[DEBUG] Predictions shape: torch.Size([4096, 10])
[DEBUG] Targets shape: torch.Size([4096, 1])
[DEBUG] Predictions shape: torch.Size([4096, 10])
[DEBUG] Targets shape: torch.Size([4096, 1])
[DEBUG] Predictions shape: torch.Size([1456, 10])
[DEBUG] Targets shape: torch.Size([1456, 1])
[DEBUG] Writing to CSV - Epoch: 83, Train MSE: 1.1578578391893264, Test MSE: 4.901596952964722, Train Acc: 9.596352566990186, Test Acc: 9.511370620774432
[DEBUG] Predictions shape: torch.Size([4096, 10])
[DEBUG] Targets shape: torch.Size([4096, 1])
[DEBUG] Predictions shape: torch.Size([4096, 10])
[DEBUG] Targets shape: torch.Size([4096, 1])
[DEBUG] Predictions shape: torch.Size([4096, 10])
[DEBUG] Targets shape: torch.Size([4096, 1])
[DEBUG] Predictions shape: torch.Size([4096, 10])
[DEBUG] Targets shape: torch.Size([4096, 1])
[DEBUG] Predictions shape: torch.Size([4096, 10])
[DEBUG] Targets shape: torch.Size([4096, 1])
[DEBUG] Predictions shape: torch.Size([4096, 10])
[DEBUG] Targets shape: torch.Size([4096, 1])
[DEBUG] Predictions shape: torch.Size([4096, 10])
[DEBUG] Targets shape: torch.Size([4096, 1])
[DEBUG] Predictions shape: torch.Size([4096, 10])
[DEBUG] Targets shape: torch.Size([4096, 1])
[DEBUG] Predictions shape: torch.Size([4096, 10])
[DEBUG] Targets shape: torch.Size([4096, 1])
[DEBUG] Predictions shape: torch.Size([4096, 10])
[DEBUG] Targets shape: torch.Size([4096, 1])
[DEBUG] Predictions shape: torch.Size([4096, 10])
[DEBUG] Targets shape: torch.Size([4096, 1])
[DEBUG] Predictions shape: torch.Size([4096, 10])
[DEBUG] Targets shape: torch.Size([4096, 1])
[DEBUG] Predictions shape: torch.Size([4096, 10])
[DEBUG] Targets shape: torch.Size([4096, 1])
[DEBUG] Predictions shape: torch.Size([4096, 10])
[DEBUG] Targets shape: torch.Size([4096, 1])
[DEBUG] Predictions shape: torch.Size([4096, 10])
[DEBUG] Targets shape: torch.Size([4096, 1])
[DEBUG] Predictions shape: torch.Size([4096, 10])
[DEBUG] Targets shape: torch.Size([4096, 1])
[DEBUG] Predictions shape: torch.Size([4096, 10])
[DEBUG] Targets shape: torch.Size([4096, 1])
[DEBUG] Predictions shape: torch.Size([3625, 10])
[DEBUG] Targets shape: torch.Size([3625, 1])
[DEBUG] Predictions shape: torch.Size([4096, 10])
[DEBUG] Targets shape: torch.Size([4096, 1])
[DEBUG] Predictions shape: torch.Size([4096, 10])
[DEBUG] Targets shape: torch.Size([4096, 1])
[DEBUG] Predictions shape: torch.Size([4096, 10])
[DEBUG] Targets shape: torch.Size([4096, 1])
[DEBUG] Predictions shape: torch.Size([4096, 10])
[DEBUG] Targets shape: torch.Size([4096, 1])
[DEBUG] Predictions shape: torch.Size([4096, 10])
[DEBUG] Targets shape: torch.Size([4096, 1])
[DEBUG] Predictions shape: torch.Size([4096, 10])
[DEBUG] Targets shape: torch.Size([4096, 1])
[DEBUG] Predictions shape: torch.Size([1456, 10])
[DEBUG] Targets shape: torch.Size([1456, 1])
[DEBUG] Writing to CSV - Epoch: 84, Train MSE: 0.8538079785249765, Test MSE: 3.986684917011507, Train Acc: 9.53765510463164, Test Acc: 9.66118623232944
[DEBUG] Predictions shape: torch.Size([4096, 10])
[DEBUG] Targets shape: torch.Size([4096, 1])
[DEBUG] Predictions shape: torch.Size([4096, 10])
[DEBUG] Targets shape: torch.Size([4096, 1])
[DEBUG] Predictions shape: torch.Size([4096, 10])
[DEBUG] Targets shape: torch.Size([4096, 1])
[DEBUG] Predictions shape: torch.Size([4096, 10])
[DEBUG] Targets shape: torch.Size([4096, 1])
[DEBUG] Predictions shape: torch.Size([4096, 10])
[DEBUG] Targets shape: torch.Size([4096, 1])
[DEBUG] Predictions shape: torch.Size([4096, 10])
[DEBUG] Targets shape: torch.Size([4096, 1])
[DEBUG] Predictions shape: torch.Size([4096, 10])
[DEBUG] Targets shape: torch.Size([4096, 1])
[DEBUG] Predictions shape: torch.Size([4096, 10])
[DEBUG] Targets shape: torch.Size([4096, 1])
[DEBUG] Predictions shape: torch.Size([4096, 10])
[DEBUG] Targets shape: torch.Size([4096, 1])
[DEBUG] Predictions shape: torch.Size([4096, 10])
[DEBUG] Targets shape: torch.Size([4096, 1])
[DEBUG] Predictions shape: torch.Size([4096, 10])
[DEBUG] Targets shape: torch.Size([4096, 1])
[DEBUG] Predictions shape: torch.Size([4096, 10])
[DEBUG] Targets shape: torch.Size([4096, 1])
[DEBUG] Predictions shape: torch.Size([4096, 10])
[DEBUG] Targets shape: torch.Size([4096, 1])
[DEBUG] Predictions shape: torch.Size([4096, 10])
[DEBUG] Targets shape: torch.Size([4096, 1])
[DEBUG] Predictions shape: torch.Size([4096, 10])
[DEBUG] Targets shape: torch.Size([4096, 1])
[DEBUG] Predictions shape: torch.Size([4096, 10])
[DEBUG] Targets shape: torch.Size([4096, 1])
[DEBUG] Predictions shape: torch.Size([4096, 10])
[DEBUG] Targets shape: torch.Size([4096, 1])
[DEBUG] Predictions shape: torch.Size([3625, 10])
[DEBUG] Targets shape: torch.Size([3625, 1])
[DEBUG] Predictions shape: torch.Size([4096, 10])
[DEBUG] Targets shape: torch.Size([4096, 1])
[DEBUG] Predictions shape: torch.Size([4096, 10])
[DEBUG] Targets shape: torch.Size([4096, 1])
[DEBUG] Predictions shape: torch.Size([4096, 10])
[DEBUG] Targets shape: torch.Size([4096, 1])
[DEBUG] Predictions shape: torch.Size([4096, 10])
[DEBUG] Targets shape: torch.Size([4096, 1])
[DEBUG] Predictions shape: torch.Size([4096, 10])
[DEBUG] Targets shape: torch.Size([4096, 1])
[DEBUG] Predictions shape: torch.Size([4096, 10])
[DEBUG] Targets shape: torch.Size([4096, 1])
[DEBUG] Predictions shape: torch.Size([1456, 10])
[DEBUG] Targets shape: torch.Size([1456, 1])
[DEBUG] Writing to CSV - Epoch: 85, Train MSE: 0.789577027083807, Test MSE: 3.7374472206329084, Train Acc: 10.055011807745334, Test Acc: 10.125998770743701
[DEBUG] Predictions shape: torch.Size([4096, 10])
[DEBUG] Targets shape: torch.Size([4096, 1])
[DEBUG] Predictions shape: torch.Size([4096, 10])
[DEBUG] Targets shape: torch.Size([4096, 1])
[DEBUG] Predictions shape: torch.Size([4096, 10])
[DEBUG] Targets shape: torch.Size([4096, 1])
[DEBUG] Predictions shape: torch.Size([4096, 10])
[DEBUG] Targets shape: torch.Size([4096, 1])
[DEBUG] Predictions shape: torch.Size([4096, 10])
[DEBUG] Targets shape: torch.Size([4096, 1])
[DEBUG] Predictions shape: torch.Size([4096, 10])
[DEBUG] Targets shape: torch.Size([4096, 1])
[DEBUG] Predictions shape: torch.Size([4096, 10])
[DEBUG] Targets shape: torch.Size([4096, 1])
[DEBUG] Predictions shape: torch.Size([4096, 10])
[DEBUG] Targets shape: torch.Size([4096, 1])
[DEBUG] Predictions shape: torch.Size([4096, 10])
[DEBUG] Targets shape: torch.Size([4096, 1])
[DEBUG] Predictions shape: torch.Size([4096, 10])
[DEBUG] Targets shape: torch.Size([4096, 1])
[DEBUG] Predictions shape: torch.Size([4096, 10])
[DEBUG] Targets shape: torch.Size([4096, 1])
[DEBUG] Predictions shape: torch.Size([4096, 10])
[DEBUG] Targets shape: torch.Size([4096, 1])
[DEBUG] Predictions shape: torch.Size([4096, 10])
[DEBUG] Targets shape: torch.Size([4096, 1])
[DEBUG] Predictions shape: torch.Size([4096, 10])
[DEBUG] Targets shape: torch.Size([4096, 1])
[DEBUG] Predictions shape: torch.Size([4096, 10])
[DEBUG] Targets shape: torch.Size([4096, 1])
[DEBUG] Predictions shape: torch.Size([4096, 10])
[DEBUG] Targets shape: torch.Size([4096, 1])
[DEBUG] Predictions shape: torch.Size([4096, 10])
[DEBUG] Targets shape: torch.Size([4096, 1])
[DEBUG] Predictions shape: torch.Size([3625, 10])
[DEBUG] Targets shape: torch.Size([3625, 1])
[DEBUG] Predictions shape: torch.Size([4096, 10])
[DEBUG] Targets shape: torch.Size([4096, 1])
[DEBUG] Predictions shape: torch.Size([4096, 10])
[DEBUG] Targets shape: torch.Size([4096, 1])
[DEBUG] Predictions shape: torch.Size([4096, 10])
[DEBUG] Targets shape: torch.Size([4096, 1])
[DEBUG] Predictions shape: torch.Size([4096, 10])
[DEBUG] Targets shape: torch.Size([4096, 1])
[DEBUG] Predictions shape: torch.Size([4096, 10])
[DEBUG] Targets shape: torch.Size([4096, 1])
[DEBUG] Predictions shape: torch.Size([4096, 10])
[DEBUG] Targets shape: torch.Size([4096, 1])
[DEBUG] Predictions shape: torch.Size([1456, 10])
[DEBUG] Targets shape: torch.Size([1456, 1])
[DEBUG] Writing to CSV - Epoch: 86, Train MSE: 0.4092683615819345, Test MSE: 3.6208110386122203, Train Acc: 10.00313963170755, Test Acc: 10.383374308543331
[DEBUG] Predictions shape: torch.Size([4096, 10])
[DEBUG] Targets shape: torch.Size([4096, 1])
[DEBUG] Predictions shape: torch.Size([4096, 10])
[DEBUG] Targets shape: torch.Size([4096, 1])
[DEBUG] Predictions shape: torch.Size([4096, 10])
[DEBUG] Targets shape: torch.Size([4096, 1])
[DEBUG] Predictions shape: torch.Size([4096, 10])
[DEBUG] Targets shape: torch.Size([4096, 1])
[DEBUG] Predictions shape: torch.Size([4096, 10])
[DEBUG] Targets shape: torch.Size([4096, 1])
[DEBUG] Predictions shape: torch.Size([4096, 10])
[DEBUG] Targets shape: torch.Size([4096, 1])
[DEBUG] Predictions shape: torch.Size([4096, 10])
[DEBUG] Targets shape: torch.Size([4096, 1])
[DEBUG] Predictions shape: torch.Size([4096, 10])
[DEBUG] Targets shape: torch.Size([4096, 1])
[DEBUG] Predictions shape: torch.Size([4096, 10])
[DEBUG] Targets shape: torch.Size([4096, 1])
[DEBUG] Predictions shape: torch.Size([4096, 10])
[DEBUG] Targets shape: torch.Size([4096, 1])
[DEBUG] Predictions shape: torch.Size([4096, 10])
[DEBUG] Targets shape: torch.Size([4096, 1])
[DEBUG] Predictions shape: torch.Size([4096, 10])
[DEBUG] Targets shape: torch.Size([4096, 1])
[DEBUG] Predictions shape: torch.Size([4096, 10])
[DEBUG] Targets shape: torch.Size([4096, 1])
[DEBUG] Predictions shape: torch.Size([4096, 10])
[DEBUG] Targets shape: torch.Size([4096, 1])
[DEBUG] Predictions shape: torch.Size([4096, 10])
[DEBUG] Targets shape: torch.Size([4096, 1])
[DEBUG] Predictions shape: torch.Size([4096, 10])
[DEBUG] Targets shape: torch.Size([4096, 1])
[DEBUG] Predictions shape: torch.Size([4096, 10])
[DEBUG] Targets shape: torch.Size([4096, 1])
[DEBUG] Predictions shape: torch.Size([3625, 10])
[DEBUG] Targets shape: torch.Size([3625, 1])
[DEBUG] Predictions shape: torch.Size([4096, 10])
[DEBUG] Targets shape: torch.Size([4096, 1])
[DEBUG] Predictions shape: torch.Size([4096, 10])
[DEBUG] Targets shape: torch.Size([4096, 1])
[DEBUG] Predictions shape: torch.Size([4096, 10])
[DEBUG] Targets shape: torch.Size([4096, 1])
[DEBUG] Predictions shape: torch.Size([4096, 10])
[DEBUG] Targets shape: torch.Size([4096, 1])
[DEBUG] Predictions shape: torch.Size([4096, 10])
[DEBUG] Targets shape: torch.Size([4096, 1])
[DEBUG] Predictions shape: torch.Size([4096, 10])
[DEBUG] Targets shape: torch.Size([4096, 1])
[DEBUG] Predictions shape: torch.Size([1456, 10])
[DEBUG] Targets shape: torch.Size([1456, 1])
[DEBUG] Writing to CSV - Epoch: 87, Train MSE: 0.6947806100710469, Test MSE: 4.138931849871813, Train Acc: 9.944442169349005, Test Acc: 10.429471419791026
[DEBUG] Predictions shape: torch.Size([4096, 10])
[DEBUG] Targets shape: torch.Size([4096, 1])
[DEBUG] Predictions shape: torch.Size([4096, 10])
[DEBUG] Targets shape: torch.Size([4096, 1])
[DEBUG] Predictions shape: torch.Size([4096, 10])
[DEBUG] Targets shape: torch.Size([4096, 1])
[DEBUG] Predictions shape: torch.Size([4096, 10])
[DEBUG] Targets shape: torch.Size([4096, 1])
[DEBUG] Predictions shape: torch.Size([4096, 10])
[DEBUG] Targets shape: torch.Size([4096, 1])
[DEBUG] Predictions shape: torch.Size([4096, 10])
[DEBUG] Targets shape: torch.Size([4096, 1])
[DEBUG] Predictions shape: torch.Size([4096, 10])
[DEBUG] Targets shape: torch.Size([4096, 1])
[DEBUG] Predictions shape: torch.Size([4096, 10])
[DEBUG] Targets shape: torch.Size([4096, 1])
[DEBUG] Predictions shape: torch.Size([4096, 10])
[DEBUG] Targets shape: torch.Size([4096, 1])
[DEBUG] Predictions shape: torch.Size([4096, 10])
[DEBUG] Targets shape: torch.Size([4096, 1])
[DEBUG] Predictions shape: torch.Size([4096, 10])
[DEBUG] Targets shape: torch.Size([4096, 1])
[DEBUG] Predictions shape: torch.Size([4096, 10])
[DEBUG] Targets shape: torch.Size([4096, 1])
[DEBUG] Predictions shape: torch.Size([4096, 10])
[DEBUG] Targets shape: torch.Size([4096, 1])
[DEBUG] Predictions shape: torch.Size([4096, 10])
[DEBUG] Targets shape: torch.Size([4096, 1])
[DEBUG] Predictions shape: torch.Size([4096, 10])
[DEBUG] Targets shape: torch.Size([4096, 1])
[DEBUG] Predictions shape: torch.Size([4096, 10])
[DEBUG] Targets shape: torch.Size([4096, 1])
[DEBUG] Predictions shape: torch.Size([4096, 10])
[DEBUG] Targets shape: torch.Size([4096, 1])
[DEBUG] Predictions shape: torch.Size([3625, 10])
[DEBUG] Targets shape: torch.Size([3625, 1])
[DEBUG] Predictions shape: torch.Size([4096, 10])
[DEBUG] Targets shape: torch.Size([4096, 1])
[DEBUG] Predictions shape: torch.Size([4096, 10])
[DEBUG] Targets shape: torch.Size([4096, 1])
[DEBUG] Predictions shape: torch.Size([4096, 10])
[DEBUG] Targets shape: torch.Size([4096, 1])
[DEBUG] Predictions shape: torch.Size([4096, 10])
[DEBUG] Targets shape: torch.Size([4096, 1])
[DEBUG] Predictions shape: torch.Size([4096, 10])
[DEBUG] Targets shape: torch.Size([4096, 1])
[DEBUG] Predictions shape: torch.Size([4096, 10])
[DEBUG] Targets shape: torch.Size([4096, 1])
[DEBUG] Predictions shape: torch.Size([1456, 10])
[DEBUG] Targets shape: torch.Size([1456, 1])
[DEBUG] Writing to CSV - Epoch: 88, Train MSE: 0.4577435698601092, Test MSE: 3.7125484220953755, Train Acc: 10.218818679443602, Test Acc: 10.55239704978488
[DEBUG] Predictions shape: torch.Size([4096, 10])
[DEBUG] Targets shape: torch.Size([4096, 1])
[DEBUG] Predictions shape: torch.Size([4096, 10])
[DEBUG] Targets shape: torch.Size([4096, 1])
[DEBUG] Predictions shape: torch.Size([4096, 10])
[DEBUG] Targets shape: torch.Size([4096, 1])
[DEBUG] Predictions shape: torch.Size([4096, 10])
[DEBUG] Targets shape: torch.Size([4096, 1])
[DEBUG] Predictions shape: torch.Size([4096, 10])
[DEBUG] Targets shape: torch.Size([4096, 1])
[DEBUG] Predictions shape: torch.Size([4096, 10])
[DEBUG] Targets shape: torch.Size([4096, 1])
[DEBUG] Predictions shape: torch.Size([4096, 10])
[DEBUG] Targets shape: torch.Size([4096, 1])
[DEBUG] Predictions shape: torch.Size([4096, 10])
[DEBUG] Targets shape: torch.Size([4096, 1])
[DEBUG] Predictions shape: torch.Size([4096, 10])
[DEBUG] Targets shape: torch.Size([4096, 1])
[DEBUG] Predictions shape: torch.Size([4096, 10])
[DEBUG] Targets shape: torch.Size([4096, 1])
[DEBUG] Predictions shape: torch.Size([4096, 10])
[DEBUG] Targets shape: torch.Size([4096, 1])
[DEBUG] Predictions shape: torch.Size([4096, 10])
[DEBUG] Targets shape: torch.Size([4096, 1])
[DEBUG] Predictions shape: torch.Size([4096, 10])
[DEBUG] Targets shape: torch.Size([4096, 1])
[DEBUG] Predictions shape: torch.Size([4096, 10])
[DEBUG] Targets shape: torch.Size([4096, 1])
[DEBUG] Predictions shape: torch.Size([4096, 10])
[DEBUG] Targets shape: torch.Size([4096, 1])
[DEBUG] Predictions shape: torch.Size([4096, 10])
[DEBUG] Targets shape: torch.Size([4096, 1])
[DEBUG] Predictions shape: torch.Size([4096, 10])
[DEBUG] Targets shape: torch.Size([4096, 1])
[DEBUG] Predictions shape: torch.Size([3625, 10])
[DEBUG] Targets shape: torch.Size([3625, 1])
[DEBUG] Predictions shape: torch.Size([4096, 10])
[DEBUG] Targets shape: torch.Size([4096, 1])
[DEBUG] Predictions shape: torch.Size([4096, 10])
[DEBUG] Targets shape: torch.Size([4096, 1])
[DEBUG] Predictions shape: torch.Size([4096, 10])
[DEBUG] Targets shape: torch.Size([4096, 1])
[DEBUG] Predictions shape: torch.Size([4096, 10])
[DEBUG] Targets shape: torch.Size([4096, 1])
[DEBUG] Predictions shape: torch.Size([4096, 10])
[DEBUG] Targets shape: torch.Size([4096, 1])
[DEBUG] Predictions shape: torch.Size([4096, 10])
[DEBUG] Targets shape: torch.Size([4096, 1])
[DEBUG] Predictions shape: torch.Size([1456, 10])
[DEBUG] Targets shape: torch.Size([1456, 1])
[DEBUG] Writing to CSV - Epoch: 89, Train MSE: 0.4119327276990271, Test MSE: 3.693043556107871, Train Acc: 9.619558540480773, Test Acc: 9.634296250768285
[DEBUG] Predictions shape: torch.Size([4096, 10])
[DEBUG] Targets shape: torch.Size([4096, 1])
[DEBUG] Predictions shape: torch.Size([4096, 10])
[DEBUG] Targets shape: torch.Size([4096, 1])
[DEBUG] Predictions shape: torch.Size([4096, 10])
[DEBUG] Targets shape: torch.Size([4096, 1])
[DEBUG] Predictions shape: torch.Size([4096, 10])
[DEBUG] Targets shape: torch.Size([4096, 1])
[DEBUG] Predictions shape: torch.Size([4096, 10])
[DEBUG] Targets shape: torch.Size([4096, 1])
[DEBUG] Predictions shape: torch.Size([4096, 10])
[DEBUG] Targets shape: torch.Size([4096, 1])
[DEBUG] Predictions shape: torch.Size([4096, 10])
[DEBUG] Targets shape: torch.Size([4096, 1])
[DEBUG] Predictions shape: torch.Size([4096, 10])
[DEBUG] Targets shape: torch.Size([4096, 1])
[DEBUG] Predictions shape: torch.Size([4096, 10])
[DEBUG] Targets shape: torch.Size([4096, 1])
[DEBUG] Predictions shape: torch.Size([4096, 10])
[DEBUG] Targets shape: torch.Size([4096, 1])
[DEBUG] Predictions shape: torch.Size([4096, 10])
[DEBUG] Targets shape: torch.Size([4096, 1])
[DEBUG] Predictions shape: torch.Size([4096, 10])
[DEBUG] Targets shape: torch.Size([4096, 1])
[DEBUG] Predictions shape: torch.Size([4096, 10])
[DEBUG] Targets shape: torch.Size([4096, 1])
[DEBUG] Predictions shape: torch.Size([4096, 10])
[DEBUG] Targets shape: torch.Size([4096, 1])
[DEBUG] Predictions shape: torch.Size([4096, 10])
[DEBUG] Targets shape: torch.Size([4096, 1])
[DEBUG] Predictions shape: torch.Size([4096, 10])
[DEBUG] Targets shape: torch.Size([4096, 1])
[DEBUG] Predictions shape: torch.Size([4096, 10])
[DEBUG] Targets shape: torch.Size([4096, 1])
[DEBUG] Predictions shape: torch.Size([3625, 10])
[DEBUG] Targets shape: torch.Size([3625, 1])
[DEBUG] Predictions shape: torch.Size([4096, 10])
[DEBUG] Targets shape: torch.Size([4096, 1])
[DEBUG] Predictions shape: torch.Size([4096, 10])
[DEBUG] Targets shape: torch.Size([4096, 1])
[DEBUG] Predictions shape: torch.Size([4096, 10])
[DEBUG] Targets shape: torch.Size([4096, 1])
[DEBUG] Predictions shape: torch.Size([4096, 10])
[DEBUG] Targets shape: torch.Size([4096, 1])
[DEBUG] Predictions shape: torch.Size([4096, 10])
[DEBUG] Targets shape: torch.Size([4096, 1])
[DEBUG] Predictions shape: torch.Size([4096, 10])
[DEBUG] Targets shape: torch.Size([4096, 1])
[DEBUG] Predictions shape: torch.Size([1456, 10])
[DEBUG] Targets shape: torch.Size([1456, 1])
[DEBUG] Writing to CSV - Epoch: 90, Train MSE: 0.4341927225055648, Test MSE: 3.535722379385509, Train Acc: 10.1560260452926, Test Acc: 10.310387215734481
[Epoch 90] train_mse=0.434193  test_mse=3.535722
[DEBUG] Predictions shape: torch.Size([4096, 10])
[DEBUG] Targets shape: torch.Size([4096, 1])
[DEBUG] Predictions shape: torch.Size([4096, 10])
[DEBUG] Targets shape: torch.Size([4096, 1])
[DEBUG] Predictions shape: torch.Size([4096, 10])
[DEBUG] Targets shape: torch.Size([4096, 1])
[DEBUG] Predictions shape: torch.Size([4096, 10])
[DEBUG] Targets shape: torch.Size([4096, 1])
[DEBUG] Predictions shape: torch.Size([4096, 10])
[DEBUG] Targets shape: torch.Size([4096, 1])
[DEBUG] Predictions shape: torch.Size([4096, 10])
[DEBUG] Targets shape: torch.Size([4096, 1])
[DEBUG] Predictions shape: torch.Size([4096, 10])
[DEBUG] Targets shape: torch.Size([4096, 1])
[DEBUG] Predictions shape: torch.Size([4096, 10])
[DEBUG] Targets shape: torch.Size([4096, 1])
[DEBUG] Predictions shape: torch.Size([4096, 10])
[DEBUG] Targets shape: torch.Size([4096, 1])
[DEBUG] Predictions shape: torch.Size([4096, 10])
[DEBUG] Targets shape: torch.Size([4096, 1])
[DEBUG] Predictions shape: torch.Size([4096, 10])
[DEBUG] Targets shape: torch.Size([4096, 1])
[DEBUG] Predictions shape: torch.Size([4096, 10])
[DEBUG] Targets shape: torch.Size([4096, 1])
[DEBUG] Predictions shape: torch.Size([4096, 10])
[DEBUG] Targets shape: torch.Size([4096, 1])
[DEBUG] Predictions shape: torch.Size([4096, 10])
[DEBUG] Targets shape: torch.Size([4096, 1])
[DEBUG] Predictions shape: torch.Size([4096, 10])
[DEBUG] Targets shape: torch.Size([4096, 1])
[DEBUG] Predictions shape: torch.Size([4096, 10])
[DEBUG] Targets shape: torch.Size([4096, 1])
[DEBUG] Predictions shape: torch.Size([4096, 10])
[DEBUG] Targets shape: torch.Size([4096, 1])
[DEBUG] Predictions shape: torch.Size([3625, 10])
[DEBUG] Targets shape: torch.Size([3625, 1])
[DEBUG] Predictions shape: torch.Size([4096, 10])
[DEBUG] Targets shape: torch.Size([4096, 1])
[DEBUG] Predictions shape: torch.Size([4096, 10])
[DEBUG] Targets shape: torch.Size([4096, 1])
[DEBUG] Predictions shape: torch.Size([4096, 10])
[DEBUG] Targets shape: torch.Size([4096, 1])
[DEBUG] Predictions shape: torch.Size([4096, 10])
[DEBUG] Targets shape: torch.Size([4096, 1])
[DEBUG] Predictions shape: torch.Size([4096, 10])
[DEBUG] Targets shape: torch.Size([4096, 1])
[DEBUG] Predictions shape: torch.Size([4096, 10])
[DEBUG] Targets shape: torch.Size([4096, 1])
[DEBUG] Predictions shape: torch.Size([1456, 10])
[DEBUG] Targets shape: torch.Size([1456, 1])
[DEBUG] Writing to CSV - Epoch: 91, Train MSE: 0.4058297295715006, Test MSE: 3.680661478288788, Train Acc: 10.11370927010388, Test Acc: 10.414105716041794
[DEBUG] Predictions shape: torch.Size([4096, 10])
[DEBUG] Targets shape: torch.Size([4096, 1])
[DEBUG] Predictions shape: torch.Size([4096, 10])
[DEBUG] Targets shape: torch.Size([4096, 1])
[DEBUG] Predictions shape: torch.Size([4096, 10])
[DEBUG] Targets shape: torch.Size([4096, 1])
[DEBUG] Predictions shape: torch.Size([4096, 10])
[DEBUG] Targets shape: torch.Size([4096, 1])
[DEBUG] Predictions shape: torch.Size([4096, 10])
[DEBUG] Targets shape: torch.Size([4096, 1])
[DEBUG] Predictions shape: torch.Size([4096, 10])
[DEBUG] Targets shape: torch.Size([4096, 1])
[DEBUG] Predictions shape: torch.Size([4096, 10])
[DEBUG] Targets shape: torch.Size([4096, 1])
[DEBUG] Predictions shape: torch.Size([4096, 10])
[DEBUG] Targets shape: torch.Size([4096, 1])
[DEBUG] Predictions shape: torch.Size([4096, 10])
[DEBUG] Targets shape: torch.Size([4096, 1])
[DEBUG] Predictions shape: torch.Size([4096, 10])
[DEBUG] Targets shape: torch.Size([4096, 1])
[DEBUG] Predictions shape: torch.Size([4096, 10])
[DEBUG] Targets shape: torch.Size([4096, 1])
[DEBUG] Predictions shape: torch.Size([4096, 10])
[DEBUG] Targets shape: torch.Size([4096, 1])
[DEBUG] Predictions shape: torch.Size([4096, 10])
[DEBUG] Targets shape: torch.Size([4096, 1])
[DEBUG] Predictions shape: torch.Size([4096, 10])
[DEBUG] Targets shape: torch.Size([4096, 1])
[DEBUG] Predictions shape: torch.Size([4096, 10])
[DEBUG] Targets shape: torch.Size([4096, 1])
[DEBUG] Predictions shape: torch.Size([4096, 10])
[DEBUG] Targets shape: torch.Size([4096, 1])
[DEBUG] Predictions shape: torch.Size([4096, 10])
[DEBUG] Targets shape: torch.Size([4096, 1])
[DEBUG] Predictions shape: torch.Size([3625, 10])
[DEBUG] Targets shape: torch.Size([3625, 1])
[DEBUG] Predictions shape: torch.Size([4096, 10])
[DEBUG] Targets shape: torch.Size([4096, 1])
[DEBUG] Predictions shape: torch.Size([4096, 10])
[DEBUG] Targets shape: torch.Size([4096, 1])
[DEBUG] Predictions shape: torch.Size([4096, 10])
[DEBUG] Targets shape: torch.Size([4096, 1])
[DEBUG] Predictions shape: torch.Size([4096, 10])
[DEBUG] Targets shape: torch.Size([4096, 1])
[DEBUG] Predictions shape: torch.Size([4096, 10])
[DEBUG] Targets shape: torch.Size([4096, 1])
[DEBUG] Predictions shape: torch.Size([4096, 10])
[DEBUG] Targets shape: torch.Size([4096, 1])
[DEBUG] Predictions shape: torch.Size([1456, 10])
[DEBUG] Targets shape: torch.Size([1456, 1])
[DEBUG] Writing to CSV - Epoch: 92, Train MSE: 0.6045183497227867, Test MSE: 3.793882091424915, Train Acc: 9.80111115661302, Test Acc: 9.991548862937922
[DEBUG] Predictions shape: torch.Size([4096, 10])
[DEBUG] Targets shape: torch.Size([4096, 1])
[DEBUG] Predictions shape: torch.Size([4096, 10])
[DEBUG] Targets shape: torch.Size([4096, 1])
[DEBUG] Predictions shape: torch.Size([4096, 10])
[DEBUG] Targets shape: torch.Size([4096, 1])
[DEBUG] Predictions shape: torch.Size([4096, 10])
[DEBUG] Targets shape: torch.Size([4096, 1])
[DEBUG] Predictions shape: torch.Size([4096, 10])
[DEBUG] Targets shape: torch.Size([4096, 1])
[DEBUG] Predictions shape: torch.Size([4096, 10])
[DEBUG] Targets shape: torch.Size([4096, 1])
[DEBUG] Predictions shape: torch.Size([4096, 10])
[DEBUG] Targets shape: torch.Size([4096, 1])
[DEBUG] Predictions shape: torch.Size([4096, 10])
[DEBUG] Targets shape: torch.Size([4096, 1])
[DEBUG] Predictions shape: torch.Size([4096, 10])
[DEBUG] Targets shape: torch.Size([4096, 1])
[DEBUG] Predictions shape: torch.Size([4096, 10])
[DEBUG] Targets shape: torch.Size([4096, 1])
[DEBUG] Predictions shape: torch.Size([4096, 10])
[DEBUG] Targets shape: torch.Size([4096, 1])
[DEBUG] Predictions shape: torch.Size([4096, 10])
[DEBUG] Targets shape: torch.Size([4096, 1])
[DEBUG] Predictions shape: torch.Size([4096, 10])
[DEBUG] Targets shape: torch.Size([4096, 1])
[DEBUG] Predictions shape: torch.Size([4096, 10])
[DEBUG] Targets shape: torch.Size([4096, 1])
[DEBUG] Predictions shape: torch.Size([4096, 10])
[DEBUG] Targets shape: torch.Size([4096, 1])
[DEBUG] Predictions shape: torch.Size([4096, 10])
[DEBUG] Targets shape: torch.Size([4096, 1])
[DEBUG] Predictions shape: torch.Size([4096, 10])
[DEBUG] Targets shape: torch.Size([4096, 1])
[DEBUG] Predictions shape: torch.Size([3625, 10])
[DEBUG] Targets shape: torch.Size([3625, 1])
[DEBUG] Predictions shape: torch.Size([4096, 10])
[DEBUG] Targets shape: torch.Size([4096, 1])
[DEBUG] Predictions shape: torch.Size([4096, 10])
[DEBUG] Targets shape: torch.Size([4096, 1])
[DEBUG] Predictions shape: torch.Size([4096, 10])
[DEBUG] Targets shape: torch.Size([4096, 1])
[DEBUG] Predictions shape: torch.Size([4096, 10])
[DEBUG] Targets shape: torch.Size([4096, 1])
[DEBUG] Predictions shape: torch.Size([4096, 10])
[DEBUG] Targets shape: torch.Size([4096, 1])
[DEBUG] Predictions shape: torch.Size([4096, 10])
[DEBUG] Targets shape: torch.Size([4096, 1])
[DEBUG] Predictions shape: torch.Size([1456, 10])
[DEBUG] Targets shape: torch.Size([1456, 1])
[DEBUG] Writing to CSV - Epoch: 93, Train MSE: 0.4762344852581929, Test MSE: 3.779473916254823, Train Acc: 9.969013200103744, Test Acc: 9.987707437000614
[DEBUG] Predictions shape: torch.Size([4096, 10])
[DEBUG] Targets shape: torch.Size([4096, 1])
[DEBUG] Predictions shape: torch.Size([4096, 10])
[DEBUG] Targets shape: torch.Size([4096, 1])
[DEBUG] Predictions shape: torch.Size([4096, 10])
[DEBUG] Targets shape: torch.Size([4096, 1])
[DEBUG] Predictions shape: torch.Size([4096, 10])
[DEBUG] Targets shape: torch.Size([4096, 1])
[DEBUG] Predictions shape: torch.Size([4096, 10])
[DEBUG] Targets shape: torch.Size([4096, 1])
[DEBUG] Predictions shape: torch.Size([4096, 10])
[DEBUG] Targets shape: torch.Size([4096, 1])
[DEBUG] Predictions shape: torch.Size([4096, 10])
[DEBUG] Targets shape: torch.Size([4096, 1])
[DEBUG] Predictions shape: torch.Size([4096, 10])
[DEBUG] Targets shape: torch.Size([4096, 1])
[DEBUG] Predictions shape: torch.Size([4096, 10])
[DEBUG] Targets shape: torch.Size([4096, 1])
[DEBUG] Predictions shape: torch.Size([4096, 10])
[DEBUG] Targets shape: torch.Size([4096, 1])
[DEBUG] Predictions shape: torch.Size([4096, 10])
[DEBUG] Targets shape: torch.Size([4096, 1])
[DEBUG] Predictions shape: torch.Size([4096, 10])
[DEBUG] Targets shape: torch.Size([4096, 1])
[DEBUG] Predictions shape: torch.Size([4096, 10])
[DEBUG] Targets shape: torch.Size([4096, 1])
[DEBUG] Predictions shape: torch.Size([4096, 10])
[DEBUG] Targets shape: torch.Size([4096, 1])
[DEBUG] Predictions shape: torch.Size([4096, 10])
[DEBUG] Targets shape: torch.Size([4096, 1])
[DEBUG] Predictions shape: torch.Size([4096, 10])
[DEBUG] Targets shape: torch.Size([4096, 1])
[DEBUG] Predictions shape: torch.Size([4096, 10])
[DEBUG] Targets shape: torch.Size([4096, 1])
[DEBUG] Predictions shape: torch.Size([3625, 10])
[DEBUG] Targets shape: torch.Size([3625, 1])
[DEBUG] Predictions shape: torch.Size([4096, 10])
[DEBUG] Targets shape: torch.Size([4096, 1])
[DEBUG] Predictions shape: torch.Size([4096, 10])
[DEBUG] Targets shape: torch.Size([4096, 1])
[DEBUG] Predictions shape: torch.Size([4096, 10])
[DEBUG] Targets shape: torch.Size([4096, 1])
[DEBUG] Predictions shape: torch.Size([4096, 10])
[DEBUG] Targets shape: torch.Size([4096, 1])
[DEBUG] Predictions shape: torch.Size([4096, 10])
[DEBUG] Targets shape: torch.Size([4096, 1])
[DEBUG] Predictions shape: torch.Size([4096, 10])
[DEBUG] Targets shape: torch.Size([4096, 1])
[DEBUG] Predictions shape: torch.Size([1456, 10])
[DEBUG] Targets shape: torch.Size([1456, 1])
[DEBUG] Writing to CSV - Epoch: 94, Train MSE: 0.38449105332641303, Test MSE: 3.607362703084213, Train Acc: 9.986758944537723, Test Acc: 10.517824216349108
[DEBUG] Predictions shape: torch.Size([4096, 10])
[DEBUG] Targets shape: torch.Size([4096, 1])
[DEBUG] Predictions shape: torch.Size([4096, 10])
[DEBUG] Targets shape: torch.Size([4096, 1])
[DEBUG] Predictions shape: torch.Size([4096, 10])
[DEBUG] Targets shape: torch.Size([4096, 1])
[DEBUG] Predictions shape: torch.Size([4096, 10])
[DEBUG] Targets shape: torch.Size([4096, 1])
[DEBUG] Predictions shape: torch.Size([4096, 10])
[DEBUG] Targets shape: torch.Size([4096, 1])
[DEBUG] Predictions shape: torch.Size([4096, 10])
[DEBUG] Targets shape: torch.Size([4096, 1])
[DEBUG] Predictions shape: torch.Size([4096, 10])
[DEBUG] Targets shape: torch.Size([4096, 1])
[DEBUG] Predictions shape: torch.Size([4096, 10])
[DEBUG] Targets shape: torch.Size([4096, 1])
[DEBUG] Predictions shape: torch.Size([4096, 10])
[DEBUG] Targets shape: torch.Size([4096, 1])
[DEBUG] Predictions shape: torch.Size([4096, 10])
[DEBUG] Targets shape: torch.Size([4096, 1])
[DEBUG] Predictions shape: torch.Size([4096, 10])
[DEBUG] Targets shape: torch.Size([4096, 1])
[DEBUG] Predictions shape: torch.Size([4096, 10])
[DEBUG] Targets shape: torch.Size([4096, 1])
[DEBUG] Predictions shape: torch.Size([4096, 10])
[DEBUG] Targets shape: torch.Size([4096, 1])
[DEBUG] Predictions shape: torch.Size([4096, 10])
[DEBUG] Targets shape: torch.Size([4096, 1])
[DEBUG] Predictions shape: torch.Size([4096, 10])
[DEBUG] Targets shape: torch.Size([4096, 1])
[DEBUG] Predictions shape: torch.Size([4096, 10])
[DEBUG] Targets shape: torch.Size([4096, 1])
[DEBUG] Predictions shape: torch.Size([4096, 10])
[DEBUG] Targets shape: torch.Size([4096, 1])
[DEBUG] Predictions shape: torch.Size([3625, 10])
[DEBUG] Targets shape: torch.Size([3625, 1])
[DEBUG] Predictions shape: torch.Size([4096, 10])
[DEBUG] Targets shape: torch.Size([4096, 1])
[DEBUG] Predictions shape: torch.Size([4096, 10])
[DEBUG] Targets shape: torch.Size([4096, 1])
[DEBUG] Predictions shape: torch.Size([4096, 10])
[DEBUG] Targets shape: torch.Size([4096, 1])
[DEBUG] Predictions shape: torch.Size([4096, 10])
[DEBUG] Targets shape: torch.Size([4096, 1])
[DEBUG] Predictions shape: torch.Size([4096, 10])
[DEBUG] Targets shape: torch.Size([4096, 1])
[DEBUG] Predictions shape: torch.Size([4096, 10])
[DEBUG] Targets shape: torch.Size([4096, 1])
[DEBUG] Predictions shape: torch.Size([1456, 10])
[DEBUG] Targets shape: torch.Size([1456, 1])
[DEBUG] Writing to CSV - Epoch: 95, Train MSE: 0.5093473422774171, Test MSE: 3.7012168568339754, Train Acc: 9.619558540480773, Test Acc: 9.722649047326367
[DEBUG] Predictions shape: torch.Size([4096, 10])
[DEBUG] Targets shape: torch.Size([4096, 1])
[DEBUG] Predictions shape: torch.Size([4096, 10])
[DEBUG] Targets shape: torch.Size([4096, 1])
[DEBUG] Predictions shape: torch.Size([4096, 10])
[DEBUG] Targets shape: torch.Size([4096, 1])
[DEBUG] Predictions shape: torch.Size([4096, 10])
[DEBUG] Targets shape: torch.Size([4096, 1])
[DEBUG] Predictions shape: torch.Size([4096, 10])
[DEBUG] Targets shape: torch.Size([4096, 1])
[DEBUG] Predictions shape: torch.Size([4096, 10])
[DEBUG] Targets shape: torch.Size([4096, 1])
[DEBUG] Predictions shape: torch.Size([4096, 10])
[DEBUG] Targets shape: torch.Size([4096, 1])
[DEBUG] Predictions shape: torch.Size([4096, 10])
[DEBUG] Targets shape: torch.Size([4096, 1])
[DEBUG] Predictions shape: torch.Size([4096, 10])
[DEBUG] Targets shape: torch.Size([4096, 1])
[DEBUG] Predictions shape: torch.Size([4096, 10])
[DEBUG] Targets shape: torch.Size([4096, 1])
[DEBUG] Predictions shape: torch.Size([4096, 10])
[DEBUG] Targets shape: torch.Size([4096, 1])
[DEBUG] Predictions shape: torch.Size([4096, 10])
[DEBUG] Targets shape: torch.Size([4096, 1])
[DEBUG] Predictions shape: torch.Size([4096, 10])
[DEBUG] Targets shape: torch.Size([4096, 1])
[DEBUG] Predictions shape: torch.Size([4096, 10])
[DEBUG] Targets shape: torch.Size([4096, 1])
[DEBUG] Predictions shape: torch.Size([4096, 10])
[DEBUG] Targets shape: torch.Size([4096, 1])
[DEBUG] Predictions shape: torch.Size([4096, 10])
[DEBUG] Targets shape: torch.Size([4096, 1])
[DEBUG] Predictions shape: torch.Size([4096, 10])
[DEBUG] Targets shape: torch.Size([4096, 1])
[DEBUG] Predictions shape: torch.Size([3625, 10])
[DEBUG] Targets shape: torch.Size([3625, 1])
[DEBUG] Predictions shape: torch.Size([4096, 10])
[DEBUG] Targets shape: torch.Size([4096, 1])
[DEBUG] Predictions shape: torch.Size([4096, 10])
[DEBUG] Targets shape: torch.Size([4096, 1])
[DEBUG] Predictions shape: torch.Size([4096, 10])
[DEBUG] Targets shape: torch.Size([4096, 1])
[DEBUG] Predictions shape: torch.Size([4096, 10])
[DEBUG] Targets shape: torch.Size([4096, 1])
[DEBUG] Predictions shape: torch.Size([4096, 10])
[DEBUG] Targets shape: torch.Size([4096, 1])
[DEBUG] Predictions shape: torch.Size([4096, 10])
[DEBUG] Targets shape: torch.Size([4096, 1])
[DEBUG] Predictions shape: torch.Size([1456, 10])
[DEBUG] Targets shape: torch.Size([1456, 1])
[DEBUG] Writing to CSV - Epoch: 96, Train MSE: 0.5338469376737428, Test MSE: 4.006417288982436, Train Acc: 9.622288655009077, Test Acc: 9.419176398279042
[DEBUG] Predictions shape: torch.Size([4096, 10])
[DEBUG] Targets shape: torch.Size([4096, 1])
[DEBUG] Predictions shape: torch.Size([4096, 10])
[DEBUG] Targets shape: torch.Size([4096, 1])
[DEBUG] Predictions shape: torch.Size([4096, 10])
[DEBUG] Targets shape: torch.Size([4096, 1])
[DEBUG] Predictions shape: torch.Size([4096, 10])
[DEBUG] Targets shape: torch.Size([4096, 1])
[DEBUG] Predictions shape: torch.Size([4096, 10])
[DEBUG] Targets shape: torch.Size([4096, 1])
[DEBUG] Predictions shape: torch.Size([4096, 10])
[DEBUG] Targets shape: torch.Size([4096, 1])
[DEBUG] Predictions shape: torch.Size([4096, 10])
[DEBUG] Targets shape: torch.Size([4096, 1])
[DEBUG] Predictions shape: torch.Size([4096, 10])
[DEBUG] Targets shape: torch.Size([4096, 1])
[DEBUG] Predictions shape: torch.Size([4096, 10])
[DEBUG] Targets shape: torch.Size([4096, 1])
[DEBUG] Predictions shape: torch.Size([4096, 10])
[DEBUG] Targets shape: torch.Size([4096, 1])
[DEBUG] Predictions shape: torch.Size([4096, 10])
[DEBUG] Targets shape: torch.Size([4096, 1])
[DEBUG] Predictions shape: torch.Size([4096, 10])
[DEBUG] Targets shape: torch.Size([4096, 1])
[DEBUG] Predictions shape: torch.Size([4096, 10])
[DEBUG] Targets shape: torch.Size([4096, 1])
[DEBUG] Predictions shape: torch.Size([4096, 10])
[DEBUG] Targets shape: torch.Size([4096, 1])
[DEBUG] Predictions shape: torch.Size([4096, 10])
[DEBUG] Targets shape: torch.Size([4096, 1])
[DEBUG] Predictions shape: torch.Size([4096, 10])
[DEBUG] Targets shape: torch.Size([4096, 1])
[DEBUG] Predictions shape: torch.Size([4096, 10])
[DEBUG] Targets shape: torch.Size([4096, 1])
[DEBUG] Predictions shape: torch.Size([3625, 10])
[DEBUG] Targets shape: torch.Size([3625, 1])
[DEBUG] Predictions shape: torch.Size([4096, 10])
[DEBUG] Targets shape: torch.Size([4096, 1])
[DEBUG] Predictions shape: torch.Size([4096, 10])
[DEBUG] Targets shape: torch.Size([4096, 1])
[DEBUG] Predictions shape: torch.Size([4096, 10])
[DEBUG] Targets shape: torch.Size([4096, 1])
[DEBUG] Predictions shape: torch.Size([4096, 10])
[DEBUG] Targets shape: torch.Size([4096, 1])
[DEBUG] Predictions shape: torch.Size([4096, 10])
[DEBUG] Targets shape: torch.Size([4096, 1])
[DEBUG] Predictions shape: torch.Size([4096, 10])
[DEBUG] Targets shape: torch.Size([4096, 1])
[DEBUG] Predictions shape: torch.Size([1456, 10])
[DEBUG] Targets shape: torch.Size([1456, 1])
[DEBUG] Writing to CSV - Epoch: 97, Train MSE: 0.3190348626008134, Test MSE: 3.578914249756619, Train Acc: 10.000409517179246, Test Acc: 10.391057160417947
[DEBUG] Predictions shape: torch.Size([4096, 10])
[DEBUG] Targets shape: torch.Size([4096, 1])
[DEBUG] Predictions shape: torch.Size([4096, 10])
[DEBUG] Targets shape: torch.Size([4096, 1])
[DEBUG] Predictions shape: torch.Size([4096, 10])
[DEBUG] Targets shape: torch.Size([4096, 1])
[DEBUG] Predictions shape: torch.Size([4096, 10])
[DEBUG] Targets shape: torch.Size([4096, 1])
[DEBUG] Predictions shape: torch.Size([4096, 10])
[DEBUG] Targets shape: torch.Size([4096, 1])
[DEBUG] Predictions shape: torch.Size([4096, 10])
[DEBUG] Targets shape: torch.Size([4096, 1])
[DEBUG] Predictions shape: torch.Size([4096, 10])
[DEBUG] Targets shape: torch.Size([4096, 1])
[DEBUG] Predictions shape: torch.Size([4096, 10])
[DEBUG] Targets shape: torch.Size([4096, 1])
[DEBUG] Predictions shape: torch.Size([4096, 10])
[DEBUG] Targets shape: torch.Size([4096, 1])
[DEBUG] Predictions shape: torch.Size([4096, 10])
[DEBUG] Targets shape: torch.Size([4096, 1])
[DEBUG] Predictions shape: torch.Size([4096, 10])
[DEBUG] Targets shape: torch.Size([4096, 1])
[DEBUG] Predictions shape: torch.Size([4096, 10])
[DEBUG] Targets shape: torch.Size([4096, 1])
[DEBUG] Predictions shape: torch.Size([4096, 10])
[DEBUG] Targets shape: torch.Size([4096, 1])
[DEBUG] Predictions shape: torch.Size([4096, 10])
[DEBUG] Targets shape: torch.Size([4096, 1])
[DEBUG] Predictions shape: torch.Size([4096, 10])
[DEBUG] Targets shape: torch.Size([4096, 1])
[DEBUG] Predictions shape: torch.Size([4096, 10])
[DEBUG] Targets shape: torch.Size([4096, 1])
[DEBUG] Predictions shape: torch.Size([4096, 10])
[DEBUG] Targets shape: torch.Size([4096, 1])
[DEBUG] Predictions shape: torch.Size([3625, 10])
[DEBUG] Targets shape: torch.Size([3625, 1])
[DEBUG] Predictions shape: torch.Size([4096, 10])
[DEBUG] Targets shape: torch.Size([4096, 1])
[DEBUG] Predictions shape: torch.Size([4096, 10])
[DEBUG] Targets shape: torch.Size([4096, 1])
[DEBUG] Predictions shape: torch.Size([4096, 10])
[DEBUG] Targets shape: torch.Size([4096, 1])
[DEBUG] Predictions shape: torch.Size([4096, 10])
[DEBUG] Targets shape: torch.Size([4096, 1])
[DEBUG] Predictions shape: torch.Size([4096, 10])
[DEBUG] Targets shape: torch.Size([4096, 1])
[DEBUG] Predictions shape: torch.Size([4096, 10])
[DEBUG] Targets shape: torch.Size([4096, 1])
[DEBUG] Predictions shape: torch.Size([1456, 10])
[DEBUG] Targets shape: torch.Size([1456, 1])
[DEBUG] Writing to CSV - Epoch: 98, Train MSE: 0.3038279764203808, Test MSE: 3.5828764892899336, Train Acc: 9.766984725009214, Test Acc: 10.049170251997541
[DEBUG] Predictions shape: torch.Size([4096, 10])
[DEBUG] Targets shape: torch.Size([4096, 1])
[DEBUG] Predictions shape: torch.Size([4096, 10])
[DEBUG] Targets shape: torch.Size([4096, 1])
[DEBUG] Predictions shape: torch.Size([4096, 10])
[DEBUG] Targets shape: torch.Size([4096, 1])
[DEBUG] Predictions shape: torch.Size([4096, 10])
[DEBUG] Targets shape: torch.Size([4096, 1])
[DEBUG] Predictions shape: torch.Size([4096, 10])
[DEBUG] Targets shape: torch.Size([4096, 1])
[DEBUG] Predictions shape: torch.Size([4096, 10])
[DEBUG] Targets shape: torch.Size([4096, 1])
[DEBUG] Predictions shape: torch.Size([4096, 10])
[DEBUG] Targets shape: torch.Size([4096, 1])
[DEBUG] Predictions shape: torch.Size([4096, 10])
[DEBUG] Targets shape: torch.Size([4096, 1])
[DEBUG] Predictions shape: torch.Size([4096, 10])
[DEBUG] Targets shape: torch.Size([4096, 1])
[DEBUG] Predictions shape: torch.Size([4096, 10])
[DEBUG] Targets shape: torch.Size([4096, 1])
[DEBUG] Predictions shape: torch.Size([4096, 10])
[DEBUG] Targets shape: torch.Size([4096, 1])
[DEBUG] Predictions shape: torch.Size([4096, 10])
[DEBUG] Targets shape: torch.Size([4096, 1])
[DEBUG] Predictions shape: torch.Size([4096, 10])
[DEBUG] Targets shape: torch.Size([4096, 1])
[DEBUG] Predictions shape: torch.Size([4096, 10])
[DEBUG] Targets shape: torch.Size([4096, 1])
[DEBUG] Predictions shape: torch.Size([4096, 10])
[DEBUG] Targets shape: torch.Size([4096, 1])
[DEBUG] Predictions shape: torch.Size([4096, 10])
[DEBUG] Targets shape: torch.Size([4096, 1])
[DEBUG] Predictions shape: torch.Size([4096, 10])
[DEBUG] Targets shape: torch.Size([4096, 1])
[DEBUG] Predictions shape: torch.Size([3625, 10])
[DEBUG] Targets shape: torch.Size([3625, 1])
[DEBUG] Predictions shape: torch.Size([4096, 10])
[DEBUG] Targets shape: torch.Size([4096, 1])
[DEBUG] Predictions shape: torch.Size([4096, 10])
[DEBUG] Targets shape: torch.Size([4096, 1])
[DEBUG] Predictions shape: torch.Size([4096, 10])
[DEBUG] Targets shape: torch.Size([4096, 1])
[DEBUG] Predictions shape: torch.Size([4096, 10])
[DEBUG] Targets shape: torch.Size([4096, 1])
[DEBUG] Predictions shape: torch.Size([4096, 10])
[DEBUG] Targets shape: torch.Size([4096, 1])
[DEBUG] Predictions shape: torch.Size([4096, 10])
[DEBUG] Targets shape: torch.Size([4096, 1])
[DEBUG] Predictions shape: torch.Size([1456, 10])
[DEBUG] Targets shape: torch.Size([1456, 1])
[DEBUG] Writing to CSV - Epoch: 99, Train MSE: 0.45268654815695714, Test MSE: 3.7696777739697755, Train Acc: 10.43722784170796, Test Acc: 11.174708051628764
[DEBUG] Predictions shape: torch.Size([4096, 10])
[DEBUG] Targets shape: torch.Size([4096, 1])
[DEBUG] Predictions shape: torch.Size([4096, 10])
[DEBUG] Targets shape: torch.Size([4096, 1])
[DEBUG] Predictions shape: torch.Size([4096, 10])
[DEBUG] Targets shape: torch.Size([4096, 1])
[DEBUG] Predictions shape: torch.Size([4096, 10])
[DEBUG] Targets shape: torch.Size([4096, 1])
[DEBUG] Predictions shape: torch.Size([4096, 10])
[DEBUG] Targets shape: torch.Size([4096, 1])
[DEBUG] Predictions shape: torch.Size([4096, 10])
[DEBUG] Targets shape: torch.Size([4096, 1])
[DEBUG] Predictions shape: torch.Size([4096, 10])
[DEBUG] Targets shape: torch.Size([4096, 1])
[DEBUG] Predictions shape: torch.Size([4096, 10])
[DEBUG] Targets shape: torch.Size([4096, 1])
[DEBUG] Predictions shape: torch.Size([4096, 10])
[DEBUG] Targets shape: torch.Size([4096, 1])
[DEBUG] Predictions shape: torch.Size([4096, 10])
[DEBUG] Targets shape: torch.Size([4096, 1])
[DEBUG] Predictions shape: torch.Size([4096, 10])
[DEBUG] Targets shape: torch.Size([4096, 1])
[DEBUG] Predictions shape: torch.Size([4096, 10])
[DEBUG] Targets shape: torch.Size([4096, 1])
[DEBUG] Predictions shape: torch.Size([4096, 10])
[DEBUG] Targets shape: torch.Size([4096, 1])
[DEBUG] Predictions shape: torch.Size([4096, 10])
[DEBUG] Targets shape: torch.Size([4096, 1])
[DEBUG] Predictions shape: torch.Size([4096, 10])
[DEBUG] Targets shape: torch.Size([4096, 1])
[DEBUG] Predictions shape: torch.Size([4096, 10])
[DEBUG] Targets shape: torch.Size([4096, 1])
[DEBUG] Predictions shape: torch.Size([4096, 10])
[DEBUG] Targets shape: torch.Size([4096, 1])
[DEBUG] Predictions shape: torch.Size([3625, 10])
[DEBUG] Targets shape: torch.Size([3625, 1])
[DEBUG] Predictions shape: torch.Size([4096, 10])
[DEBUG] Targets shape: torch.Size([4096, 1])
[DEBUG] Predictions shape: torch.Size([4096, 10])
[DEBUG] Targets shape: torch.Size([4096, 1])
[DEBUG] Predictions shape: torch.Size([4096, 10])
[DEBUG] Targets shape: torch.Size([4096, 1])
[DEBUG] Predictions shape: torch.Size([4096, 10])
[DEBUG] Targets shape: torch.Size([4096, 1])
[DEBUG] Predictions shape: torch.Size([4096, 10])
[DEBUG] Targets shape: torch.Size([4096, 1])
[DEBUG] Predictions shape: torch.Size([4096, 10])
[DEBUG] Targets shape: torch.Size([4096, 1])
[DEBUG] Predictions shape: torch.Size([1456, 10])
[DEBUG] Targets shape: torch.Size([1456, 1])
[DEBUG] Writing to CSV - Epoch: 100, Train MSE: 0.42788236263811874, Test MSE: 3.6481931140690986, Train Acc: 10.203803049537928, Test Acc: 10.25660725261217
[Epoch 100] train_mse=0.427882  test_mse=3.648193
[DEBUG] Predictions shape: torch.Size([4096, 10])
[DEBUG] Targets shape: torch.Size([4096, 1])
[DEBUG] Predictions shape: torch.Size([4096, 10])
[DEBUG] Targets shape: torch.Size([4096, 1])
[DEBUG] Predictions shape: torch.Size([4096, 10])
[DEBUG] Targets shape: torch.Size([4096, 1])
[DEBUG] Predictions shape: torch.Size([4096, 10])
[DEBUG] Targets shape: torch.Size([4096, 1])
[DEBUG] Predictions shape: torch.Size([4096, 10])
[DEBUG] Targets shape: torch.Size([4096, 1])
[DEBUG] Predictions shape: torch.Size([4096, 10])
[DEBUG] Targets shape: torch.Size([4096, 1])
[DEBUG] Predictions shape: torch.Size([4096, 10])
[DEBUG] Targets shape: torch.Size([4096, 1])
[DEBUG] Predictions shape: torch.Size([4096, 10])
[DEBUG] Targets shape: torch.Size([4096, 1])
[DEBUG] Predictions shape: torch.Size([4096, 10])
[DEBUG] Targets shape: torch.Size([4096, 1])
[DEBUG] Predictions shape: torch.Size([4096, 10])
[DEBUG] Targets shape: torch.Size([4096, 1])
[DEBUG] Predictions shape: torch.Size([4096, 10])
[DEBUG] Targets shape: torch.Size([4096, 1])
[DEBUG] Predictions shape: torch.Size([4096, 10])
[DEBUG] Targets shape: torch.Size([4096, 1])
[DEBUG] Predictions shape: torch.Size([4096, 10])
[DEBUG] Targets shape: torch.Size([4096, 1])
[DEBUG] Predictions shape: torch.Size([4096, 10])
[DEBUG] Targets shape: torch.Size([4096, 1])
[DEBUG] Predictions shape: torch.Size([4096, 10])
[DEBUG] Targets shape: torch.Size([4096, 1])
[DEBUG] Predictions shape: torch.Size([4096, 10])
[DEBUG] Targets shape: torch.Size([4096, 1])
[DEBUG] Predictions shape: torch.Size([4096, 10])
[DEBUG] Targets shape: torch.Size([4096, 1])
[DEBUG] Predictions shape: torch.Size([3625, 10])
[DEBUG] Targets shape: torch.Size([3625, 1])
[DEBUG] Predictions shape: torch.Size([4096, 10])
[DEBUG] Targets shape: torch.Size([4096, 1])
[DEBUG] Predictions shape: torch.Size([4096, 10])
[DEBUG] Targets shape: torch.Size([4096, 1])
[DEBUG] Predictions shape: torch.Size([4096, 10])
[DEBUG] Targets shape: torch.Size([4096, 1])
[DEBUG] Predictions shape: torch.Size([4096, 10])
[DEBUG] Targets shape: torch.Size([4096, 1])
[DEBUG] Predictions shape: torch.Size([4096, 10])
[DEBUG] Targets shape: torch.Size([4096, 1])
[DEBUG] Predictions shape: torch.Size([4096, 10])
[DEBUG] Targets shape: torch.Size([4096, 1])
[DEBUG] Predictions shape: torch.Size([1456, 10])
[DEBUG] Targets shape: torch.Size([1456, 1])
[DEBUG] Writing to CSV - Epoch: 101, Train MSE: 0.44496885687061954, Test MSE: 3.7761249250624176, Train Acc: 9.448926382461744, Test Acc: 9.657344806392132
[DEBUG] Predictions shape: torch.Size([4096, 10])
[DEBUG] Targets shape: torch.Size([4096, 1])
[DEBUG] Predictions shape: torch.Size([4096, 10])
[DEBUG] Targets shape: torch.Size([4096, 1])
[DEBUG] Predictions shape: torch.Size([4096, 10])
[DEBUG] Targets shape: torch.Size([4096, 1])
[DEBUG] Predictions shape: torch.Size([4096, 10])
[DEBUG] Targets shape: torch.Size([4096, 1])
[DEBUG] Predictions shape: torch.Size([4096, 10])
[DEBUG] Targets shape: torch.Size([4096, 1])
[DEBUG] Predictions shape: torch.Size([4096, 10])
[DEBUG] Targets shape: torch.Size([4096, 1])
[DEBUG] Predictions shape: torch.Size([4096, 10])
[DEBUG] Targets shape: torch.Size([4096, 1])
[DEBUG] Predictions shape: torch.Size([4096, 10])
[DEBUG] Targets shape: torch.Size([4096, 1])
[DEBUG] Predictions shape: torch.Size([4096, 10])
[DEBUG] Targets shape: torch.Size([4096, 1])
[DEBUG] Predictions shape: torch.Size([4096, 10])
[DEBUG] Targets shape: torch.Size([4096, 1])
[DEBUG] Predictions shape: torch.Size([4096, 10])
[DEBUG] Targets shape: torch.Size([4096, 1])
[DEBUG] Predictions shape: torch.Size([4096, 10])
[DEBUG] Targets shape: torch.Size([4096, 1])
[DEBUG] Predictions shape: torch.Size([4096, 10])
[DEBUG] Targets shape: torch.Size([4096, 1])
[DEBUG] Predictions shape: torch.Size([4096, 10])
[DEBUG] Targets shape: torch.Size([4096, 1])
[DEBUG] Predictions shape: torch.Size([4096, 10])
[DEBUG] Targets shape: torch.Size([4096, 1])
[DEBUG] Predictions shape: torch.Size([4096, 10])
[DEBUG] Targets shape: torch.Size([4096, 1])
[DEBUG] Predictions shape: torch.Size([4096, 10])
[DEBUG] Targets shape: torch.Size([4096, 1])
[DEBUG] Predictions shape: torch.Size([3625, 10])
[DEBUG] Targets shape: torch.Size([3625, 1])
[DEBUG] Predictions shape: torch.Size([4096, 10])
[DEBUG] Targets shape: torch.Size([4096, 1])
[DEBUG] Predictions shape: torch.Size([4096, 10])
[DEBUG] Targets shape: torch.Size([4096, 1])
[DEBUG] Predictions shape: torch.Size([4096, 10])
[DEBUG] Targets shape: torch.Size([4096, 1])
[DEBUG] Predictions shape: torch.Size([4096, 10])
[DEBUG] Targets shape: torch.Size([4096, 1])
[DEBUG] Predictions shape: torch.Size([4096, 10])
[DEBUG] Targets shape: torch.Size([4096, 1])
[DEBUG] Predictions shape: torch.Size([4096, 10])
[DEBUG] Targets shape: torch.Size([4096, 1])
[DEBUG] Predictions shape: torch.Size([1456, 10])
[DEBUG] Targets shape: torch.Size([1456, 1])
[DEBUG] Writing to CSV - Epoch: 102, Train MSE: 0.27056615302217635, Test MSE: 3.604083190318918, Train Acc: 10.095963525669902, Test Acc: 9.956976029502151
[DEBUG] Predictions shape: torch.Size([4096, 10])
[DEBUG] Targets shape: torch.Size([4096, 1])
[DEBUG] Predictions shape: torch.Size([4096, 10])
[DEBUG] Targets shape: torch.Size([4096, 1])
[DEBUG] Predictions shape: torch.Size([4096, 10])
[DEBUG] Targets shape: torch.Size([4096, 1])
[DEBUG] Predictions shape: torch.Size([4096, 10])
[DEBUG] Targets shape: torch.Size([4096, 1])
[DEBUG] Predictions shape: torch.Size([4096, 10])
[DEBUG] Targets shape: torch.Size([4096, 1])
[DEBUG] Predictions shape: torch.Size([4096, 10])
[DEBUG] Targets shape: torch.Size([4096, 1])
[DEBUG] Predictions shape: torch.Size([4096, 10])
[DEBUG] Targets shape: torch.Size([4096, 1])
[DEBUG] Predictions shape: torch.Size([4096, 10])
[DEBUG] Targets shape: torch.Size([4096, 1])
[DEBUG] Predictions shape: torch.Size([4096, 10])
[DEBUG] Targets shape: torch.Size([4096, 1])
[DEBUG] Predictions shape: torch.Size([4096, 10])
[DEBUG] Targets shape: torch.Size([4096, 1])
[DEBUG] Predictions shape: torch.Size([4096, 10])
[DEBUG] Targets shape: torch.Size([4096, 1])
[DEBUG] Predictions shape: torch.Size([4096, 10])
[DEBUG] Targets shape: torch.Size([4096, 1])
[DEBUG] Predictions shape: torch.Size([4096, 10])
[DEBUG] Targets shape: torch.Size([4096, 1])
[DEBUG] Predictions shape: torch.Size([4096, 10])
[DEBUG] Targets shape: torch.Size([4096, 1])
[DEBUG] Predictions shape: torch.Size([4096, 10])
[DEBUG] Targets shape: torch.Size([4096, 1])
[DEBUG] Predictions shape: torch.Size([4096, 10])
[DEBUG] Targets shape: torch.Size([4096, 1])
[DEBUG] Predictions shape: torch.Size([4096, 10])
[DEBUG] Targets shape: torch.Size([4096, 1])
[DEBUG] Predictions shape: torch.Size([3625, 10])
[DEBUG] Targets shape: torch.Size([3625, 1])
[DEBUG] Predictions shape: torch.Size([4096, 10])
[DEBUG] Targets shape: torch.Size([4096, 1])
[DEBUG] Predictions shape: torch.Size([4096, 10])
[DEBUG] Targets shape: torch.Size([4096, 1])
[DEBUG] Predictions shape: torch.Size([4096, 10])
[DEBUG] Targets shape: torch.Size([4096, 1])
[DEBUG] Predictions shape: torch.Size([4096, 10])
[DEBUG] Targets shape: torch.Size([4096, 1])
[DEBUG] Predictions shape: torch.Size([4096, 10])
[DEBUG] Targets shape: torch.Size([4096, 1])
[DEBUG] Predictions shape: torch.Size([4096, 10])
[DEBUG] Targets shape: torch.Size([4096, 1])
[DEBUG] Predictions shape: torch.Size([1456, 10])
[DEBUG] Targets shape: torch.Size([1456, 1])
[DEBUG] Writing to CSV - Epoch: 103, Train MSE: 0.3782480468405929, Test MSE: 3.553595803453648, Train Acc: 10.090503296613292, Test Acc: 10.932698217578364
[DEBUG] Predictions shape: torch.Size([4096, 10])
[DEBUG] Targets shape: torch.Size([4096, 1])
[DEBUG] Predictions shape: torch.Size([4096, 10])
[DEBUG] Targets shape: torch.Size([4096, 1])
[DEBUG] Predictions shape: torch.Size([4096, 10])
[DEBUG] Targets shape: torch.Size([4096, 1])
[DEBUG] Predictions shape: torch.Size([4096, 10])
[DEBUG] Targets shape: torch.Size([4096, 1])
[DEBUG] Predictions shape: torch.Size([4096, 10])
[DEBUG] Targets shape: torch.Size([4096, 1])
[DEBUG] Predictions shape: torch.Size([4096, 10])
[DEBUG] Targets shape: torch.Size([4096, 1])
[DEBUG] Predictions shape: torch.Size([4096, 10])
[DEBUG] Targets shape: torch.Size([4096, 1])
[DEBUG] Predictions shape: torch.Size([4096, 10])
[DEBUG] Targets shape: torch.Size([4096, 1])
[DEBUG] Predictions shape: torch.Size([4096, 10])
[DEBUG] Targets shape: torch.Size([4096, 1])
[DEBUG] Predictions shape: torch.Size([4096, 10])
[DEBUG] Targets shape: torch.Size([4096, 1])
[DEBUG] Predictions shape: torch.Size([4096, 10])
[DEBUG] Targets shape: torch.Size([4096, 1])
[DEBUG] Predictions shape: torch.Size([4096, 10])
[DEBUG] Targets shape: torch.Size([4096, 1])
[DEBUG] Predictions shape: torch.Size([4096, 10])
[DEBUG] Targets shape: torch.Size([4096, 1])
[DEBUG] Predictions shape: torch.Size([4096, 10])
[DEBUG] Targets shape: torch.Size([4096, 1])
[DEBUG] Predictions shape: torch.Size([4096, 10])
[DEBUG] Targets shape: torch.Size([4096, 1])
[DEBUG] Predictions shape: torch.Size([4096, 10])
[DEBUG] Targets shape: torch.Size([4096, 1])
[DEBUG] Predictions shape: torch.Size([4096, 10])
[DEBUG] Targets shape: torch.Size([4096, 1])
[DEBUG] Predictions shape: torch.Size([3625, 10])
[DEBUG] Targets shape: torch.Size([3625, 1])
[DEBUG] Predictions shape: torch.Size([4096, 10])
[DEBUG] Targets shape: torch.Size([4096, 1])
[DEBUG] Predictions shape: torch.Size([4096, 10])
[DEBUG] Targets shape: torch.Size([4096, 1])
[DEBUG] Predictions shape: torch.Size([4096, 10])
[DEBUG] Targets shape: torch.Size([4096, 1])
[DEBUG] Predictions shape: torch.Size([4096, 10])
[DEBUG] Targets shape: torch.Size([4096, 1])
[DEBUG] Predictions shape: torch.Size([4096, 10])
[DEBUG] Targets shape: torch.Size([4096, 1])
[DEBUG] Predictions shape: torch.Size([4096, 10])
[DEBUG] Targets shape: torch.Size([4096, 1])
[DEBUG] Predictions shape: torch.Size([1456, 10])
[DEBUG] Targets shape: torch.Size([1456, 1])
[DEBUG] Writing to CSV - Epoch: 104, Train MSE: 0.4613570077730872, Test MSE: 3.559286695942237, Train Acc: 9.706922205386515, Test Acc: 10.01459741856177
[DEBUG] Predictions shape: torch.Size([4096, 10])
[DEBUG] Targets shape: torch.Size([4096, 1])
[DEBUG] Predictions shape: torch.Size([4096, 10])
[DEBUG] Targets shape: torch.Size([4096, 1])
[DEBUG] Predictions shape: torch.Size([4096, 10])
[DEBUG] Targets shape: torch.Size([4096, 1])
[DEBUG] Predictions shape: torch.Size([4096, 10])
[DEBUG] Targets shape: torch.Size([4096, 1])
[DEBUG] Predictions shape: torch.Size([4096, 10])
[DEBUG] Targets shape: torch.Size([4096, 1])
[DEBUG] Predictions shape: torch.Size([4096, 10])
[DEBUG] Targets shape: torch.Size([4096, 1])
[DEBUG] Predictions shape: torch.Size([4096, 10])
[DEBUG] Targets shape: torch.Size([4096, 1])
[DEBUG] Predictions shape: torch.Size([4096, 10])
[DEBUG] Targets shape: torch.Size([4096, 1])
[DEBUG] Predictions shape: torch.Size([4096, 10])
[DEBUG] Targets shape: torch.Size([4096, 1])
[DEBUG] Predictions shape: torch.Size([4096, 10])
[DEBUG] Targets shape: torch.Size([4096, 1])
[DEBUG] Predictions shape: torch.Size([4096, 10])
[DEBUG] Targets shape: torch.Size([4096, 1])
[DEBUG] Predictions shape: torch.Size([4096, 10])
[DEBUG] Targets shape: torch.Size([4096, 1])
[DEBUG] Predictions shape: torch.Size([4096, 10])
[DEBUG] Targets shape: torch.Size([4096, 1])
[DEBUG] Predictions shape: torch.Size([4096, 10])
[DEBUG] Targets shape: torch.Size([4096, 1])
[DEBUG] Predictions shape: torch.Size([4096, 10])
[DEBUG] Targets shape: torch.Size([4096, 1])
[DEBUG] Predictions shape: torch.Size([4096, 10])
[DEBUG] Targets shape: torch.Size([4096, 1])
[DEBUG] Predictions shape: torch.Size([4096, 10])
[DEBUG] Targets shape: torch.Size([4096, 1])
[DEBUG] Predictions shape: torch.Size([3625, 10])
[DEBUG] Targets shape: torch.Size([3625, 1])
[DEBUG] Predictions shape: torch.Size([4096, 10])
[DEBUG] Targets shape: torch.Size([4096, 1])
[DEBUG] Predictions shape: torch.Size([4096, 10])
[DEBUG] Targets shape: torch.Size([4096, 1])
[DEBUG] Predictions shape: torch.Size([4096, 10])
[DEBUG] Targets shape: torch.Size([4096, 1])
[DEBUG] Predictions shape: torch.Size([4096, 10])
[DEBUG] Targets shape: torch.Size([4096, 1])
[DEBUG] Predictions shape: torch.Size([4096, 10])
[DEBUG] Targets shape: torch.Size([4096, 1])
[DEBUG] Predictions shape: torch.Size([4096, 10])
[DEBUG] Targets shape: torch.Size([4096, 1])
[DEBUG] Predictions shape: torch.Size([1456, 10])
[DEBUG] Targets shape: torch.Size([1456, 1])
[DEBUG] Writing to CSV - Epoch: 105, Train MSE: 0.27843476451273014, Test MSE: 3.56253547864819, Train Acc: 10.270690855481387, Test Acc: 10.464044253226797
[DEBUG] Predictions shape: torch.Size([4096, 10])
[DEBUG] Targets shape: torch.Size([4096, 1])
[DEBUG] Predictions shape: torch.Size([4096, 10])
[DEBUG] Targets shape: torch.Size([4096, 1])
[DEBUG] Predictions shape: torch.Size([4096, 10])
[DEBUG] Targets shape: torch.Size([4096, 1])
[DEBUG] Predictions shape: torch.Size([4096, 10])
[DEBUG] Targets shape: torch.Size([4096, 1])
[DEBUG] Predictions shape: torch.Size([4096, 10])
[DEBUG] Targets shape: torch.Size([4096, 1])
[DEBUG] Predictions shape: torch.Size([4096, 10])
[DEBUG] Targets shape: torch.Size([4096, 1])
[DEBUG] Predictions shape: torch.Size([4096, 10])
[DEBUG] Targets shape: torch.Size([4096, 1])
[DEBUG] Predictions shape: torch.Size([4096, 10])
[DEBUG] Targets shape: torch.Size([4096, 1])
[DEBUG] Predictions shape: torch.Size([4096, 10])
[DEBUG] Targets shape: torch.Size([4096, 1])
[DEBUG] Predictions shape: torch.Size([4096, 10])
[DEBUG] Targets shape: torch.Size([4096, 1])
[DEBUG] Predictions shape: torch.Size([4096, 10])
[DEBUG] Targets shape: torch.Size([4096, 1])
[DEBUG] Predictions shape: torch.Size([4096, 10])
[DEBUG] Targets shape: torch.Size([4096, 1])
[DEBUG] Predictions shape: torch.Size([4096, 10])
[DEBUG] Targets shape: torch.Size([4096, 1])
[DEBUG] Predictions shape: torch.Size([4096, 10])
[DEBUG] Targets shape: torch.Size([4096, 1])
[DEBUG] Predictions shape: torch.Size([4096, 10])
[DEBUG] Targets shape: torch.Size([4096, 1])
[DEBUG] Predictions shape: torch.Size([4096, 10])
[DEBUG] Targets shape: torch.Size([4096, 1])
[DEBUG] Predictions shape: torch.Size([4096, 10])
[DEBUG] Targets shape: torch.Size([4096, 1])
[DEBUG] Predictions shape: torch.Size([3625, 10])
[DEBUG] Targets shape: torch.Size([3625, 1])
[DEBUG] Predictions shape: torch.Size([4096, 10])
[DEBUG] Targets shape: torch.Size([4096, 1])
[DEBUG] Predictions shape: torch.Size([4096, 10])
[DEBUG] Targets shape: torch.Size([4096, 1])
[DEBUG] Predictions shape: torch.Size([4096, 10])
[DEBUG] Targets shape: torch.Size([4096, 1])
[DEBUG] Predictions shape: torch.Size([4096, 10])
[DEBUG] Targets shape: torch.Size([4096, 1])
[DEBUG] Predictions shape: torch.Size([4096, 10])
[DEBUG] Targets shape: torch.Size([4096, 1])
[DEBUG] Predictions shape: torch.Size([4096, 10])
[DEBUG] Targets shape: torch.Size([4096, 1])
[DEBUG] Predictions shape: torch.Size([1456, 10])
[DEBUG] Targets shape: torch.Size([1456, 1])
[DEBUG] Writing to CSV - Epoch: 106, Train MSE: 0.47434694739220706, Test MSE: 4.093274432453701, Train Acc: 9.64822474302797, Test Acc: 10.2719729563614
[DEBUG] Predictions shape: torch.Size([4096, 10])
[DEBUG] Targets shape: torch.Size([4096, 1])
[DEBUG] Predictions shape: torch.Size([4096, 10])
[DEBUG] Targets shape: torch.Size([4096, 1])
[DEBUG] Predictions shape: torch.Size([4096, 10])
[DEBUG] Targets shape: torch.Size([4096, 1])
[DEBUG] Predictions shape: torch.Size([4096, 10])
[DEBUG] Targets shape: torch.Size([4096, 1])
[DEBUG] Predictions shape: torch.Size([4096, 10])
[DEBUG] Targets shape: torch.Size([4096, 1])
[DEBUG] Predictions shape: torch.Size([4096, 10])
[DEBUG] Targets shape: torch.Size([4096, 1])
[DEBUG] Predictions shape: torch.Size([4096, 10])
[DEBUG] Targets shape: torch.Size([4096, 1])
[DEBUG] Predictions shape: torch.Size([4096, 10])
[DEBUG] Targets shape: torch.Size([4096, 1])
[DEBUG] Predictions shape: torch.Size([4096, 10])
[DEBUG] Targets shape: torch.Size([4096, 1])
[DEBUG] Predictions shape: torch.Size([4096, 10])
[DEBUG] Targets shape: torch.Size([4096, 1])
[DEBUG] Predictions shape: torch.Size([4096, 10])
[DEBUG] Targets shape: torch.Size([4096, 1])
[DEBUG] Predictions shape: torch.Size([4096, 10])
[DEBUG] Targets shape: torch.Size([4096, 1])
[DEBUG] Predictions shape: torch.Size([4096, 10])
[DEBUG] Targets shape: torch.Size([4096, 1])
[DEBUG] Predictions shape: torch.Size([4096, 10])
[DEBUG] Targets shape: torch.Size([4096, 1])
[DEBUG] Predictions shape: torch.Size([4096, 10])
[DEBUG] Targets shape: torch.Size([4096, 1])
[DEBUG] Predictions shape: torch.Size([4096, 10])
[DEBUG] Targets shape: torch.Size([4096, 1])
[DEBUG] Predictions shape: torch.Size([4096, 10])
[DEBUG] Targets shape: torch.Size([4096, 1])
[DEBUG] Predictions shape: torch.Size([3625, 10])
[DEBUG] Targets shape: torch.Size([3625, 1])
[DEBUG] Predictions shape: torch.Size([4096, 10])
[DEBUG] Targets shape: torch.Size([4096, 1])
[DEBUG] Predictions shape: torch.Size([4096, 10])
[DEBUG] Targets shape: torch.Size([4096, 1])
[DEBUG] Predictions shape: torch.Size([4096, 10])
[DEBUG] Targets shape: torch.Size([4096, 1])
[DEBUG] Predictions shape: torch.Size([4096, 10])
[DEBUG] Targets shape: torch.Size([4096, 1])
[DEBUG] Predictions shape: torch.Size([4096, 10])
[DEBUG] Targets shape: torch.Size([4096, 1])
[DEBUG] Predictions shape: torch.Size([4096, 10])
[DEBUG] Targets shape: torch.Size([4096, 1])
[DEBUG] Predictions shape: torch.Size([1456, 10])
[DEBUG] Targets shape: torch.Size([1456, 1])
[DEBUG] Writing to CSV - Epoch: 107, Train MSE: 0.4276618081602113, Test MSE: 3.6081869562637903, Train Acc: 10.109614098311424, Test Acc: 10.42178856791641
[DEBUG] Predictions shape: torch.Size([4096, 10])
[DEBUG] Targets shape: torch.Size([4096, 1])
[DEBUG] Predictions shape: torch.Size([4096, 10])
[DEBUG] Targets shape: torch.Size([4096, 1])
[DEBUG] Predictions shape: torch.Size([4096, 10])
[DEBUG] Targets shape: torch.Size([4096, 1])
[DEBUG] Predictions shape: torch.Size([4096, 10])
[DEBUG] Targets shape: torch.Size([4096, 1])
[DEBUG] Predictions shape: torch.Size([4096, 10])
[DEBUG] Targets shape: torch.Size([4096, 1])
[DEBUG] Predictions shape: torch.Size([4096, 10])
[DEBUG] Targets shape: torch.Size([4096, 1])
[DEBUG] Predictions shape: torch.Size([4096, 10])
[DEBUG] Targets shape: torch.Size([4096, 1])
[DEBUG] Predictions shape: torch.Size([4096, 10])
[DEBUG] Targets shape: torch.Size([4096, 1])
[DEBUG] Predictions shape: torch.Size([4096, 10])
[DEBUG] Targets shape: torch.Size([4096, 1])
[DEBUG] Predictions shape: torch.Size([4096, 10])
[DEBUG] Targets shape: torch.Size([4096, 1])
[DEBUG] Predictions shape: torch.Size([4096, 10])
[DEBUG] Targets shape: torch.Size([4096, 1])
[DEBUG] Predictions shape: torch.Size([4096, 10])
[DEBUG] Targets shape: torch.Size([4096, 1])
[DEBUG] Predictions shape: torch.Size([4096, 10])
[DEBUG] Targets shape: torch.Size([4096, 1])
[DEBUG] Predictions shape: torch.Size([4096, 10])
[DEBUG] Targets shape: torch.Size([4096, 1])
[DEBUG] Predictions shape: torch.Size([4096, 10])
[DEBUG] Targets shape: torch.Size([4096, 1])
[DEBUG] Predictions shape: torch.Size([4096, 10])
[DEBUG] Targets shape: torch.Size([4096, 1])
[DEBUG] Predictions shape: torch.Size([4096, 10])
[DEBUG] Targets shape: torch.Size([4096, 1])
[DEBUG] Predictions shape: torch.Size([3625, 10])
[DEBUG] Targets shape: torch.Size([3625, 1])
[DEBUG] Predictions shape: torch.Size([4096, 10])
[DEBUG] Targets shape: torch.Size([4096, 1])
[DEBUG] Predictions shape: torch.Size([4096, 10])
[DEBUG] Targets shape: torch.Size([4096, 1])
[DEBUG] Predictions shape: torch.Size([4096, 10])
[DEBUG] Targets shape: torch.Size([4096, 1])
[DEBUG] Predictions shape: torch.Size([4096, 10])
[DEBUG] Targets shape: torch.Size([4096, 1])
[DEBUG] Predictions shape: torch.Size([4096, 10])
[DEBUG] Targets shape: torch.Size([4096, 1])
[DEBUG] Predictions shape: torch.Size([4096, 10])
[DEBUG] Targets shape: torch.Size([4096, 1])
[DEBUG] Predictions shape: torch.Size([1456, 10])
[DEBUG] Targets shape: torch.Size([1456, 1])
[DEBUG] Writing to CSV - Epoch: 108, Train MSE: 0.3445350780023548, Test MSE: 3.6671984154678374, Train Acc: 10.0645672085944, Test Acc: 10.36416717885679
[DEBUG] Predictions shape: torch.Size([4096, 10])
[DEBUG] Targets shape: torch.Size([4096, 1])
[DEBUG] Predictions shape: torch.Size([4096, 10])
[DEBUG] Targets shape: torch.Size([4096, 1])
[DEBUG] Predictions shape: torch.Size([4096, 10])
[DEBUG] Targets shape: torch.Size([4096, 1])
[DEBUG] Predictions shape: torch.Size([4096, 10])
[DEBUG] Targets shape: torch.Size([4096, 1])
[DEBUG] Predictions shape: torch.Size([4096, 10])
[DEBUG] Targets shape: torch.Size([4096, 1])
[DEBUG] Predictions shape: torch.Size([4096, 10])
[DEBUG] Targets shape: torch.Size([4096, 1])
[DEBUG] Predictions shape: torch.Size([4096, 10])
[DEBUG] Targets shape: torch.Size([4096, 1])
[DEBUG] Predictions shape: torch.Size([4096, 10])
[DEBUG] Targets shape: torch.Size([4096, 1])
[DEBUG] Predictions shape: torch.Size([4096, 10])
[DEBUG] Targets shape: torch.Size([4096, 1])
[DEBUG] Predictions shape: torch.Size([4096, 10])
[DEBUG] Targets shape: torch.Size([4096, 1])
[DEBUG] Predictions shape: torch.Size([4096, 10])
[DEBUG] Targets shape: torch.Size([4096, 1])
[DEBUG] Predictions shape: torch.Size([4096, 10])
[DEBUG] Targets shape: torch.Size([4096, 1])
[DEBUG] Predictions shape: torch.Size([4096, 10])
[DEBUG] Targets shape: torch.Size([4096, 1])
[DEBUG] Predictions shape: torch.Size([4096, 10])
[DEBUG] Targets shape: torch.Size([4096, 1])
[DEBUG] Predictions shape: torch.Size([4096, 10])
[DEBUG] Targets shape: torch.Size([4096, 1])
[DEBUG] Predictions shape: torch.Size([4096, 10])
[DEBUG] Targets shape: torch.Size([4096, 1])
[DEBUG] Predictions shape: torch.Size([4096, 10])
[DEBUG] Targets shape: torch.Size([4096, 1])
[DEBUG] Predictions shape: torch.Size([3625, 10])
[DEBUG] Targets shape: torch.Size([3625, 1])
[DEBUG] Predictions shape: torch.Size([4096, 10])
[DEBUG] Targets shape: torch.Size([4096, 1])
[DEBUG] Predictions shape: torch.Size([4096, 10])
[DEBUG] Targets shape: torch.Size([4096, 1])
[DEBUG] Predictions shape: torch.Size([4096, 10])
[DEBUG] Targets shape: torch.Size([4096, 1])
[DEBUG] Predictions shape: torch.Size([4096, 10])
[DEBUG] Targets shape: torch.Size([4096, 1])
[DEBUG] Predictions shape: torch.Size([4096, 10])
[DEBUG] Targets shape: torch.Size([4096, 1])
[DEBUG] Predictions shape: torch.Size([4096, 10])
[DEBUG] Targets shape: torch.Size([4096, 1])
[DEBUG] Predictions shape: torch.Size([1456, 10])
[DEBUG] Targets shape: torch.Size([1456, 1])
[DEBUG] Writing to CSV - Epoch: 109, Train MSE: 0.3240513711700305, Test MSE: 3.6828440535486147, Train Acc: 10.086408124820837, Test Acc: 10.475568531038721
[DEBUG] Predictions shape: torch.Size([4096, 10])
[DEBUG] Targets shape: torch.Size([4096, 1])
[DEBUG] Predictions shape: torch.Size([4096, 10])
[DEBUG] Targets shape: torch.Size([4096, 1])
[DEBUG] Predictions shape: torch.Size([4096, 10])
[DEBUG] Targets shape: torch.Size([4096, 1])
[DEBUG] Predictions shape: torch.Size([4096, 10])
[DEBUG] Targets shape: torch.Size([4096, 1])
[DEBUG] Predictions shape: torch.Size([4096, 10])
[DEBUG] Targets shape: torch.Size([4096, 1])
[DEBUG] Predictions shape: torch.Size([4096, 10])
[DEBUG] Targets shape: torch.Size([4096, 1])
[DEBUG] Predictions shape: torch.Size([4096, 10])
[DEBUG] Targets shape: torch.Size([4096, 1])
[DEBUG] Predictions shape: torch.Size([4096, 10])
[DEBUG] Targets shape: torch.Size([4096, 1])
[DEBUG] Predictions shape: torch.Size([4096, 10])
[DEBUG] Targets shape: torch.Size([4096, 1])
[DEBUG] Predictions shape: torch.Size([4096, 10])
[DEBUG] Targets shape: torch.Size([4096, 1])
[DEBUG] Predictions shape: torch.Size([4096, 10])
[DEBUG] Targets shape: torch.Size([4096, 1])
[DEBUG] Predictions shape: torch.Size([4096, 10])
[DEBUG] Targets shape: torch.Size([4096, 1])
[DEBUG] Predictions shape: torch.Size([4096, 10])
[DEBUG] Targets shape: torch.Size([4096, 1])
[DEBUG] Predictions shape: torch.Size([4096, 10])
[DEBUG] Targets shape: torch.Size([4096, 1])
[DEBUG] Predictions shape: torch.Size([4096, 10])
[DEBUG] Targets shape: torch.Size([4096, 1])
[DEBUG] Predictions shape: torch.Size([4096, 10])
[DEBUG] Targets shape: torch.Size([4096, 1])
[DEBUG] Predictions shape: torch.Size([4096, 10])
[DEBUG] Targets shape: torch.Size([4096, 1])
[DEBUG] Predictions shape: torch.Size([3625, 10])
[DEBUG] Targets shape: torch.Size([3625, 1])
[DEBUG] Predictions shape: torch.Size([4096, 10])
[DEBUG] Targets shape: torch.Size([4096, 1])
[DEBUG] Predictions shape: torch.Size([4096, 10])
[DEBUG] Targets shape: torch.Size([4096, 1])
[DEBUG] Predictions shape: torch.Size([4096, 10])
[DEBUG] Targets shape: torch.Size([4096, 1])
[DEBUG] Predictions shape: torch.Size([4096, 10])
[DEBUG] Targets shape: torch.Size([4096, 1])
[DEBUG] Predictions shape: torch.Size([4096, 10])
[DEBUG] Targets shape: torch.Size([4096, 1])
[DEBUG] Predictions shape: torch.Size([4096, 10])
[DEBUG] Targets shape: torch.Size([4096, 1])
[DEBUG] Predictions shape: torch.Size([1456, 10])
[DEBUG] Targets shape: torch.Size([1456, 1])
[DEBUG] Writing to CSV - Epoch: 110, Train MSE: 0.2719318916662672, Test MSE: 3.550083826419101, Train Acc: 10.81125353208567, Test Acc: 11.024892440073755
[Epoch 110] train_mse=0.271932  test_mse=3.550084
[DEBUG] Predictions shape: torch.Size([4096, 10])
[DEBUG] Targets shape: torch.Size([4096, 1])
[DEBUG] Predictions shape: torch.Size([4096, 10])
[DEBUG] Targets shape: torch.Size([4096, 1])
[DEBUG] Predictions shape: torch.Size([4096, 10])
[DEBUG] Targets shape: torch.Size([4096, 1])
[DEBUG] Predictions shape: torch.Size([4096, 10])
[DEBUG] Targets shape: torch.Size([4096, 1])
[DEBUG] Predictions shape: torch.Size([4096, 10])
[DEBUG] Targets shape: torch.Size([4096, 1])
[DEBUG] Predictions shape: torch.Size([4096, 10])
[DEBUG] Targets shape: torch.Size([4096, 1])
[DEBUG] Predictions shape: torch.Size([4096, 10])
[DEBUG] Targets shape: torch.Size([4096, 1])
[DEBUG] Predictions shape: torch.Size([4096, 10])
[DEBUG] Targets shape: torch.Size([4096, 1])
[DEBUG] Predictions shape: torch.Size([4096, 10])
[DEBUG] Targets shape: torch.Size([4096, 1])
[DEBUG] Predictions shape: torch.Size([4096, 10])
[DEBUG] Targets shape: torch.Size([4096, 1])
[DEBUG] Predictions shape: torch.Size([4096, 10])
[DEBUG] Targets shape: torch.Size([4096, 1])
[DEBUG] Predictions shape: torch.Size([4096, 10])
[DEBUG] Targets shape: torch.Size([4096, 1])
[DEBUG] Predictions shape: torch.Size([4096, 10])
[DEBUG] Targets shape: torch.Size([4096, 1])
[DEBUG] Predictions shape: torch.Size([4096, 10])
[DEBUG] Targets shape: torch.Size([4096, 1])
[DEBUG] Predictions shape: torch.Size([4096, 10])
[DEBUG] Targets shape: torch.Size([4096, 1])
[DEBUG] Predictions shape: torch.Size([4096, 10])
[DEBUG] Targets shape: torch.Size([4096, 1])
[DEBUG] Predictions shape: torch.Size([4096, 10])
[DEBUG] Targets shape: torch.Size([4096, 1])
[DEBUG] Predictions shape: torch.Size([3625, 10])
[DEBUG] Targets shape: torch.Size([3625, 1])
[DEBUG] Predictions shape: torch.Size([4096, 10])
[DEBUG] Targets shape: torch.Size([4096, 1])
[DEBUG] Predictions shape: torch.Size([4096, 10])
[DEBUG] Targets shape: torch.Size([4096, 1])
[DEBUG] Predictions shape: torch.Size([4096, 10])
[DEBUG] Targets shape: torch.Size([4096, 1])
[DEBUG] Predictions shape: torch.Size([4096, 10])
[DEBUG] Targets shape: torch.Size([4096, 1])
[DEBUG] Predictions shape: torch.Size([4096, 10])
[DEBUG] Targets shape: torch.Size([4096, 1])
[DEBUG] Predictions shape: torch.Size([4096, 10])
[DEBUG] Targets shape: torch.Size([4096, 1])
[DEBUG] Predictions shape: torch.Size([1456, 10])
[DEBUG] Targets shape: torch.Size([1456, 1])
[DEBUG] Writing to CSV - Epoch: 111, Train MSE: 0.3872601348255184, Test MSE: 3.6608238212887905, Train Acc: 10.02771066246229, Test Acc: 9.987707437000614
[DEBUG] Predictions shape: torch.Size([4096, 10])
[DEBUG] Targets shape: torch.Size([4096, 1])
[DEBUG] Predictions shape: torch.Size([4096, 10])
[DEBUG] Targets shape: torch.Size([4096, 1])
[DEBUG] Predictions shape: torch.Size([4096, 10])
[DEBUG] Targets shape: torch.Size([4096, 1])
[DEBUG] Predictions shape: torch.Size([4096, 10])
[DEBUG] Targets shape: torch.Size([4096, 1])
[DEBUG] Predictions shape: torch.Size([4096, 10])
[DEBUG] Targets shape: torch.Size([4096, 1])
[DEBUG] Predictions shape: torch.Size([4096, 10])
[DEBUG] Targets shape: torch.Size([4096, 1])
[DEBUG] Predictions shape: torch.Size([4096, 10])
[DEBUG] Targets shape: torch.Size([4096, 1])
[DEBUG] Predictions shape: torch.Size([4096, 10])
[DEBUG] Targets shape: torch.Size([4096, 1])
[DEBUG] Predictions shape: torch.Size([4096, 10])
[DEBUG] Targets shape: torch.Size([4096, 1])
[DEBUG] Predictions shape: torch.Size([4096, 10])
[DEBUG] Targets shape: torch.Size([4096, 1])
[DEBUG] Predictions shape: torch.Size([4096, 10])
[DEBUG] Targets shape: torch.Size([4096, 1])
[DEBUG] Predictions shape: torch.Size([4096, 10])
[DEBUG] Targets shape: torch.Size([4096, 1])
[DEBUG] Predictions shape: torch.Size([4096, 10])
[DEBUG] Targets shape: torch.Size([4096, 1])
[DEBUG] Predictions shape: torch.Size([4096, 10])
[DEBUG] Targets shape: torch.Size([4096, 1])
[DEBUG] Predictions shape: torch.Size([4096, 10])
[DEBUG] Targets shape: torch.Size([4096, 1])
[DEBUG] Predictions shape: torch.Size([4096, 10])
[DEBUG] Targets shape: torch.Size([4096, 1])
[DEBUG] Predictions shape: torch.Size([4096, 10])
[DEBUG] Targets shape: torch.Size([4096, 1])
[DEBUG] Predictions shape: torch.Size([3625, 10])
[DEBUG] Targets shape: torch.Size([3625, 1])
[DEBUG] Predictions shape: torch.Size([4096, 10])
[DEBUG] Targets shape: torch.Size([4096, 1])
[DEBUG] Predictions shape: torch.Size([4096, 10])
[DEBUG] Targets shape: torch.Size([4096, 1])
[DEBUG] Predictions shape: torch.Size([4096, 10])
[DEBUG] Targets shape: torch.Size([4096, 1])
[DEBUG] Predictions shape: torch.Size([4096, 10])
[DEBUG] Targets shape: torch.Size([4096, 1])
[DEBUG] Predictions shape: torch.Size([4096, 10])
[DEBUG] Targets shape: torch.Size([4096, 1])
[DEBUG] Predictions shape: torch.Size([4096, 10])
[DEBUG] Targets shape: torch.Size([4096, 1])
[DEBUG] Predictions shape: torch.Size([1456, 10])
[DEBUG] Targets shape: torch.Size([1456, 1])
[DEBUG] Writing to CSV - Epoch: 112, Train MSE: 0.24911245888555653, Test MSE: 3.622806539986862, Train Acc: 10.151930873500143, Test Acc: 10.506299938537184
[DEBUG] Predictions shape: torch.Size([4096, 10])
[DEBUG] Targets shape: torch.Size([4096, 1])
[DEBUG] Predictions shape: torch.Size([4096, 10])
[DEBUG] Targets shape: torch.Size([4096, 1])
[DEBUG] Predictions shape: torch.Size([4096, 10])
[DEBUG] Targets shape: torch.Size([4096, 1])
[DEBUG] Predictions shape: torch.Size([4096, 10])
[DEBUG] Targets shape: torch.Size([4096, 1])
[DEBUG] Predictions shape: torch.Size([4096, 10])
[DEBUG] Targets shape: torch.Size([4096, 1])
[DEBUG] Predictions shape: torch.Size([4096, 10])
[DEBUG] Targets shape: torch.Size([4096, 1])
[DEBUG] Predictions shape: torch.Size([4096, 10])
[DEBUG] Targets shape: torch.Size([4096, 1])
[DEBUG] Predictions shape: torch.Size([4096, 10])
[DEBUG] Targets shape: torch.Size([4096, 1])
[DEBUG] Predictions shape: torch.Size([4096, 10])
[DEBUG] Targets shape: torch.Size([4096, 1])
[DEBUG] Predictions shape: torch.Size([4096, 10])
[DEBUG] Targets shape: torch.Size([4096, 1])
[DEBUG] Predictions shape: torch.Size([4096, 10])
[DEBUG] Targets shape: torch.Size([4096, 1])
[DEBUG] Predictions shape: torch.Size([4096, 10])
[DEBUG] Targets shape: torch.Size([4096, 1])
[DEBUG] Predictions shape: torch.Size([4096, 10])
[DEBUG] Targets shape: torch.Size([4096, 1])
[DEBUG] Predictions shape: torch.Size([4096, 10])
[DEBUG] Targets shape: torch.Size([4096, 1])
[DEBUG] Predictions shape: torch.Size([4096, 10])
[DEBUG] Targets shape: torch.Size([4096, 1])
[DEBUG] Predictions shape: torch.Size([4096, 10])
[DEBUG] Targets shape: torch.Size([4096, 1])
[DEBUG] Predictions shape: torch.Size([4096, 10])
[DEBUG] Targets shape: torch.Size([4096, 1])
[DEBUG] Predictions shape: torch.Size([3625, 10])
[DEBUG] Targets shape: torch.Size([3625, 1])
[DEBUG] Predictions shape: torch.Size([4096, 10])
[DEBUG] Targets shape: torch.Size([4096, 1])
[DEBUG] Predictions shape: torch.Size([4096, 10])
[DEBUG] Targets shape: torch.Size([4096, 1])
[DEBUG] Predictions shape: torch.Size([4096, 10])
[DEBUG] Targets shape: torch.Size([4096, 1])
[DEBUG] Predictions shape: torch.Size([4096, 10])
[DEBUG] Targets shape: torch.Size([4096, 1])
[DEBUG] Predictions shape: torch.Size([4096, 10])
[DEBUG] Targets shape: torch.Size([4096, 1])
[DEBUG] Predictions shape: torch.Size([4096, 10])
[DEBUG] Targets shape: torch.Size([4096, 1])
[DEBUG] Predictions shape: torch.Size([1456, 10])
[DEBUG] Targets shape: torch.Size([1456, 1])
[DEBUG] Writing to CSV - Epoch: 113, Train MSE: 0.2621368673409906, Test MSE: 3.6096301468589513, Train Acc: 10.500020475858962, Test Acc: 10.544714197910265
[DEBUG] Predictions shape: torch.Size([4096, 10])
[DEBUG] Targets shape: torch.Size([4096, 1])
[DEBUG] Predictions shape: torch.Size([4096, 10])
[DEBUG] Targets shape: torch.Size([4096, 1])
[DEBUG] Predictions shape: torch.Size([4096, 10])
[DEBUG] Targets shape: torch.Size([4096, 1])
[DEBUG] Predictions shape: torch.Size([4096, 10])
[DEBUG] Targets shape: torch.Size([4096, 1])
[DEBUG] Predictions shape: torch.Size([4096, 10])
[DEBUG] Targets shape: torch.Size([4096, 1])
[DEBUG] Predictions shape: torch.Size([4096, 10])
[DEBUG] Targets shape: torch.Size([4096, 1])
[DEBUG] Predictions shape: torch.Size([4096, 10])
[DEBUG] Targets shape: torch.Size([4096, 1])
[DEBUG] Predictions shape: torch.Size([4096, 10])
[DEBUG] Targets shape: torch.Size([4096, 1])
[DEBUG] Predictions shape: torch.Size([4096, 10])
[DEBUG] Targets shape: torch.Size([4096, 1])
[DEBUG] Predictions shape: torch.Size([4096, 10])
[DEBUG] Targets shape: torch.Size([4096, 1])
[DEBUG] Predictions shape: torch.Size([4096, 10])
[DEBUG] Targets shape: torch.Size([4096, 1])
[DEBUG] Predictions shape: torch.Size([4096, 10])
[DEBUG] Targets shape: torch.Size([4096, 1])
[DEBUG] Predictions shape: torch.Size([4096, 10])
[DEBUG] Targets shape: torch.Size([4096, 1])
[DEBUG] Predictions shape: torch.Size([4096, 10])
[DEBUG] Targets shape: torch.Size([4096, 1])
[DEBUG] Predictions shape: torch.Size([4096, 10])
[DEBUG] Targets shape: torch.Size([4096, 1])
[DEBUG] Predictions shape: torch.Size([4096, 10])
[DEBUG] Targets shape: torch.Size([4096, 1])
[DEBUG] Predictions shape: torch.Size([4096, 10])
[DEBUG] Targets shape: torch.Size([4096, 1])
[DEBUG] Predictions shape: torch.Size([3625, 10])
[DEBUG] Targets shape: torch.Size([3625, 1])
[DEBUG] Predictions shape: torch.Size([4096, 10])
[DEBUG] Targets shape: torch.Size([4096, 1])
[DEBUG] Predictions shape: torch.Size([4096, 10])
[DEBUG] Targets shape: torch.Size([4096, 1])
[DEBUG] Predictions shape: torch.Size([4096, 10])
[DEBUG] Targets shape: torch.Size([4096, 1])
[DEBUG] Predictions shape: torch.Size([4096, 10])
[DEBUG] Targets shape: torch.Size([4096, 1])
[DEBUG] Predictions shape: torch.Size([4096, 10])
[DEBUG] Targets shape: torch.Size([4096, 1])
[DEBUG] Predictions shape: torch.Size([4096, 10])
[DEBUG] Targets shape: torch.Size([4096, 1])
[DEBUG] Predictions shape: torch.Size([1456, 10])
[DEBUG] Targets shape: torch.Size([1456, 1])
[DEBUG] Writing to CSV - Epoch: 114, Train MSE: 0.30167203828976596, Test MSE: 3.6884196084484997, Train Acc: 9.451656496990049, Test Acc: 9.622771972956361
[DEBUG] Predictions shape: torch.Size([4096, 10])
[DEBUG] Targets shape: torch.Size([4096, 1])
[DEBUG] Predictions shape: torch.Size([4096, 10])
[DEBUG] Targets shape: torch.Size([4096, 1])
[DEBUG] Predictions shape: torch.Size([4096, 10])
[DEBUG] Targets shape: torch.Size([4096, 1])
[DEBUG] Predictions shape: torch.Size([4096, 10])
[DEBUG] Targets shape: torch.Size([4096, 1])
[DEBUG] Predictions shape: torch.Size([4096, 10])
[DEBUG] Targets shape: torch.Size([4096, 1])
[DEBUG] Predictions shape: torch.Size([4096, 10])
[DEBUG] Targets shape: torch.Size([4096, 1])
[DEBUG] Predictions shape: torch.Size([4096, 10])
[DEBUG] Targets shape: torch.Size([4096, 1])
[DEBUG] Predictions shape: torch.Size([4096, 10])
[DEBUG] Targets shape: torch.Size([4096, 1])
[DEBUG] Predictions shape: torch.Size([4096, 10])
[DEBUG] Targets shape: torch.Size([4096, 1])
[DEBUG] Predictions shape: torch.Size([4096, 10])
[DEBUG] Targets shape: torch.Size([4096, 1])
[DEBUG] Predictions shape: torch.Size([4096, 10])
[DEBUG] Targets shape: torch.Size([4096, 1])
[DEBUG] Predictions shape: torch.Size([4096, 10])
[DEBUG] Targets shape: torch.Size([4096, 1])
[DEBUG] Predictions shape: torch.Size([4096, 10])
[DEBUG] Targets shape: torch.Size([4096, 1])
[DEBUG] Predictions shape: torch.Size([4096, 10])
[DEBUG] Targets shape: torch.Size([4096, 1])
[DEBUG] Predictions shape: torch.Size([4096, 10])
[DEBUG] Targets shape: torch.Size([4096, 1])
[DEBUG] Predictions shape: torch.Size([4096, 10])
[DEBUG] Targets shape: torch.Size([4096, 1])
[DEBUG] Predictions shape: torch.Size([4096, 10])
[DEBUG] Targets shape: torch.Size([4096, 1])
[DEBUG] Predictions shape: torch.Size([3625, 10])
[DEBUG] Targets shape: torch.Size([3625, 1])
[DEBUG] Predictions shape: torch.Size([4096, 10])
[DEBUG] Targets shape: torch.Size([4096, 1])
[DEBUG] Predictions shape: torch.Size([4096, 10])
[DEBUG] Targets shape: torch.Size([4096, 1])
[DEBUG] Predictions shape: torch.Size([4096, 10])
[DEBUG] Targets shape: torch.Size([4096, 1])
[DEBUG] Predictions shape: torch.Size([4096, 10])
[DEBUG] Targets shape: torch.Size([4096, 1])
[DEBUG] Predictions shape: torch.Size([4096, 10])
[DEBUG] Targets shape: torch.Size([4096, 1])
[DEBUG] Predictions shape: torch.Size([4096, 10])
[DEBUG] Targets shape: torch.Size([4096, 1])
[DEBUG] Predictions shape: torch.Size([1456, 10])
[DEBUG] Targets shape: torch.Size([1456, 1])
[DEBUG] Writing to CSV - Epoch: 115, Train MSE: 0.23936923494171478, Test MSE: 3.6649563922131803, Train Acc: 9.472132355952333, Test Acc: 9.849416103257528
[DEBUG] Predictions shape: torch.Size([4096, 10])
[DEBUG] Targets shape: torch.Size([4096, 1])
[DEBUG] Predictions shape: torch.Size([4096, 10])
[DEBUG] Targets shape: torch.Size([4096, 1])
[DEBUG] Predictions shape: torch.Size([4096, 10])
[DEBUG] Targets shape: torch.Size([4096, 1])
[DEBUG] Predictions shape: torch.Size([4096, 10])
[DEBUG] Targets shape: torch.Size([4096, 1])
[DEBUG] Predictions shape: torch.Size([4096, 10])
[DEBUG] Targets shape: torch.Size([4096, 1])
[DEBUG] Predictions shape: torch.Size([4096, 10])
[DEBUG] Targets shape: torch.Size([4096, 1])
[DEBUG] Predictions shape: torch.Size([4096, 10])
[DEBUG] Targets shape: torch.Size([4096, 1])
[DEBUG] Predictions shape: torch.Size([4096, 10])
[DEBUG] Targets shape: torch.Size([4096, 1])
[DEBUG] Predictions shape: torch.Size([4096, 10])
[DEBUG] Targets shape: torch.Size([4096, 1])
[DEBUG] Predictions shape: torch.Size([4096, 10])
[DEBUG] Targets shape: torch.Size([4096, 1])
[DEBUG] Predictions shape: torch.Size([4096, 10])
[DEBUG] Targets shape: torch.Size([4096, 1])
[DEBUG] Predictions shape: torch.Size([4096, 10])
[DEBUG] Targets shape: torch.Size([4096, 1])
[DEBUG] Predictions shape: torch.Size([4096, 10])
[DEBUG] Targets shape: torch.Size([4096, 1])
[DEBUG] Predictions shape: torch.Size([4096, 10])
[DEBUG] Targets shape: torch.Size([4096, 1])
[DEBUG] Predictions shape: torch.Size([4096, 10])
[DEBUG] Targets shape: torch.Size([4096, 1])
[DEBUG] Predictions shape: torch.Size([4096, 10])
[DEBUG] Targets shape: torch.Size([4096, 1])
[DEBUG] Predictions shape: torch.Size([4096, 10])
[DEBUG] Targets shape: torch.Size([4096, 1])
[DEBUG] Predictions shape: torch.Size([3625, 10])
[DEBUG] Targets shape: torch.Size([3625, 1])
[DEBUG] Predictions shape: torch.Size([4096, 10])
[DEBUG] Targets shape: torch.Size([4096, 1])
[DEBUG] Predictions shape: torch.Size([4096, 10])
[DEBUG] Targets shape: torch.Size([4096, 1])
[DEBUG] Predictions shape: torch.Size([4096, 10])
[DEBUG] Targets shape: torch.Size([4096, 1])
[DEBUG] Predictions shape: torch.Size([4096, 10])
[DEBUG] Targets shape: torch.Size([4096, 1])
[DEBUG] Predictions shape: torch.Size([4096, 10])
[DEBUG] Targets shape: torch.Size([4096, 1])
[DEBUG] Predictions shape: torch.Size([4096, 10])
[DEBUG] Targets shape: torch.Size([4096, 1])
[DEBUG] Predictions shape: torch.Size([1456, 10])
[DEBUG] Targets shape: torch.Size([1456, 1])
[DEBUG] Writing to CSV - Epoch: 116, Train MSE: 0.32583677880541756, Test MSE: 3.8002232875132314, Train Acc: 9.831142416424369, Test Acc: 10.033804548248309
[DEBUG] Predictions shape: torch.Size([4096, 10])
[DEBUG] Targets shape: torch.Size([4096, 1])
[DEBUG] Predictions shape: torch.Size([4096, 10])
[DEBUG] Targets shape: torch.Size([4096, 1])
[DEBUG] Predictions shape: torch.Size([4096, 10])
[DEBUG] Targets shape: torch.Size([4096, 1])
[DEBUG] Predictions shape: torch.Size([4096, 10])
[DEBUG] Targets shape: torch.Size([4096, 1])
[DEBUG] Predictions shape: torch.Size([4096, 10])
[DEBUG] Targets shape: torch.Size([4096, 1])
[DEBUG] Predictions shape: torch.Size([4096, 10])
[DEBUG] Targets shape: torch.Size([4096, 1])
[DEBUG] Predictions shape: torch.Size([4096, 10])
[DEBUG] Targets shape: torch.Size([4096, 1])
[DEBUG] Predictions shape: torch.Size([4096, 10])
[DEBUG] Targets shape: torch.Size([4096, 1])
[DEBUG] Predictions shape: torch.Size([4096, 10])
[DEBUG] Targets shape: torch.Size([4096, 1])
[DEBUG] Predictions shape: torch.Size([4096, 10])
[DEBUG] Targets shape: torch.Size([4096, 1])
[DEBUG] Predictions shape: torch.Size([4096, 10])
[DEBUG] Targets shape: torch.Size([4096, 1])
[DEBUG] Predictions shape: torch.Size([4096, 10])
[DEBUG] Targets shape: torch.Size([4096, 1])
[DEBUG] Predictions shape: torch.Size([4096, 10])
[DEBUG] Targets shape: torch.Size([4096, 1])
[DEBUG] Predictions shape: torch.Size([4096, 10])
[DEBUG] Targets shape: torch.Size([4096, 1])
[DEBUG] Predictions shape: torch.Size([4096, 10])
[DEBUG] Targets shape: torch.Size([4096, 1])
[DEBUG] Predictions shape: torch.Size([4096, 10])
[DEBUG] Targets shape: torch.Size([4096, 1])
[DEBUG] Predictions shape: torch.Size([4096, 10])
[DEBUG] Targets shape: torch.Size([4096, 1])
[DEBUG] Predictions shape: torch.Size([3625, 10])
[DEBUG] Targets shape: torch.Size([3625, 1])
[DEBUG] Predictions shape: torch.Size([4096, 10])
[DEBUG] Targets shape: torch.Size([4096, 1])
[DEBUG] Predictions shape: torch.Size([4096, 10])
[DEBUG] Targets shape: torch.Size([4096, 1])
[DEBUG] Predictions shape: torch.Size([4096, 10])
[DEBUG] Targets shape: torch.Size([4096, 1])
[DEBUG] Predictions shape: torch.Size([4096, 10])
[DEBUG] Targets shape: torch.Size([4096, 1])
[DEBUG] Predictions shape: torch.Size([4096, 10])
[DEBUG] Targets shape: torch.Size([4096, 1])
[DEBUG] Predictions shape: torch.Size([4096, 10])
[DEBUG] Targets shape: torch.Size([4096, 1])
[DEBUG] Predictions shape: torch.Size([1456, 10])
[DEBUG] Targets shape: torch.Size([1456, 1])
[DEBUG] Writing to CSV - Epoch: 117, Train MSE: 0.2595167796258049, Test MSE: 3.696725519727767, Train Acc: 10.059106979537791, Test Acc: 10.92501536570375
[DEBUG] Predictions shape: torch.Size([4096, 10])
[DEBUG] Targets shape: torch.Size([4096, 1])
[DEBUG] Predictions shape: torch.Size([4096, 10])
[DEBUG] Targets shape: torch.Size([4096, 1])
[DEBUG] Predictions shape: torch.Size([4096, 10])
[DEBUG] Targets shape: torch.Size([4096, 1])
[DEBUG] Predictions shape: torch.Size([4096, 10])
[DEBUG] Targets shape: torch.Size([4096, 1])
[DEBUG] Predictions shape: torch.Size([4096, 10])
[DEBUG] Targets shape: torch.Size([4096, 1])
[DEBUG] Predictions shape: torch.Size([4096, 10])
[DEBUG] Targets shape: torch.Size([4096, 1])
[DEBUG] Predictions shape: torch.Size([4096, 10])
[DEBUG] Targets shape: torch.Size([4096, 1])
[DEBUG] Predictions shape: torch.Size([4096, 10])
[DEBUG] Targets shape: torch.Size([4096, 1])
[DEBUG] Predictions shape: torch.Size([4096, 10])
[DEBUG] Targets shape: torch.Size([4096, 1])
[DEBUG] Predictions shape: torch.Size([4096, 10])
[DEBUG] Targets shape: torch.Size([4096, 1])
[DEBUG] Predictions shape: torch.Size([4096, 10])
[DEBUG] Targets shape: torch.Size([4096, 1])
[DEBUG] Predictions shape: torch.Size([4096, 10])
[DEBUG] Targets shape: torch.Size([4096, 1])
[DEBUG] Predictions shape: torch.Size([4096, 10])
[DEBUG] Targets shape: torch.Size([4096, 1])
[DEBUG] Predictions shape: torch.Size([4096, 10])
[DEBUG] Targets shape: torch.Size([4096, 1])
[DEBUG] Predictions shape: torch.Size([4096, 10])
[DEBUG] Targets shape: torch.Size([4096, 1])
[DEBUG] Predictions shape: torch.Size([4096, 10])
[DEBUG] Targets shape: torch.Size([4096, 1])
[DEBUG] Predictions shape: torch.Size([4096, 10])
[DEBUG] Targets shape: torch.Size([4096, 1])
[DEBUG] Predictions shape: torch.Size([3625, 10])
[DEBUG] Targets shape: torch.Size([3625, 1])
[DEBUG] Predictions shape: torch.Size([4096, 10])
[DEBUG] Targets shape: torch.Size([4096, 1])
[DEBUG] Predictions shape: torch.Size([4096, 10])
[DEBUG] Targets shape: torch.Size([4096, 1])
[DEBUG] Predictions shape: torch.Size([4096, 10])
[DEBUG] Targets shape: torch.Size([4096, 1])
[DEBUG] Predictions shape: torch.Size([4096, 10])
[DEBUG] Targets shape: torch.Size([4096, 1])
[DEBUG] Predictions shape: torch.Size([4096, 10])
[DEBUG] Targets shape: torch.Size([4096, 1])
[DEBUG] Predictions shape: torch.Size([4096, 10])
[DEBUG] Targets shape: torch.Size([4096, 1])
[DEBUG] Predictions shape: torch.Size([1456, 10])
[DEBUG] Targets shape: torch.Size([1456, 1])
[DEBUG] Writing to CSV - Epoch: 118, Train MSE: 0.5690842914772015, Test MSE: 3.72436956093219, Train Acc: 9.943077112084852, Test Acc: 10.321911493546404
[DEBUG] Predictions shape: torch.Size([4096, 10])
[DEBUG] Targets shape: torch.Size([4096, 1])
[DEBUG] Predictions shape: torch.Size([4096, 10])
[DEBUG] Targets shape: torch.Size([4096, 1])
[DEBUG] Predictions shape: torch.Size([4096, 10])
[DEBUG] Targets shape: torch.Size([4096, 1])
[DEBUG] Predictions shape: torch.Size([4096, 10])
[DEBUG] Targets shape: torch.Size([4096, 1])
[DEBUG] Predictions shape: torch.Size([4096, 10])
[DEBUG] Targets shape: torch.Size([4096, 1])
[DEBUG] Predictions shape: torch.Size([4096, 10])
[DEBUG] Targets shape: torch.Size([4096, 1])
[DEBUG] Predictions shape: torch.Size([4096, 10])
[DEBUG] Targets shape: torch.Size([4096, 1])
[DEBUG] Predictions shape: torch.Size([4096, 10])
[DEBUG] Targets shape: torch.Size([4096, 1])
[DEBUG] Predictions shape: torch.Size([4096, 10])
[DEBUG] Targets shape: torch.Size([4096, 1])
[DEBUG] Predictions shape: torch.Size([4096, 10])
[DEBUG] Targets shape: torch.Size([4096, 1])
[DEBUG] Predictions shape: torch.Size([4096, 10])
[DEBUG] Targets shape: torch.Size([4096, 1])
[DEBUG] Predictions shape: torch.Size([4096, 10])
[DEBUG] Targets shape: torch.Size([4096, 1])
[DEBUG] Predictions shape: torch.Size([4096, 10])
[DEBUG] Targets shape: torch.Size([4096, 1])
[DEBUG] Predictions shape: torch.Size([4096, 10])
[DEBUG] Targets shape: torch.Size([4096, 1])
[DEBUG] Predictions shape: torch.Size([4096, 10])
[DEBUG] Targets shape: torch.Size([4096, 1])
[DEBUG] Predictions shape: torch.Size([4096, 10])
[DEBUG] Targets shape: torch.Size([4096, 1])
[DEBUG] Predictions shape: torch.Size([4096, 10])
[DEBUG] Targets shape: torch.Size([4096, 1])
[DEBUG] Predictions shape: torch.Size([3625, 10])
[DEBUG] Targets shape: torch.Size([3625, 1])
[DEBUG] Predictions shape: torch.Size([4096, 10])
[DEBUG] Targets shape: torch.Size([4096, 1])
[DEBUG] Predictions shape: torch.Size([4096, 10])
[DEBUG] Targets shape: torch.Size([4096, 1])
[DEBUG] Predictions shape: torch.Size([4096, 10])
[DEBUG] Targets shape: torch.Size([4096, 1])
[DEBUG] Predictions shape: torch.Size([4096, 10])
[DEBUG] Targets shape: torch.Size([4096, 1])
[DEBUG] Predictions shape: torch.Size([4096, 10])
[DEBUG] Targets shape: torch.Size([4096, 1])
[DEBUG] Predictions shape: torch.Size([4096, 10])
[DEBUG] Targets shape: torch.Size([4096, 1])
[DEBUG] Predictions shape: torch.Size([1456, 10])
[DEBUG] Targets shape: torch.Size([1456, 1])
[DEBUG] Writing to CSV - Epoch: 119, Train MSE: 0.2686897157473072, Test MSE: 3.6215697905734485, Train Acc: 10.388085780198479, Test Acc: 10.544714197910265
[DEBUG] Predictions shape: torch.Size([4096, 10])
[DEBUG] Targets shape: torch.Size([4096, 1])
[DEBUG] Predictions shape: torch.Size([4096, 10])
[DEBUG] Targets shape: torch.Size([4096, 1])
[DEBUG] Predictions shape: torch.Size([4096, 10])
[DEBUG] Targets shape: torch.Size([4096, 1])
[DEBUG] Predictions shape: torch.Size([4096, 10])
[DEBUG] Targets shape: torch.Size([4096, 1])
[DEBUG] Predictions shape: torch.Size([4096, 10])
[DEBUG] Targets shape: torch.Size([4096, 1])
[DEBUG] Predictions shape: torch.Size([4096, 10])
[DEBUG] Targets shape: torch.Size([4096, 1])
[DEBUG] Predictions shape: torch.Size([4096, 10])
[DEBUG] Targets shape: torch.Size([4096, 1])
[DEBUG] Predictions shape: torch.Size([4096, 10])
[DEBUG] Targets shape: torch.Size([4096, 1])
[DEBUG] Predictions shape: torch.Size([4096, 10])
[DEBUG] Targets shape: torch.Size([4096, 1])
[DEBUG] Predictions shape: torch.Size([4096, 10])
[DEBUG] Targets shape: torch.Size([4096, 1])
[DEBUG] Predictions shape: torch.Size([4096, 10])
[DEBUG] Targets shape: torch.Size([4096, 1])
[DEBUG] Predictions shape: torch.Size([4096, 10])
[DEBUG] Targets shape: torch.Size([4096, 1])
[DEBUG] Predictions shape: torch.Size([4096, 10])
[DEBUG] Targets shape: torch.Size([4096, 1])
[DEBUG] Predictions shape: torch.Size([4096, 10])
[DEBUG] Targets shape: torch.Size([4096, 1])
[DEBUG] Predictions shape: torch.Size([4096, 10])
[DEBUG] Targets shape: torch.Size([4096, 1])
[DEBUG] Predictions shape: torch.Size([4096, 10])
[DEBUG] Targets shape: torch.Size([4096, 1])
[DEBUG] Predictions shape: torch.Size([4096, 10])
[DEBUG] Targets shape: torch.Size([4096, 1])
[DEBUG] Predictions shape: torch.Size([3625, 10])
[DEBUG] Targets shape: torch.Size([3625, 1])
[DEBUG] Predictions shape: torch.Size([4096, 10])
[DEBUG] Targets shape: torch.Size([4096, 1])
[DEBUG] Predictions shape: torch.Size([4096, 10])
[DEBUG] Targets shape: torch.Size([4096, 1])
[DEBUG] Predictions shape: torch.Size([4096, 10])
[DEBUG] Targets shape: torch.Size([4096, 1])
[DEBUG] Predictions shape: torch.Size([4096, 10])
[DEBUG] Targets shape: torch.Size([4096, 1])
[DEBUG] Predictions shape: torch.Size([4096, 10])
[DEBUG] Targets shape: torch.Size([4096, 1])
[DEBUG] Predictions shape: torch.Size([4096, 10])
[DEBUG] Targets shape: torch.Size([4096, 1])
[DEBUG] Predictions shape: torch.Size([1456, 10])
[DEBUG] Targets shape: torch.Size([1456, 1])
[DEBUG] Writing to CSV - Epoch: 120, Train MSE: 0.27007099547037544, Test MSE: 3.6582163517359363, Train Acc: 9.425720408971156, Test Acc: 9.776429010448679
[Epoch 120] train_mse=0.270071  test_mse=3.658216
[DEBUG] Predictions shape: torch.Size([4096, 10])
[DEBUG] Targets shape: torch.Size([4096, 1])
[DEBUG] Predictions shape: torch.Size([4096, 10])
[DEBUG] Targets shape: torch.Size([4096, 1])
[DEBUG] Predictions shape: torch.Size([4096, 10])
[DEBUG] Targets shape: torch.Size([4096, 1])
[DEBUG] Predictions shape: torch.Size([4096, 10])
[DEBUG] Targets shape: torch.Size([4096, 1])
[DEBUG] Predictions shape: torch.Size([4096, 10])
[DEBUG] Targets shape: torch.Size([4096, 1])
[DEBUG] Predictions shape: torch.Size([4096, 10])
[DEBUG] Targets shape: torch.Size([4096, 1])
[DEBUG] Predictions shape: torch.Size([4096, 10])
[DEBUG] Targets shape: torch.Size([4096, 1])
[DEBUG] Predictions shape: torch.Size([4096, 10])
[DEBUG] Targets shape: torch.Size([4096, 1])
[DEBUG] Predictions shape: torch.Size([4096, 10])
[DEBUG] Targets shape: torch.Size([4096, 1])
[DEBUG] Predictions shape: torch.Size([4096, 10])
[DEBUG] Targets shape: torch.Size([4096, 1])
[DEBUG] Predictions shape: torch.Size([4096, 10])
[DEBUG] Targets shape: torch.Size([4096, 1])
[DEBUG] Predictions shape: torch.Size([4096, 10])
[DEBUG] Targets shape: torch.Size([4096, 1])
[DEBUG] Predictions shape: torch.Size([4096, 10])
[DEBUG] Targets shape: torch.Size([4096, 1])
[DEBUG] Predictions shape: torch.Size([4096, 10])
[DEBUG] Targets shape: torch.Size([4096, 1])
[DEBUG] Predictions shape: torch.Size([4096, 10])
[DEBUG] Targets shape: torch.Size([4096, 1])
[DEBUG] Predictions shape: torch.Size([4096, 10])
[DEBUG] Targets shape: torch.Size([4096, 1])
[DEBUG] Predictions shape: torch.Size([4096, 10])
[DEBUG] Targets shape: torch.Size([4096, 1])
[DEBUG] Predictions shape: torch.Size([3625, 10])
[DEBUG] Targets shape: torch.Size([3625, 1])
[DEBUG] Predictions shape: torch.Size([4096, 10])
[DEBUG] Targets shape: torch.Size([4096, 1])
[DEBUG] Predictions shape: torch.Size([4096, 10])
[DEBUG] Targets shape: torch.Size([4096, 1])
[DEBUG] Predictions shape: torch.Size([4096, 10])
[DEBUG] Targets shape: torch.Size([4096, 1])
[DEBUG] Predictions shape: torch.Size([4096, 10])
[DEBUG] Targets shape: torch.Size([4096, 1])
[DEBUG] Predictions shape: torch.Size([4096, 10])
[DEBUG] Targets shape: torch.Size([4096, 1])
[DEBUG] Predictions shape: torch.Size([4096, 10])
[DEBUG] Targets shape: torch.Size([4096, 1])
[DEBUG] Predictions shape: torch.Size([1456, 10])
[DEBUG] Targets shape: torch.Size([1456, 1])
[DEBUG] Writing to CSV - Epoch: 121, Train MSE: 0.27832164816574734, Test MSE: 3.7496984794818338, Train Acc: 10.050916635952879, Test Acc: 10.118315918869085
[DEBUG] Predictions shape: torch.Size([4096, 10])
[DEBUG] Targets shape: torch.Size([4096, 1])
[DEBUG] Predictions shape: torch.Size([4096, 10])
[DEBUG] Targets shape: torch.Size([4096, 1])
[DEBUG] Predictions shape: torch.Size([4096, 10])
[DEBUG] Targets shape: torch.Size([4096, 1])
[DEBUG] Predictions shape: torch.Size([4096, 10])
[DEBUG] Targets shape: torch.Size([4096, 1])
[DEBUG] Predictions shape: torch.Size([4096, 10])
[DEBUG] Targets shape: torch.Size([4096, 1])
[DEBUG] Predictions shape: torch.Size([4096, 10])
[DEBUG] Targets shape: torch.Size([4096, 1])
[DEBUG] Predictions shape: torch.Size([4096, 10])
[DEBUG] Targets shape: torch.Size([4096, 1])
[DEBUG] Predictions shape: torch.Size([4096, 10])
[DEBUG] Targets shape: torch.Size([4096, 1])
[DEBUG] Predictions shape: torch.Size([4096, 10])
[DEBUG] Targets shape: torch.Size([4096, 1])
[DEBUG] Predictions shape: torch.Size([4096, 10])
[DEBUG] Targets shape: torch.Size([4096, 1])
[DEBUG] Predictions shape: torch.Size([4096, 10])
[DEBUG] Targets shape: torch.Size([4096, 1])
[DEBUG] Predictions shape: torch.Size([4096, 10])
[DEBUG] Targets shape: torch.Size([4096, 1])
[DEBUG] Predictions shape: torch.Size([4096, 10])
[DEBUG] Targets shape: torch.Size([4096, 1])
[DEBUG] Predictions shape: torch.Size([4096, 10])
[DEBUG] Targets shape: torch.Size([4096, 1])
[DEBUG] Predictions shape: torch.Size([4096, 10])
[DEBUG] Targets shape: torch.Size([4096, 1])
[DEBUG] Predictions shape: torch.Size([4096, 10])
[DEBUG] Targets shape: torch.Size([4096, 1])
[DEBUG] Predictions shape: torch.Size([4096, 10])
[DEBUG] Targets shape: torch.Size([4096, 1])
[DEBUG] Predictions shape: torch.Size([3625, 10])
[DEBUG] Targets shape: torch.Size([3625, 1])
[DEBUG] Predictions shape: torch.Size([4096, 10])
[DEBUG] Targets shape: torch.Size([4096, 1])
[DEBUG] Predictions shape: torch.Size([4096, 10])
[DEBUG] Targets shape: torch.Size([4096, 1])
[DEBUG] Predictions shape: torch.Size([4096, 10])
[DEBUG] Targets shape: torch.Size([4096, 1])
[DEBUG] Predictions shape: torch.Size([4096, 10])
[DEBUG] Targets shape: torch.Size([4096, 1])
[DEBUG] Predictions shape: torch.Size([4096, 10])
[DEBUG] Targets shape: torch.Size([4096, 1])
[DEBUG] Predictions shape: torch.Size([4096, 10])
[DEBUG] Targets shape: torch.Size([4096, 1])
[DEBUG] Predictions shape: torch.Size([1456, 10])
[DEBUG] Targets shape: torch.Size([1456, 1])
[DEBUG] Writing to CSV - Epoch: 122, Train MSE: 0.2333889743131269, Test MSE: 3.5973200264633545, Train Acc: 9.863903790764022, Test Acc: 10.206668715427167
[DEBUG] Predictions shape: torch.Size([4096, 10])
[DEBUG] Targets shape: torch.Size([4096, 1])
[DEBUG] Predictions shape: torch.Size([4096, 10])
[DEBUG] Targets shape: torch.Size([4096, 1])
[DEBUG] Predictions shape: torch.Size([4096, 10])
[DEBUG] Targets shape: torch.Size([4096, 1])
[DEBUG] Predictions shape: torch.Size([4096, 10])
[DEBUG] Targets shape: torch.Size([4096, 1])
[DEBUG] Predictions shape: torch.Size([4096, 10])
[DEBUG] Targets shape: torch.Size([4096, 1])
[DEBUG] Predictions shape: torch.Size([4096, 10])
[DEBUG] Targets shape: torch.Size([4096, 1])
[DEBUG] Predictions shape: torch.Size([4096, 10])
[DEBUG] Targets shape: torch.Size([4096, 1])
[DEBUG] Predictions shape: torch.Size([4096, 10])
[DEBUG] Targets shape: torch.Size([4096, 1])
[DEBUG] Predictions shape: torch.Size([4096, 10])
[DEBUG] Targets shape: torch.Size([4096, 1])
[DEBUG] Predictions shape: torch.Size([4096, 10])
[DEBUG] Targets shape: torch.Size([4096, 1])
[DEBUG] Predictions shape: torch.Size([4096, 10])
[DEBUG] Targets shape: torch.Size([4096, 1])
[DEBUG] Predictions shape: torch.Size([4096, 10])
[DEBUG] Targets shape: torch.Size([4096, 1])
[DEBUG] Predictions shape: torch.Size([4096, 10])
[DEBUG] Targets shape: torch.Size([4096, 1])
[DEBUG] Predictions shape: torch.Size([4096, 10])
[DEBUG] Targets shape: torch.Size([4096, 1])
[DEBUG] Predictions shape: torch.Size([4096, 10])
[DEBUG] Targets shape: torch.Size([4096, 1])
[DEBUG] Predictions shape: torch.Size([4096, 10])
[DEBUG] Targets shape: torch.Size([4096, 1])
[DEBUG] Predictions shape: torch.Size([4096, 10])
[DEBUG] Targets shape: torch.Size([4096, 1])
[DEBUG] Predictions shape: torch.Size([3625, 10])
[DEBUG] Targets shape: torch.Size([3625, 1])
[DEBUG] Predictions shape: torch.Size([4096, 10])
[DEBUG] Targets shape: torch.Size([4096, 1])
[DEBUG] Predictions shape: torch.Size([4096, 10])
[DEBUG] Targets shape: torch.Size([4096, 1])
[DEBUG] Predictions shape: torch.Size([4096, 10])
[DEBUG] Targets shape: torch.Size([4096, 1])
[DEBUG] Predictions shape: torch.Size([4096, 10])
[DEBUG] Targets shape: torch.Size([4096, 1])
[DEBUG] Predictions shape: torch.Size([4096, 10])
[DEBUG] Targets shape: torch.Size([4096, 1])
[DEBUG] Predictions shape: torch.Size([4096, 10])
[DEBUG] Targets shape: torch.Size([4096, 1])
[DEBUG] Predictions shape: torch.Size([1456, 10])
[DEBUG] Targets shape: torch.Size([1456, 1])
[DEBUG] Writing to CSV - Epoch: 123, Train MSE: 0.3722198190940273, Test MSE: 3.8246497910082815, Train Acc: 10.347134062273913, Test Acc: 10.548555623847573
[DEBUG] Predictions shape: torch.Size([4096, 10])
[DEBUG] Targets shape: torch.Size([4096, 1])
[DEBUG] Predictions shape: torch.Size([4096, 10])
[DEBUG] Targets shape: torch.Size([4096, 1])
[DEBUG] Predictions shape: torch.Size([4096, 10])
[DEBUG] Targets shape: torch.Size([4096, 1])
[DEBUG] Predictions shape: torch.Size([4096, 10])
[DEBUG] Targets shape: torch.Size([4096, 1])
[DEBUG] Predictions shape: torch.Size([4096, 10])
[DEBUG] Targets shape: torch.Size([4096, 1])
[DEBUG] Predictions shape: torch.Size([4096, 10])
[DEBUG] Targets shape: torch.Size([4096, 1])
[DEBUG] Predictions shape: torch.Size([4096, 10])
[DEBUG] Targets shape: torch.Size([4096, 1])
[DEBUG] Predictions shape: torch.Size([4096, 10])
[DEBUG] Targets shape: torch.Size([4096, 1])
[DEBUG] Predictions shape: torch.Size([4096, 10])
[DEBUG] Targets shape: torch.Size([4096, 1])
[DEBUG] Predictions shape: torch.Size([4096, 10])
[DEBUG] Targets shape: torch.Size([4096, 1])
[DEBUG] Predictions shape: torch.Size([4096, 10])
[DEBUG] Targets shape: torch.Size([4096, 1])
[DEBUG] Predictions shape: torch.Size([4096, 10])
[DEBUG] Targets shape: torch.Size([4096, 1])
[DEBUG] Predictions shape: torch.Size([4096, 10])
[DEBUG] Targets shape: torch.Size([4096, 1])
[DEBUG] Predictions shape: torch.Size([4096, 10])
[DEBUG] Targets shape: torch.Size([4096, 1])
[DEBUG] Predictions shape: torch.Size([4096, 10])
[DEBUG] Targets shape: torch.Size([4096, 1])
[DEBUG] Predictions shape: torch.Size([4096, 10])
[DEBUG] Targets shape: torch.Size([4096, 1])
[DEBUG] Predictions shape: torch.Size([4096, 10])
[DEBUG] Targets shape: torch.Size([4096, 1])
[DEBUG] Predictions shape: torch.Size([3625, 10])
[DEBUG] Targets shape: torch.Size([3625, 1])
[DEBUG] Predictions shape: torch.Size([4096, 10])
[DEBUG] Targets shape: torch.Size([4096, 1])
[DEBUG] Predictions shape: torch.Size([4096, 10])
[DEBUG] Targets shape: torch.Size([4096, 1])
[DEBUG] Predictions shape: torch.Size([4096, 10])
[DEBUG] Targets shape: torch.Size([4096, 1])
[DEBUG] Predictions shape: torch.Size([4096, 10])
[DEBUG] Targets shape: torch.Size([4096, 1])
[DEBUG] Predictions shape: torch.Size([4096, 10])
[DEBUG] Targets shape: torch.Size([4096, 1])
[DEBUG] Predictions shape: torch.Size([4096, 10])
[DEBUG] Targets shape: torch.Size([4096, 1])
[DEBUG] Predictions shape: torch.Size([1456, 10])
[DEBUG] Targets shape: torch.Size([1456, 1])
[DEBUG] Writing to CSV - Epoch: 124, Train MSE: 0.26549499936872023, Test MSE: 3.583833339248029, Train Acc: 9.667335544726102, Test Acc: 10.14520590043024
[DEBUG] Predictions shape: torch.Size([4096, 10])
[DEBUG] Targets shape: torch.Size([4096, 1])
[DEBUG] Predictions shape: torch.Size([4096, 10])
[DEBUG] Targets shape: torch.Size([4096, 1])
[DEBUG] Predictions shape: torch.Size([4096, 10])
[DEBUG] Targets shape: torch.Size([4096, 1])
[DEBUG] Predictions shape: torch.Size([4096, 10])
[DEBUG] Targets shape: torch.Size([4096, 1])
[DEBUG] Predictions shape: torch.Size([4096, 10])
[DEBUG] Targets shape: torch.Size([4096, 1])
[DEBUG] Predictions shape: torch.Size([4096, 10])
[DEBUG] Targets shape: torch.Size([4096, 1])
[DEBUG] Predictions shape: torch.Size([4096, 10])
[DEBUG] Targets shape: torch.Size([4096, 1])
[DEBUG] Predictions shape: torch.Size([4096, 10])
[DEBUG] Targets shape: torch.Size([4096, 1])
[DEBUG] Predictions shape: torch.Size([4096, 10])
[DEBUG] Targets shape: torch.Size([4096, 1])
[DEBUG] Predictions shape: torch.Size([4096, 10])
[DEBUG] Targets shape: torch.Size([4096, 1])
[DEBUG] Predictions shape: torch.Size([4096, 10])
[DEBUG] Targets shape: torch.Size([4096, 1])
[DEBUG] Predictions shape: torch.Size([4096, 10])
[DEBUG] Targets shape: torch.Size([4096, 1])
[DEBUG] Predictions shape: torch.Size([4096, 10])
[DEBUG] Targets shape: torch.Size([4096, 1])
[DEBUG] Predictions shape: torch.Size([4096, 10])
[DEBUG] Targets shape: torch.Size([4096, 1])
[DEBUG] Predictions shape: torch.Size([4096, 10])
[DEBUG] Targets shape: torch.Size([4096, 1])
[DEBUG] Predictions shape: torch.Size([4096, 10])
[DEBUG] Targets shape: torch.Size([4096, 1])
[DEBUG] Predictions shape: torch.Size([4096, 10])
[DEBUG] Targets shape: torch.Size([4096, 1])
[DEBUG] Predictions shape: torch.Size([3625, 10])
[DEBUG] Targets shape: torch.Size([3625, 1])
[DEBUG] Predictions shape: torch.Size([4096, 10])
[DEBUG] Targets shape: torch.Size([4096, 1])
[DEBUG] Predictions shape: torch.Size([4096, 10])
[DEBUG] Targets shape: torch.Size([4096, 1])
[DEBUG] Predictions shape: torch.Size([4096, 10])
[DEBUG] Targets shape: torch.Size([4096, 1])
[DEBUG] Predictions shape: torch.Size([4096, 10])
[DEBUG] Targets shape: torch.Size([4096, 1])
[DEBUG] Predictions shape: torch.Size([4096, 10])
[DEBUG] Targets shape: torch.Size([4096, 1])
[DEBUG] Predictions shape: torch.Size([4096, 10])
[DEBUG] Targets shape: torch.Size([4096, 1])
[DEBUG] Predictions shape: torch.Size([1456, 10])
[DEBUG] Targets shape: torch.Size([1456, 1])
[DEBUG] Writing to CSV - Epoch: 125, Train MSE: 0.2600768828776229, Test MSE: 3.832926362881136, Train Acc: 10.061837094066096, Test Acc: 10.452519975414875
[DEBUG] Predictions shape: torch.Size([4096, 10])
[DEBUG] Targets shape: torch.Size([4096, 1])
[DEBUG] Predictions shape: torch.Size([4096, 10])
[DEBUG] Targets shape: torch.Size([4096, 1])
[DEBUG] Predictions shape: torch.Size([4096, 10])
[DEBUG] Targets shape: torch.Size([4096, 1])
[DEBUG] Predictions shape: torch.Size([4096, 10])
[DEBUG] Targets shape: torch.Size([4096, 1])
[DEBUG] Predictions shape: torch.Size([4096, 10])
[DEBUG] Targets shape: torch.Size([4096, 1])
[DEBUG] Predictions shape: torch.Size([4096, 10])
[DEBUG] Targets shape: torch.Size([4096, 1])
[DEBUG] Predictions shape: torch.Size([4096, 10])
[DEBUG] Targets shape: torch.Size([4096, 1])
[DEBUG] Predictions shape: torch.Size([4096, 10])
[DEBUG] Targets shape: torch.Size([4096, 1])
[DEBUG] Predictions shape: torch.Size([4096, 10])
[DEBUG] Targets shape: torch.Size([4096, 1])
[DEBUG] Predictions shape: torch.Size([4096, 10])
[DEBUG] Targets shape: torch.Size([4096, 1])
[DEBUG] Predictions shape: torch.Size([4096, 10])
[DEBUG] Targets shape: torch.Size([4096, 1])
[DEBUG] Predictions shape: torch.Size([4096, 10])
[DEBUG] Targets shape: torch.Size([4096, 1])
[DEBUG] Predictions shape: torch.Size([4096, 10])
[DEBUG] Targets shape: torch.Size([4096, 1])
[DEBUG] Predictions shape: torch.Size([4096, 10])
[DEBUG] Targets shape: torch.Size([4096, 1])
[DEBUG] Predictions shape: torch.Size([4096, 10])
[DEBUG] Targets shape: torch.Size([4096, 1])
[DEBUG] Predictions shape: torch.Size([4096, 10])
[DEBUG] Targets shape: torch.Size([4096, 1])
[DEBUG] Predictions shape: torch.Size([4096, 10])
[DEBUG] Targets shape: torch.Size([4096, 1])
[DEBUG] Predictions shape: torch.Size([3625, 10])
[DEBUG] Targets shape: torch.Size([3625, 1])
[DEBUG] Predictions shape: torch.Size([4096, 10])
[DEBUG] Targets shape: torch.Size([4096, 1])
[DEBUG] Predictions shape: torch.Size([4096, 10])
[DEBUG] Targets shape: torch.Size([4096, 1])
[DEBUG] Predictions shape: torch.Size([4096, 10])
[DEBUG] Targets shape: torch.Size([4096, 1])
[DEBUG] Predictions shape: torch.Size([4096, 10])
[DEBUG] Targets shape: torch.Size([4096, 1])
[DEBUG] Predictions shape: torch.Size([4096, 10])
[DEBUG] Targets shape: torch.Size([4096, 1])
[DEBUG] Predictions shape: torch.Size([4096, 10])
[DEBUG] Targets shape: torch.Size([4096, 1])
[DEBUG] Predictions shape: torch.Size([1456, 10])
[DEBUG] Targets shape: torch.Size([1456, 1])
[DEBUG] Writing to CSV - Epoch: 126, Train MSE: 0.2951630653089929, Test MSE: 3.605755498237821, Train Acc: 10.157391102556753, Test Acc: 10.444837123540259
[DEBUG] Predictions shape: torch.Size([4096, 10])
[DEBUG] Targets shape: torch.Size([4096, 1])
[DEBUG] Predictions shape: torch.Size([4096, 10])
[DEBUG] Targets shape: torch.Size([4096, 1])
[DEBUG] Predictions shape: torch.Size([4096, 10])
[DEBUG] Targets shape: torch.Size([4096, 1])
[DEBUG] Predictions shape: torch.Size([4096, 10])
[DEBUG] Targets shape: torch.Size([4096, 1])
[DEBUG] Predictions shape: torch.Size([4096, 10])
[DEBUG] Targets shape: torch.Size([4096, 1])
[DEBUG] Predictions shape: torch.Size([4096, 10])
[DEBUG] Targets shape: torch.Size([4096, 1])
[DEBUG] Predictions shape: torch.Size([4096, 10])
[DEBUG] Targets shape: torch.Size([4096, 1])
[DEBUG] Predictions shape: torch.Size([4096, 10])
[DEBUG] Targets shape: torch.Size([4096, 1])
[DEBUG] Predictions shape: torch.Size([4096, 10])
[DEBUG] Targets shape: torch.Size([4096, 1])
[DEBUG] Predictions shape: torch.Size([4096, 10])
[DEBUG] Targets shape: torch.Size([4096, 1])
[DEBUG] Predictions shape: torch.Size([4096, 10])
[DEBUG] Targets shape: torch.Size([4096, 1])
[DEBUG] Predictions shape: torch.Size([4096, 10])
[DEBUG] Targets shape: torch.Size([4096, 1])
[DEBUG] Predictions shape: torch.Size([4096, 10])
[DEBUG] Targets shape: torch.Size([4096, 1])
[DEBUG] Predictions shape: torch.Size([4096, 10])
[DEBUG] Targets shape: torch.Size([4096, 1])
[DEBUG] Predictions shape: torch.Size([4096, 10])
[DEBUG] Targets shape: torch.Size([4096, 1])
[DEBUG] Predictions shape: torch.Size([4096, 10])
[DEBUG] Targets shape: torch.Size([4096, 1])
[DEBUG] Predictions shape: torch.Size([4096, 10])
[DEBUG] Targets shape: torch.Size([4096, 1])
[DEBUG] Predictions shape: torch.Size([3625, 10])
[DEBUG] Targets shape: torch.Size([3625, 1])
[DEBUG] Predictions shape: torch.Size([4096, 10])
[DEBUG] Targets shape: torch.Size([4096, 1])
[DEBUG] Predictions shape: torch.Size([4096, 10])
[DEBUG] Targets shape: torch.Size([4096, 1])
[DEBUG] Predictions shape: torch.Size([4096, 10])
[DEBUG] Targets shape: torch.Size([4096, 1])
[DEBUG] Predictions shape: torch.Size([4096, 10])
[DEBUG] Targets shape: torch.Size([4096, 1])
[DEBUG] Predictions shape: torch.Size([4096, 10])
[DEBUG] Targets shape: torch.Size([4096, 1])
[DEBUG] Predictions shape: torch.Size([4096, 10])
[DEBUG] Targets shape: torch.Size([4096, 1])
[DEBUG] Predictions shape: torch.Size([1456, 10])
[DEBUG] Targets shape: torch.Size([1456, 1])
[DEBUG] Writing to CSV - Epoch: 127, Train MSE: 1.0162616957382347, Test MSE: 4.613475113466025, Train Acc: 9.220961819348322, Test Acc: 9.580516287645974
[DEBUG] Predictions shape: torch.Size([4096, 10])
[DEBUG] Targets shape: torch.Size([4096, 1])
[DEBUG] Predictions shape: torch.Size([4096, 10])
[DEBUG] Targets shape: torch.Size([4096, 1])
[DEBUG] Predictions shape: torch.Size([4096, 10])
[DEBUG] Targets shape: torch.Size([4096, 1])
[DEBUG] Predictions shape: torch.Size([4096, 10])
[DEBUG] Targets shape: torch.Size([4096, 1])
[DEBUG] Predictions shape: torch.Size([4096, 10])
[DEBUG] Targets shape: torch.Size([4096, 1])
[DEBUG] Predictions shape: torch.Size([4096, 10])
[DEBUG] Targets shape: torch.Size([4096, 1])
[DEBUG] Predictions shape: torch.Size([4096, 10])
[DEBUG] Targets shape: torch.Size([4096, 1])
[DEBUG] Predictions shape: torch.Size([4096, 10])
[DEBUG] Targets shape: torch.Size([4096, 1])
[DEBUG] Predictions shape: torch.Size([4096, 10])
[DEBUG] Targets shape: torch.Size([4096, 1])
[DEBUG] Predictions shape: torch.Size([4096, 10])
[DEBUG] Targets shape: torch.Size([4096, 1])
[DEBUG] Predictions shape: torch.Size([4096, 10])
[DEBUG] Targets shape: torch.Size([4096, 1])
[DEBUG] Predictions shape: torch.Size([4096, 10])
[DEBUG] Targets shape: torch.Size([4096, 1])
[DEBUG] Predictions shape: torch.Size([4096, 10])
[DEBUG] Targets shape: torch.Size([4096, 1])
[DEBUG] Predictions shape: torch.Size([4096, 10])
[DEBUG] Targets shape: torch.Size([4096, 1])
[DEBUG] Predictions shape: torch.Size([4096, 10])
[DEBUG] Targets shape: torch.Size([4096, 1])
[DEBUG] Predictions shape: torch.Size([4096, 10])
[DEBUG] Targets shape: torch.Size([4096, 1])
[DEBUG] Predictions shape: torch.Size([4096, 10])
[DEBUG] Targets shape: torch.Size([4096, 1])
[DEBUG] Predictions shape: torch.Size([3625, 10])
[DEBUG] Targets shape: torch.Size([3625, 1])
[DEBUG] Predictions shape: torch.Size([4096, 10])
[DEBUG] Targets shape: torch.Size([4096, 1])
[DEBUG] Predictions shape: torch.Size([4096, 10])
[DEBUG] Targets shape: torch.Size([4096, 1])
[DEBUG] Predictions shape: torch.Size([4096, 10])
[DEBUG] Targets shape: torch.Size([4096, 1])
[DEBUG] Predictions shape: torch.Size([4096, 10])
[DEBUG] Targets shape: torch.Size([4096, 1])
[DEBUG] Predictions shape: torch.Size([4096, 10])
[DEBUG] Targets shape: torch.Size([4096, 1])
[DEBUG] Predictions shape: torch.Size([4096, 10])
[DEBUG] Targets shape: torch.Size([4096, 1])
[DEBUG] Predictions shape: torch.Size([1456, 10])
[DEBUG] Targets shape: torch.Size([1456, 1])
[DEBUG] Writing to CSV - Epoch: 128, Train MSE: 0.22159562507695632, Test MSE: 3.681372277635552, Train Acc: 10.381260493877718, Test Acc: 10.659956976029502
[DEBUG] Predictions shape: torch.Size([4096, 10])
[DEBUG] Targets shape: torch.Size([4096, 1])
[DEBUG] Predictions shape: torch.Size([4096, 10])
[DEBUG] Targets shape: torch.Size([4096, 1])
[DEBUG] Predictions shape: torch.Size([4096, 10])
[DEBUG] Targets shape: torch.Size([4096, 1])
[DEBUG] Predictions shape: torch.Size([4096, 10])
[DEBUG] Targets shape: torch.Size([4096, 1])
[DEBUG] Predictions shape: torch.Size([4096, 10])
[DEBUG] Targets shape: torch.Size([4096, 1])
[DEBUG] Predictions shape: torch.Size([4096, 10])
[DEBUG] Targets shape: torch.Size([4096, 1])
[DEBUG] Predictions shape: torch.Size([4096, 10])
[DEBUG] Targets shape: torch.Size([4096, 1])
[DEBUG] Predictions shape: torch.Size([4096, 10])
[DEBUG] Targets shape: torch.Size([4096, 1])
[DEBUG] Predictions shape: torch.Size([4096, 10])
[DEBUG] Targets shape: torch.Size([4096, 1])
[DEBUG] Predictions shape: torch.Size([4096, 10])
[DEBUG] Targets shape: torch.Size([4096, 1])
[DEBUG] Predictions shape: torch.Size([4096, 10])
[DEBUG] Targets shape: torch.Size([4096, 1])
[DEBUG] Predictions shape: torch.Size([4096, 10])
[DEBUG] Targets shape: torch.Size([4096, 1])
[DEBUG] Predictions shape: torch.Size([4096, 10])
[DEBUG] Targets shape: torch.Size([4096, 1])
[DEBUG] Predictions shape: torch.Size([4096, 10])
[DEBUG] Targets shape: torch.Size([4096, 1])
[DEBUG] Predictions shape: torch.Size([4096, 10])
[DEBUG] Targets shape: torch.Size([4096, 1])
[DEBUG] Predictions shape: torch.Size([4096, 10])
[DEBUG] Targets shape: torch.Size([4096, 1])
[DEBUG] Predictions shape: torch.Size([4096, 10])
[DEBUG] Targets shape: torch.Size([4096, 1])
[DEBUG] Predictions shape: torch.Size([3625, 10])
[DEBUG] Targets shape: torch.Size([3625, 1])
[DEBUG] Predictions shape: torch.Size([4096, 10])
[DEBUG] Targets shape: torch.Size([4096, 1])
[DEBUG] Predictions shape: torch.Size([4096, 10])
[DEBUG] Targets shape: torch.Size([4096, 1])
[DEBUG] Predictions shape: torch.Size([4096, 10])
[DEBUG] Targets shape: torch.Size([4096, 1])
[DEBUG] Predictions shape: torch.Size([4096, 10])
[DEBUG] Targets shape: torch.Size([4096, 1])
[DEBUG] Predictions shape: torch.Size([4096, 10])
[DEBUG] Targets shape: torch.Size([4096, 1])
[DEBUG] Predictions shape: torch.Size([4096, 10])
[DEBUG] Targets shape: torch.Size([4096, 1])
[DEBUG] Predictions shape: torch.Size([1456, 10])
[DEBUG] Targets shape: torch.Size([1456, 1])
[DEBUG] Writing to CSV - Epoch: 129, Train MSE: 0.5292312186543159, Test MSE: 3.6793861606037535, Train Acc: 10.127359842745403, Test Acc: 10.55239704978488
[DEBUG] Predictions shape: torch.Size([4096, 10])
[DEBUG] Targets shape: torch.Size([4096, 1])
[DEBUG] Predictions shape: torch.Size([4096, 10])
[DEBUG] Targets shape: torch.Size([4096, 1])
[DEBUG] Predictions shape: torch.Size([4096, 10])
[DEBUG] Targets shape: torch.Size([4096, 1])
[DEBUG] Predictions shape: torch.Size([4096, 10])
[DEBUG] Targets shape: torch.Size([4096, 1])
[DEBUG] Predictions shape: torch.Size([4096, 10])
[DEBUG] Targets shape: torch.Size([4096, 1])
[DEBUG] Predictions shape: torch.Size([4096, 10])
[DEBUG] Targets shape: torch.Size([4096, 1])
[DEBUG] Predictions shape: torch.Size([4096, 10])
[DEBUG] Targets shape: torch.Size([4096, 1])
[DEBUG] Predictions shape: torch.Size([4096, 10])
[DEBUG] Targets shape: torch.Size([4096, 1])
[DEBUG] Predictions shape: torch.Size([4096, 10])
[DEBUG] Targets shape: torch.Size([4096, 1])
[DEBUG] Predictions shape: torch.Size([4096, 10])
[DEBUG] Targets shape: torch.Size([4096, 1])
[DEBUG] Predictions shape: torch.Size([4096, 10])
[DEBUG] Targets shape: torch.Size([4096, 1])
[DEBUG] Predictions shape: torch.Size([4096, 10])
[DEBUG] Targets shape: torch.Size([4096, 1])
[DEBUG] Predictions shape: torch.Size([4096, 10])
[DEBUG] Targets shape: torch.Size([4096, 1])
[DEBUG] Predictions shape: torch.Size([4096, 10])
[DEBUG] Targets shape: torch.Size([4096, 1])
[DEBUG] Predictions shape: torch.Size([4096, 10])
[DEBUG] Targets shape: torch.Size([4096, 1])
[DEBUG] Predictions shape: torch.Size([4096, 10])
[DEBUG] Targets shape: torch.Size([4096, 1])
[DEBUG] Predictions shape: torch.Size([4096, 10])
[DEBUG] Targets shape: torch.Size([4096, 1])
[DEBUG] Predictions shape: torch.Size([3625, 10])
[DEBUG] Targets shape: torch.Size([3625, 1])
[DEBUG] Predictions shape: torch.Size([4096, 10])
[DEBUG] Targets shape: torch.Size([4096, 1])
[DEBUG] Predictions shape: torch.Size([4096, 10])
[DEBUG] Targets shape: torch.Size([4096, 1])
[DEBUG] Predictions shape: torch.Size([4096, 10])
[DEBUG] Targets shape: torch.Size([4096, 1])
[DEBUG] Predictions shape: torch.Size([4096, 10])
[DEBUG] Targets shape: torch.Size([4096, 1])
[DEBUG] Predictions shape: torch.Size([4096, 10])
[DEBUG] Targets shape: torch.Size([4096, 1])
[DEBUG] Predictions shape: torch.Size([4096, 10])
[DEBUG] Targets shape: torch.Size([4096, 1])
[DEBUG] Predictions shape: torch.Size([1456, 10])
[DEBUG] Targets shape: torch.Size([1456, 1])
[DEBUG] Writing to CSV - Epoch: 130, Train MSE: 0.17926650440586153, Test MSE: 3.6112013165029047, Train Acc: 9.642764513971361, Test Acc: 9.707283343577135
[Epoch 130] train_mse=0.179267  test_mse=3.611201
[DEBUG] Predictions shape: torch.Size([4096, 10])
[DEBUG] Targets shape: torch.Size([4096, 1])
[DEBUG] Predictions shape: torch.Size([4096, 10])
[DEBUG] Targets shape: torch.Size([4096, 1])
[DEBUG] Predictions shape: torch.Size([4096, 10])
[DEBUG] Targets shape: torch.Size([4096, 1])
[DEBUG] Predictions shape: torch.Size([4096, 10])
[DEBUG] Targets shape: torch.Size([4096, 1])
[DEBUG] Predictions shape: torch.Size([4096, 10])
[DEBUG] Targets shape: torch.Size([4096, 1])
[DEBUG] Predictions shape: torch.Size([4096, 10])
[DEBUG] Targets shape: torch.Size([4096, 1])
[DEBUG] Predictions shape: torch.Size([4096, 10])
[DEBUG] Targets shape: torch.Size([4096, 1])
[DEBUG] Predictions shape: torch.Size([4096, 10])
[DEBUG] Targets shape: torch.Size([4096, 1])
[DEBUG] Predictions shape: torch.Size([4096, 10])
[DEBUG] Targets shape: torch.Size([4096, 1])
[DEBUG] Predictions shape: torch.Size([4096, 10])
[DEBUG] Targets shape: torch.Size([4096, 1])
[DEBUG] Predictions shape: torch.Size([4096, 10])
[DEBUG] Targets shape: torch.Size([4096, 1])
[DEBUG] Predictions shape: torch.Size([4096, 10])
[DEBUG] Targets shape: torch.Size([4096, 1])
[DEBUG] Predictions shape: torch.Size([4096, 10])
[DEBUG] Targets shape: torch.Size([4096, 1])
[DEBUG] Predictions shape: torch.Size([4096, 10])
[DEBUG] Targets shape: torch.Size([4096, 1])
[DEBUG] Predictions shape: torch.Size([4096, 10])
[DEBUG] Targets shape: torch.Size([4096, 1])
[DEBUG] Predictions shape: torch.Size([4096, 10])
[DEBUG] Targets shape: torch.Size([4096, 1])
[DEBUG] Predictions shape: torch.Size([4096, 10])
[DEBUG] Targets shape: torch.Size([4096, 1])
[DEBUG] Predictions shape: torch.Size([3625, 10])
[DEBUG] Targets shape: torch.Size([3625, 1])
[DEBUG] Predictions shape: torch.Size([4096, 10])
[DEBUG] Targets shape: torch.Size([4096, 1])
[DEBUG] Predictions shape: torch.Size([4096, 10])
[DEBUG] Targets shape: torch.Size([4096, 1])
[DEBUG] Predictions shape: torch.Size([4096, 10])
[DEBUG] Targets shape: torch.Size([4096, 1])
[DEBUG] Predictions shape: torch.Size([4096, 10])
[DEBUG] Targets shape: torch.Size([4096, 1])
[DEBUG] Predictions shape: torch.Size([4096, 10])
[DEBUG] Targets shape: torch.Size([4096, 1])
[DEBUG] Predictions shape: torch.Size([4096, 10])
[DEBUG] Targets shape: torch.Size([4096, 1])
[DEBUG] Predictions shape: torch.Size([1456, 10])
[DEBUG] Targets shape: torch.Size([1456, 1])
[DEBUG] Writing to CSV - Epoch: 131, Train MSE: 0.19313854225114027, Test MSE: 3.7158748904253414, Train Acc: 9.67825600283932, Test Acc: 9.899354640442532
[DEBUG] Predictions shape: torch.Size([4096, 10])
[DEBUG] Targets shape: torch.Size([4096, 1])
[DEBUG] Predictions shape: torch.Size([4096, 10])
[DEBUG] Targets shape: torch.Size([4096, 1])
[DEBUG] Predictions shape: torch.Size([4096, 10])
[DEBUG] Targets shape: torch.Size([4096, 1])
[DEBUG] Predictions shape: torch.Size([4096, 10])
[DEBUG] Targets shape: torch.Size([4096, 1])
[DEBUG] Predictions shape: torch.Size([4096, 10])
[DEBUG] Targets shape: torch.Size([4096, 1])
[DEBUG] Predictions shape: torch.Size([4096, 10])
[DEBUG] Targets shape: torch.Size([4096, 1])
[DEBUG] Predictions shape: torch.Size([4096, 10])
[DEBUG] Targets shape: torch.Size([4096, 1])
[DEBUG] Predictions shape: torch.Size([4096, 10])
[DEBUG] Targets shape: torch.Size([4096, 1])
[DEBUG] Predictions shape: torch.Size([4096, 10])
[DEBUG] Targets shape: torch.Size([4096, 1])
[DEBUG] Predictions shape: torch.Size([4096, 10])
[DEBUG] Targets shape: torch.Size([4096, 1])
[DEBUG] Predictions shape: torch.Size([4096, 10])
[DEBUG] Targets shape: torch.Size([4096, 1])
[DEBUG] Predictions shape: torch.Size([4096, 10])
[DEBUG] Targets shape: torch.Size([4096, 1])
[DEBUG] Predictions shape: torch.Size([4096, 10])
[DEBUG] Targets shape: torch.Size([4096, 1])
[DEBUG] Predictions shape: torch.Size([4096, 10])
[DEBUG] Targets shape: torch.Size([4096, 1])
[DEBUG] Predictions shape: torch.Size([4096, 10])
[DEBUG] Targets shape: torch.Size([4096, 1])
[DEBUG] Predictions shape: torch.Size([4096, 10])
[DEBUG] Targets shape: torch.Size([4096, 1])
[DEBUG] Predictions shape: torch.Size([4096, 10])
[DEBUG] Targets shape: torch.Size([4096, 1])
[DEBUG] Predictions shape: torch.Size([3625, 10])
[DEBUG] Targets shape: torch.Size([3625, 1])
[DEBUG] Predictions shape: torch.Size([4096, 10])
[DEBUG] Targets shape: torch.Size([4096, 1])
[DEBUG] Predictions shape: torch.Size([4096, 10])
[DEBUG] Targets shape: torch.Size([4096, 1])
[DEBUG] Predictions shape: torch.Size([4096, 10])
[DEBUG] Targets shape: torch.Size([4096, 1])
[DEBUG] Predictions shape: torch.Size([4096, 10])
[DEBUG] Targets shape: torch.Size([4096, 1])
[DEBUG] Predictions shape: torch.Size([4096, 10])
[DEBUG] Targets shape: torch.Size([4096, 1])
[DEBUG] Predictions shape: torch.Size([4096, 10])
[DEBUG] Targets shape: torch.Size([4096, 1])
[DEBUG] Predictions shape: torch.Size([1456, 10])
[DEBUG] Targets shape: torch.Size([1456, 1])
[DEBUG] Writing to CSV - Epoch: 132, Train MSE: 0.19952831312169678, Test MSE: 3.661739185681428, Train Acc: 10.090503296613292, Test Acc: 10.137523048555623
[DEBUG] Predictions shape: torch.Size([4096, 10])
[DEBUG] Targets shape: torch.Size([4096, 1])
[DEBUG] Predictions shape: torch.Size([4096, 10])
[DEBUG] Targets shape: torch.Size([4096, 1])
[DEBUG] Predictions shape: torch.Size([4096, 10])
[DEBUG] Targets shape: torch.Size([4096, 1])
[DEBUG] Predictions shape: torch.Size([4096, 10])
[DEBUG] Targets shape: torch.Size([4096, 1])
[DEBUG] Predictions shape: torch.Size([4096, 10])
[DEBUG] Targets shape: torch.Size([4096, 1])
[DEBUG] Predictions shape: torch.Size([4096, 10])
[DEBUG] Targets shape: torch.Size([4096, 1])
[DEBUG] Predictions shape: torch.Size([4096, 10])
[DEBUG] Targets shape: torch.Size([4096, 1])
[DEBUG] Predictions shape: torch.Size([4096, 10])
[DEBUG] Targets shape: torch.Size([4096, 1])
[DEBUG] Predictions shape: torch.Size([4096, 10])
[DEBUG] Targets shape: torch.Size([4096, 1])
[DEBUG] Predictions shape: torch.Size([4096, 10])
[DEBUG] Targets shape: torch.Size([4096, 1])
[DEBUG] Predictions shape: torch.Size([4096, 10])
[DEBUG] Targets shape: torch.Size([4096, 1])
[DEBUG] Predictions shape: torch.Size([4096, 10])
[DEBUG] Targets shape: torch.Size([4096, 1])
[DEBUG] Predictions shape: torch.Size([4096, 10])
[DEBUG] Targets shape: torch.Size([4096, 1])
[DEBUG] Predictions shape: torch.Size([4096, 10])
[DEBUG] Targets shape: torch.Size([4096, 1])
[DEBUG] Predictions shape: torch.Size([4096, 10])
[DEBUG] Targets shape: torch.Size([4096, 1])
[DEBUG] Predictions shape: torch.Size([4096, 10])
[DEBUG] Targets shape: torch.Size([4096, 1])
[DEBUG] Predictions shape: torch.Size([4096, 10])
[DEBUG] Targets shape: torch.Size([4096, 1])
[DEBUG] Predictions shape: torch.Size([3625, 10])
[DEBUG] Targets shape: torch.Size([3625, 1])
[DEBUG] Predictions shape: torch.Size([4096, 10])
[DEBUG] Targets shape: torch.Size([4096, 1])
[DEBUG] Predictions shape: torch.Size([4096, 10])
[DEBUG] Targets shape: torch.Size([4096, 1])
[DEBUG] Predictions shape: torch.Size([4096, 10])
[DEBUG] Targets shape: torch.Size([4096, 1])
[DEBUG] Predictions shape: torch.Size([4096, 10])
[DEBUG] Targets shape: torch.Size([4096, 1])
[DEBUG] Predictions shape: torch.Size([4096, 10])
[DEBUG] Targets shape: torch.Size([4096, 1])
[DEBUG] Predictions shape: torch.Size([4096, 10])
[DEBUG] Targets shape: torch.Size([4096, 1])
[DEBUG] Predictions shape: torch.Size([1456, 10])
[DEBUG] Targets shape: torch.Size([1456, 1])
[DEBUG] Writing to CSV - Epoch: 133, Train MSE: 0.3066627369148051, Test MSE: 3.597731426880267, Train Acc: 10.009964918028311, Test Acc: 10.083743085433312
[DEBUG] Predictions shape: torch.Size([4096, 10])
[DEBUG] Targets shape: torch.Size([4096, 1])
[DEBUG] Predictions shape: torch.Size([4096, 10])
[DEBUG] Targets shape: torch.Size([4096, 1])
[DEBUG] Predictions shape: torch.Size([4096, 10])
[DEBUG] Targets shape: torch.Size([4096, 1])
[DEBUG] Predictions shape: torch.Size([4096, 10])
[DEBUG] Targets shape: torch.Size([4096, 1])
[DEBUG] Predictions shape: torch.Size([4096, 10])
[DEBUG] Targets shape: torch.Size([4096, 1])
[DEBUG] Predictions shape: torch.Size([4096, 10])
[DEBUG] Targets shape: torch.Size([4096, 1])
[DEBUG] Predictions shape: torch.Size([4096, 10])
[DEBUG] Targets shape: torch.Size([4096, 1])
[DEBUG] Predictions shape: torch.Size([4096, 10])
[DEBUG] Targets shape: torch.Size([4096, 1])
[DEBUG] Predictions shape: torch.Size([4096, 10])
[DEBUG] Targets shape: torch.Size([4096, 1])
[DEBUG] Predictions shape: torch.Size([4096, 10])
[DEBUG] Targets shape: torch.Size([4096, 1])
[DEBUG] Predictions shape: torch.Size([4096, 10])
[DEBUG] Targets shape: torch.Size([4096, 1])
[DEBUG] Predictions shape: torch.Size([4096, 10])
[DEBUG] Targets shape: torch.Size([4096, 1])
[DEBUG] Predictions shape: torch.Size([4096, 10])
[DEBUG] Targets shape: torch.Size([4096, 1])
[DEBUG] Predictions shape: torch.Size([4096, 10])
[DEBUG] Targets shape: torch.Size([4096, 1])
[DEBUG] Predictions shape: torch.Size([4096, 10])
[DEBUG] Targets shape: torch.Size([4096, 1])
[DEBUG] Predictions shape: torch.Size([4096, 10])
[DEBUG] Targets shape: torch.Size([4096, 1])
[DEBUG] Predictions shape: torch.Size([4096, 10])
[DEBUG] Targets shape: torch.Size([4096, 1])
[DEBUG] Predictions shape: torch.Size([3625, 10])
[DEBUG] Targets shape: torch.Size([3625, 1])
[DEBUG] Predictions shape: torch.Size([4096, 10])
[DEBUG] Targets shape: torch.Size([4096, 1])
[DEBUG] Predictions shape: torch.Size([4096, 10])
[DEBUG] Targets shape: torch.Size([4096, 1])
[DEBUG] Predictions shape: torch.Size([4096, 10])
[DEBUG] Targets shape: torch.Size([4096, 1])
[DEBUG] Predictions shape: torch.Size([4096, 10])
[DEBUG] Targets shape: torch.Size([4096, 1])
[DEBUG] Predictions shape: torch.Size([4096, 10])
[DEBUG] Targets shape: torch.Size([4096, 1])
[DEBUG] Predictions shape: torch.Size([4096, 10])
[DEBUG] Targets shape: torch.Size([4096, 1])
[DEBUG] Predictions shape: torch.Size([1456, 10])
[DEBUG] Targets shape: torch.Size([1456, 1])
[DEBUG] Writing to CSV - Epoch: 134, Train MSE: 0.1723050625208192, Test MSE: 3.596855575934318, Train Acc: 9.969013200103744, Test Acc: 10.295021511985249
[DEBUG] Predictions shape: torch.Size([4096, 10])
[DEBUG] Targets shape: torch.Size([4096, 1])
[DEBUG] Predictions shape: torch.Size([4096, 10])
[DEBUG] Targets shape: torch.Size([4096, 1])
[DEBUG] Predictions shape: torch.Size([4096, 10])
[DEBUG] Targets shape: torch.Size([4096, 1])
[DEBUG] Predictions shape: torch.Size([4096, 10])
[DEBUG] Targets shape: torch.Size([4096, 1])
[DEBUG] Predictions shape: torch.Size([4096, 10])
[DEBUG] Targets shape: torch.Size([4096, 1])
[DEBUG] Predictions shape: torch.Size([4096, 10])
[DEBUG] Targets shape: torch.Size([4096, 1])
[DEBUG] Predictions shape: torch.Size([4096, 10])
[DEBUG] Targets shape: torch.Size([4096, 1])
[DEBUG] Predictions shape: torch.Size([4096, 10])
[DEBUG] Targets shape: torch.Size([4096, 1])
[DEBUG] Predictions shape: torch.Size([4096, 10])
[DEBUG] Targets shape: torch.Size([4096, 1])
[DEBUG] Predictions shape: torch.Size([4096, 10])
[DEBUG] Targets shape: torch.Size([4096, 1])
[DEBUG] Predictions shape: torch.Size([4096, 10])
[DEBUG] Targets shape: torch.Size([4096, 1])
[DEBUG] Predictions shape: torch.Size([4096, 10])
[DEBUG] Targets shape: torch.Size([4096, 1])
[DEBUG] Predictions shape: torch.Size([4096, 10])
[DEBUG] Targets shape: torch.Size([4096, 1])
[DEBUG] Predictions shape: torch.Size([4096, 10])
[DEBUG] Targets shape: torch.Size([4096, 1])
[DEBUG] Predictions shape: torch.Size([4096, 10])
[DEBUG] Targets shape: torch.Size([4096, 1])
[DEBUG] Predictions shape: torch.Size([4096, 10])
[DEBUG] Targets shape: torch.Size([4096, 1])
[DEBUG] Predictions shape: torch.Size([4096, 10])
[DEBUG] Targets shape: torch.Size([4096, 1])
[DEBUG] Predictions shape: torch.Size([3625, 10])
[DEBUG] Targets shape: torch.Size([3625, 1])
[DEBUG] Predictions shape: torch.Size([4096, 10])
[DEBUG] Targets shape: torch.Size([4096, 1])
[DEBUG] Predictions shape: torch.Size([4096, 10])
[DEBUG] Targets shape: torch.Size([4096, 1])
[DEBUG] Predictions shape: torch.Size([4096, 10])
[DEBUG] Targets shape: torch.Size([4096, 1])
[DEBUG] Predictions shape: torch.Size([4096, 10])
[DEBUG] Targets shape: torch.Size([4096, 1])
[DEBUG] Predictions shape: torch.Size([4096, 10])
[DEBUG] Targets shape: torch.Size([4096, 1])
[DEBUG] Predictions shape: torch.Size([4096, 10])
[DEBUG] Targets shape: torch.Size([4096, 1])
[DEBUG] Predictions shape: torch.Size([1456, 10])
[DEBUG] Targets shape: torch.Size([1456, 1])
[DEBUG] Writing to CSV - Epoch: 135, Train MSE: 0.23142082650661272, Test MSE: 3.79385447883137, Train Acc: 10.169676617934122, Test Acc: 10.656115550092194
[DEBUG] Predictions shape: torch.Size([4096, 10])
[DEBUG] Targets shape: torch.Size([4096, 1])
[DEBUG] Predictions shape: torch.Size([4096, 10])
[DEBUG] Targets shape: torch.Size([4096, 1])
[DEBUG] Predictions shape: torch.Size([4096, 10])
[DEBUG] Targets shape: torch.Size([4096, 1])
[DEBUG] Predictions shape: torch.Size([4096, 10])
[DEBUG] Targets shape: torch.Size([4096, 1])
[DEBUG] Predictions shape: torch.Size([4096, 10])
[DEBUG] Targets shape: torch.Size([4096, 1])
[DEBUG] Predictions shape: torch.Size([4096, 10])
[DEBUG] Targets shape: torch.Size([4096, 1])
[DEBUG] Predictions shape: torch.Size([4096, 10])
[DEBUG] Targets shape: torch.Size([4096, 1])
[DEBUG] Predictions shape: torch.Size([4096, 10])
[DEBUG] Targets shape: torch.Size([4096, 1])
[DEBUG] Predictions shape: torch.Size([4096, 10])
[DEBUG] Targets shape: torch.Size([4096, 1])
[DEBUG] Predictions shape: torch.Size([4096, 10])
[DEBUG] Targets shape: torch.Size([4096, 1])
[DEBUG] Predictions shape: torch.Size([4096, 10])
[DEBUG] Targets shape: torch.Size([4096, 1])
[DEBUG] Predictions shape: torch.Size([4096, 10])
[DEBUG] Targets shape: torch.Size([4096, 1])
[DEBUG] Predictions shape: torch.Size([4096, 10])
[DEBUG] Targets shape: torch.Size([4096, 1])
[DEBUG] Predictions shape: torch.Size([4096, 10])
[DEBUG] Targets shape: torch.Size([4096, 1])
[DEBUG] Predictions shape: torch.Size([4096, 10])
[DEBUG] Targets shape: torch.Size([4096, 1])
[DEBUG] Predictions shape: torch.Size([4096, 10])
[DEBUG] Targets shape: torch.Size([4096, 1])
[DEBUG] Predictions shape: torch.Size([4096, 10])
[DEBUG] Targets shape: torch.Size([4096, 1])
[DEBUG] Predictions shape: torch.Size([3625, 10])
[DEBUG] Targets shape: torch.Size([3625, 1])
[DEBUG] Predictions shape: torch.Size([4096, 10])
[DEBUG] Targets shape: torch.Size([4096, 1])
[DEBUG] Predictions shape: torch.Size([4096, 10])
[DEBUG] Targets shape: torch.Size([4096, 1])
[DEBUG] Predictions shape: torch.Size([4096, 10])
[DEBUG] Targets shape: torch.Size([4096, 1])
[DEBUG] Predictions shape: torch.Size([4096, 10])
[DEBUG] Targets shape: torch.Size([4096, 1])
[DEBUG] Predictions shape: torch.Size([4096, 10])
[DEBUG] Targets shape: torch.Size([4096, 1])
[DEBUG] Predictions shape: torch.Size([4096, 10])
[DEBUG] Targets shape: torch.Size([4096, 1])
[DEBUG] Predictions shape: torch.Size([1456, 10])
[DEBUG] Targets shape: torch.Size([1456, 1])
[DEBUG] Writing to CSV - Epoch: 136, Train MSE: 0.2123454571606683, Test MSE: 3.726954356101516, Train Acc: 10.068662380386858, Test Acc: 10.46020282728949
[DEBUG] Predictions shape: torch.Size([4096, 10])
[DEBUG] Targets shape: torch.Size([4096, 1])
[DEBUG] Predictions shape: torch.Size([4096, 10])
[DEBUG] Targets shape: torch.Size([4096, 1])
[DEBUG] Predictions shape: torch.Size([4096, 10])
[DEBUG] Targets shape: torch.Size([4096, 1])
[DEBUG] Predictions shape: torch.Size([4096, 10])
[DEBUG] Targets shape: torch.Size([4096, 1])
[DEBUG] Predictions shape: torch.Size([4096, 10])
[DEBUG] Targets shape: torch.Size([4096, 1])
[DEBUG] Predictions shape: torch.Size([4096, 10])
[DEBUG] Targets shape: torch.Size([4096, 1])
[DEBUG] Predictions shape: torch.Size([4096, 10])
[DEBUG] Targets shape: torch.Size([4096, 1])
[DEBUG] Predictions shape: torch.Size([4096, 10])
[DEBUG] Targets shape: torch.Size([4096, 1])
[DEBUG] Predictions shape: torch.Size([4096, 10])
[DEBUG] Targets shape: torch.Size([4096, 1])
[DEBUG] Predictions shape: torch.Size([4096, 10])
[DEBUG] Targets shape: torch.Size([4096, 1])
[DEBUG] Predictions shape: torch.Size([4096, 10])
[DEBUG] Targets shape: torch.Size([4096, 1])
[DEBUG] Predictions shape: torch.Size([4096, 10])
[DEBUG] Targets shape: torch.Size([4096, 1])
[DEBUG] Predictions shape: torch.Size([4096, 10])
[DEBUG] Targets shape: torch.Size([4096, 1])
[DEBUG] Predictions shape: torch.Size([4096, 10])
[DEBUG] Targets shape: torch.Size([4096, 1])
[DEBUG] Predictions shape: torch.Size([4096, 10])
[DEBUG] Targets shape: torch.Size([4096, 1])
[DEBUG] Predictions shape: torch.Size([4096, 10])
[DEBUG] Targets shape: torch.Size([4096, 1])
[DEBUG] Predictions shape: torch.Size([4096, 10])
[DEBUG] Targets shape: torch.Size([4096, 1])
[DEBUG] Predictions shape: torch.Size([3625, 10])
[DEBUG] Targets shape: torch.Size([3625, 1])
[DEBUG] Predictions shape: torch.Size([4096, 10])
[DEBUG] Targets shape: torch.Size([4096, 1])
[DEBUG] Predictions shape: torch.Size([4096, 10])
[DEBUG] Targets shape: torch.Size([4096, 1])
[DEBUG] Predictions shape: torch.Size([4096, 10])
[DEBUG] Targets shape: torch.Size([4096, 1])
[DEBUG] Predictions shape: torch.Size([4096, 10])
[DEBUG] Targets shape: torch.Size([4096, 1])
[DEBUG] Predictions shape: torch.Size([4096, 10])
[DEBUG] Targets shape: torch.Size([4096, 1])
[DEBUG] Predictions shape: torch.Size([4096, 10])
[DEBUG] Targets shape: torch.Size([4096, 1])
[DEBUG] Predictions shape: torch.Size([1456, 10])
[DEBUG] Targets shape: torch.Size([1456, 1])
[DEBUG] Writing to CSV - Epoch: 137, Train MSE: 0.16871798937002935, Test MSE: 3.588243345724855, Train Acc: 10.071392494915163, Test Acc: 10.298862937922557
[DEBUG] Predictions shape: torch.Size([4096, 10])
[DEBUG] Targets shape: torch.Size([4096, 1])
[DEBUG] Predictions shape: torch.Size([4096, 10])
[DEBUG] Targets shape: torch.Size([4096, 1])
[DEBUG] Predictions shape: torch.Size([4096, 10])
[DEBUG] Targets shape: torch.Size([4096, 1])
[DEBUG] Predictions shape: torch.Size([4096, 10])
[DEBUG] Targets shape: torch.Size([4096, 1])
[DEBUG] Predictions shape: torch.Size([4096, 10])
[DEBUG] Targets shape: torch.Size([4096, 1])
[DEBUG] Predictions shape: torch.Size([4096, 10])
[DEBUG] Targets shape: torch.Size([4096, 1])
[DEBUG] Predictions shape: torch.Size([4096, 10])
[DEBUG] Targets shape: torch.Size([4096, 1])
[DEBUG] Predictions shape: torch.Size([4096, 10])
[DEBUG] Targets shape: torch.Size([4096, 1])
[DEBUG] Predictions shape: torch.Size([4096, 10])
[DEBUG] Targets shape: torch.Size([4096, 1])
[DEBUG] Predictions shape: torch.Size([4096, 10])
[DEBUG] Targets shape: torch.Size([4096, 1])
[DEBUG] Predictions shape: torch.Size([4096, 10])
[DEBUG] Targets shape: torch.Size([4096, 1])
[DEBUG] Predictions shape: torch.Size([4096, 10])
[DEBUG] Targets shape: torch.Size([4096, 1])
[DEBUG] Predictions shape: torch.Size([4096, 10])
[DEBUG] Targets shape: torch.Size([4096, 1])
[DEBUG] Predictions shape: torch.Size([4096, 10])
[DEBUG] Targets shape: torch.Size([4096, 1])
[DEBUG] Predictions shape: torch.Size([4096, 10])
[DEBUG] Targets shape: torch.Size([4096, 1])
[DEBUG] Predictions shape: torch.Size([4096, 10])
[DEBUG] Targets shape: torch.Size([4096, 1])
[DEBUG] Predictions shape: torch.Size([4096, 10])
[DEBUG] Targets shape: torch.Size([4096, 1])
[DEBUG] Predictions shape: torch.Size([3625, 10])
[DEBUG] Targets shape: torch.Size([3625, 1])
[DEBUG] Predictions shape: torch.Size([4096, 10])
[DEBUG] Targets shape: torch.Size([4096, 1])
[DEBUG] Predictions shape: torch.Size([4096, 10])
[DEBUG] Targets shape: torch.Size([4096, 1])
[DEBUG] Predictions shape: torch.Size([4096, 10])
[DEBUG] Targets shape: torch.Size([4096, 1])
[DEBUG] Predictions shape: torch.Size([4096, 10])
[DEBUG] Targets shape: torch.Size([4096, 1])
[DEBUG] Predictions shape: torch.Size([4096, 10])
[DEBUG] Targets shape: torch.Size([4096, 1])
[DEBUG] Predictions shape: torch.Size([4096, 10])
[DEBUG] Targets shape: torch.Size([4096, 1])
[DEBUG] Predictions shape: torch.Size([1456, 10])
[DEBUG] Targets shape: torch.Size([1456, 1])
[DEBUG] Writing to CSV - Epoch: 138, Train MSE: 0.2266207329668206, Test MSE: 3.822326378801811, Train Acc: 9.959457799254679, Test Acc: 10.17977873386601
[DEBUG] Predictions shape: torch.Size([4096, 10])
[DEBUG] Targets shape: torch.Size([4096, 1])
[DEBUG] Predictions shape: torch.Size([4096, 10])
[DEBUG] Targets shape: torch.Size([4096, 1])
[DEBUG] Predictions shape: torch.Size([4096, 10])
[DEBUG] Targets shape: torch.Size([4096, 1])
[DEBUG] Predictions shape: torch.Size([4096, 10])
[DEBUG] Targets shape: torch.Size([4096, 1])
[DEBUG] Predictions shape: torch.Size([4096, 10])
[DEBUG] Targets shape: torch.Size([4096, 1])
[DEBUG] Predictions shape: torch.Size([4096, 10])
[DEBUG] Targets shape: torch.Size([4096, 1])
[DEBUG] Predictions shape: torch.Size([4096, 10])
[DEBUG] Targets shape: torch.Size([4096, 1])
[DEBUG] Predictions shape: torch.Size([4096, 10])
[DEBUG] Targets shape: torch.Size([4096, 1])
[DEBUG] Predictions shape: torch.Size([4096, 10])
[DEBUG] Targets shape: torch.Size([4096, 1])
[DEBUG] Predictions shape: torch.Size([4096, 10])
[DEBUG] Targets shape: torch.Size([4096, 1])
[DEBUG] Predictions shape: torch.Size([4096, 10])
[DEBUG] Targets shape: torch.Size([4096, 1])
[DEBUG] Predictions shape: torch.Size([4096, 10])
[DEBUG] Targets shape: torch.Size([4096, 1])
[DEBUG] Predictions shape: torch.Size([4096, 10])
[DEBUG] Targets shape: torch.Size([4096, 1])
[DEBUG] Predictions shape: torch.Size([4096, 10])
[DEBUG] Targets shape: torch.Size([4096, 1])
[DEBUG] Predictions shape: torch.Size([4096, 10])
[DEBUG] Targets shape: torch.Size([4096, 1])
[DEBUG] Predictions shape: torch.Size([4096, 10])
[DEBUG] Targets shape: torch.Size([4096, 1])
[DEBUG] Predictions shape: torch.Size([4096, 10])
[DEBUG] Targets shape: torch.Size([4096, 1])
[DEBUG] Predictions shape: torch.Size([3625, 10])
[DEBUG] Targets shape: torch.Size([3625, 1])
[DEBUG] Predictions shape: torch.Size([4096, 10])
[DEBUG] Targets shape: torch.Size([4096, 1])
[DEBUG] Predictions shape: torch.Size([4096, 10])
[DEBUG] Targets shape: torch.Size([4096, 1])
[DEBUG] Predictions shape: torch.Size([4096, 10])
[DEBUG] Targets shape: torch.Size([4096, 1])
[DEBUG] Predictions shape: torch.Size([4096, 10])
[DEBUG] Targets shape: torch.Size([4096, 1])
[DEBUG] Predictions shape: torch.Size([4096, 10])
[DEBUG] Targets shape: torch.Size([4096, 1])
[DEBUG] Predictions shape: torch.Size([4096, 10])
[DEBUG] Targets shape: torch.Size([4096, 1])
[DEBUG] Predictions shape: torch.Size([1456, 10])
[DEBUG] Targets shape: torch.Size([1456, 1])
[DEBUG] Writing to CSV - Epoch: 139, Train MSE: 0.2135159615330382, Test MSE: 3.633293772007544, Train Acc: 9.66051025840534, Test Acc: 10.141364474492931
[DEBUG] Predictions shape: torch.Size([4096, 10])
[DEBUG] Targets shape: torch.Size([4096, 1])
[DEBUG] Predictions shape: torch.Size([4096, 10])
[DEBUG] Targets shape: torch.Size([4096, 1])
[DEBUG] Predictions shape: torch.Size([4096, 10])
[DEBUG] Targets shape: torch.Size([4096, 1])
[DEBUG] Predictions shape: torch.Size([4096, 10])
[DEBUG] Targets shape: torch.Size([4096, 1])
[DEBUG] Predictions shape: torch.Size([4096, 10])
[DEBUG] Targets shape: torch.Size([4096, 1])
[DEBUG] Predictions shape: torch.Size([4096, 10])
[DEBUG] Targets shape: torch.Size([4096, 1])
[DEBUG] Predictions shape: torch.Size([4096, 10])
[DEBUG] Targets shape: torch.Size([4096, 1])
[DEBUG] Predictions shape: torch.Size([4096, 10])
[DEBUG] Targets shape: torch.Size([4096, 1])
[DEBUG] Predictions shape: torch.Size([4096, 10])
[DEBUG] Targets shape: torch.Size([4096, 1])
[DEBUG] Predictions shape: torch.Size([4096, 10])
[DEBUG] Targets shape: torch.Size([4096, 1])
[DEBUG] Predictions shape: torch.Size([4096, 10])
[DEBUG] Targets shape: torch.Size([4096, 1])
[DEBUG] Predictions shape: torch.Size([4096, 10])
[DEBUG] Targets shape: torch.Size([4096, 1])
[DEBUG] Predictions shape: torch.Size([4096, 10])
[DEBUG] Targets shape: torch.Size([4096, 1])
[DEBUG] Predictions shape: torch.Size([4096, 10])
[DEBUG] Targets shape: torch.Size([4096, 1])
[DEBUG] Predictions shape: torch.Size([4096, 10])
[DEBUG] Targets shape: torch.Size([4096, 1])
[DEBUG] Predictions shape: torch.Size([4096, 10])
[DEBUG] Targets shape: torch.Size([4096, 1])
[DEBUG] Predictions shape: torch.Size([4096, 10])
[DEBUG] Targets shape: torch.Size([4096, 1])
[DEBUG] Predictions shape: torch.Size([3625, 10])
[DEBUG] Targets shape: torch.Size([3625, 1])
[DEBUG] Predictions shape: torch.Size([4096, 10])
[DEBUG] Targets shape: torch.Size([4096, 1])
[DEBUG] Predictions shape: torch.Size([4096, 10])
[DEBUG] Targets shape: torch.Size([4096, 1])
[DEBUG] Predictions shape: torch.Size([4096, 10])
[DEBUG] Targets shape: torch.Size([4096, 1])
[DEBUG] Predictions shape: torch.Size([4096, 10])
[DEBUG] Targets shape: torch.Size([4096, 1])
[DEBUG] Predictions shape: torch.Size([4096, 10])
[DEBUG] Targets shape: torch.Size([4096, 1])
[DEBUG] Predictions shape: torch.Size([4096, 10])
[DEBUG] Targets shape: torch.Size([4096, 1])
[DEBUG] Predictions shape: torch.Size([1456, 10])
[DEBUG] Targets shape: torch.Size([1456, 1])
[DEBUG] Writing to CSV - Epoch: 140, Train MSE: 0.14428820489095098, Test MSE: 3.6936375853029144, Train Acc: 9.98539388727357, Test Acc: 10.321911493546404
[Epoch 140] train_mse=0.144288  test_mse=3.693638
[DEBUG] Predictions shape: torch.Size([4096, 10])
[DEBUG] Targets shape: torch.Size([4096, 1])
[DEBUG] Predictions shape: torch.Size([4096, 10])
[DEBUG] Targets shape: torch.Size([4096, 1])
[DEBUG] Predictions shape: torch.Size([4096, 10])
[DEBUG] Targets shape: torch.Size([4096, 1])
[DEBUG] Predictions shape: torch.Size([4096, 10])
[DEBUG] Targets shape: torch.Size([4096, 1])
[DEBUG] Predictions shape: torch.Size([4096, 10])
[DEBUG] Targets shape: torch.Size([4096, 1])
[DEBUG] Predictions shape: torch.Size([4096, 10])
[DEBUG] Targets shape: torch.Size([4096, 1])
[DEBUG] Predictions shape: torch.Size([4096, 10])
[DEBUG] Targets shape: torch.Size([4096, 1])
[DEBUG] Predictions shape: torch.Size([4096, 10])
[DEBUG] Targets shape: torch.Size([4096, 1])
[DEBUG] Predictions shape: torch.Size([4096, 10])
[DEBUG] Targets shape: torch.Size([4096, 1])
[DEBUG] Predictions shape: torch.Size([4096, 10])
[DEBUG] Targets shape: torch.Size([4096, 1])
[DEBUG] Predictions shape: torch.Size([4096, 10])
[DEBUG] Targets shape: torch.Size([4096, 1])
[DEBUG] Predictions shape: torch.Size([4096, 10])
[DEBUG] Targets shape: torch.Size([4096, 1])
[DEBUG] Predictions shape: torch.Size([4096, 10])
[DEBUG] Targets shape: torch.Size([4096, 1])
[DEBUG] Predictions shape: torch.Size([4096, 10])
[DEBUG] Targets shape: torch.Size([4096, 1])
[DEBUG] Predictions shape: torch.Size([4096, 10])
[DEBUG] Targets shape: torch.Size([4096, 1])
[DEBUG] Predictions shape: torch.Size([4096, 10])
[DEBUG] Targets shape: torch.Size([4096, 1])
[DEBUG] Predictions shape: torch.Size([4096, 10])
[DEBUG] Targets shape: torch.Size([4096, 1])
[DEBUG] Predictions shape: torch.Size([3625, 10])
[DEBUG] Targets shape: torch.Size([3625, 1])
[DEBUG] Predictions shape: torch.Size([4096, 10])
[DEBUG] Targets shape: torch.Size([4096, 1])
[DEBUG] Predictions shape: torch.Size([4096, 10])
[DEBUG] Targets shape: torch.Size([4096, 1])
[DEBUG] Predictions shape: torch.Size([4096, 10])
[DEBUG] Targets shape: torch.Size([4096, 1])
[DEBUG] Predictions shape: torch.Size([4096, 10])
[DEBUG] Targets shape: torch.Size([4096, 1])
[DEBUG] Predictions shape: torch.Size([4096, 10])
[DEBUG] Targets shape: torch.Size([4096, 1])
[DEBUG] Predictions shape: torch.Size([4096, 10])
[DEBUG] Targets shape: torch.Size([4096, 1])
[DEBUG] Predictions shape: torch.Size([1456, 10])
[DEBUG] Targets shape: torch.Size([1456, 1])
[DEBUG] Writing to CSV - Epoch: 141, Train MSE: 0.16342680555482864, Test MSE: 3.657216946039745, Train Acc: 9.775175068594127, Test Acc: 10.302704363859865
[DEBUG] Predictions shape: torch.Size([4096, 10])
[DEBUG] Targets shape: torch.Size([4096, 1])
[DEBUG] Predictions shape: torch.Size([4096, 10])
[DEBUG] Targets shape: torch.Size([4096, 1])
[DEBUG] Predictions shape: torch.Size([4096, 10])
[DEBUG] Targets shape: torch.Size([4096, 1])
[DEBUG] Predictions shape: torch.Size([4096, 10])
[DEBUG] Targets shape: torch.Size([4096, 1])
[DEBUG] Predictions shape: torch.Size([4096, 10])
[DEBUG] Targets shape: torch.Size([4096, 1])
[DEBUG] Predictions shape: torch.Size([4096, 10])
[DEBUG] Targets shape: torch.Size([4096, 1])
[DEBUG] Predictions shape: torch.Size([4096, 10])
[DEBUG] Targets shape: torch.Size([4096, 1])
[DEBUG] Predictions shape: torch.Size([4096, 10])
[DEBUG] Targets shape: torch.Size([4096, 1])
[DEBUG] Predictions shape: torch.Size([4096, 10])
[DEBUG] Targets shape: torch.Size([4096, 1])
[DEBUG] Predictions shape: torch.Size([4096, 10])
[DEBUG] Targets shape: torch.Size([4096, 1])
[DEBUG] Predictions shape: torch.Size([4096, 10])
[DEBUG] Targets shape: torch.Size([4096, 1])
[DEBUG] Predictions shape: torch.Size([4096, 10])
[DEBUG] Targets shape: torch.Size([4096, 1])
[DEBUG] Predictions shape: torch.Size([4096, 10])
[DEBUG] Targets shape: torch.Size([4096, 1])
[DEBUG] Predictions shape: torch.Size([4096, 10])
[DEBUG] Targets shape: torch.Size([4096, 1])
[DEBUG] Predictions shape: torch.Size([4096, 10])
[DEBUG] Targets shape: torch.Size([4096, 1])
[DEBUG] Predictions shape: torch.Size([4096, 10])
[DEBUG] Targets shape: torch.Size([4096, 1])
[DEBUG] Predictions shape: torch.Size([4096, 10])
[DEBUG] Targets shape: torch.Size([4096, 1])
[DEBUG] Predictions shape: torch.Size([3625, 10])
[DEBUG] Targets shape: torch.Size([3625, 1])
[DEBUG] Predictions shape: torch.Size([4096, 10])
[DEBUG] Targets shape: torch.Size([4096, 1])
[DEBUG] Predictions shape: torch.Size([4096, 10])
[DEBUG] Targets shape: torch.Size([4096, 1])
[DEBUG] Predictions shape: torch.Size([4096, 10])
[DEBUG] Targets shape: torch.Size([4096, 1])
[DEBUG] Predictions shape: torch.Size([4096, 10])
[DEBUG] Targets shape: torch.Size([4096, 1])
[DEBUG] Predictions shape: torch.Size([4096, 10])
[DEBUG] Targets shape: torch.Size([4096, 1])
[DEBUG] Predictions shape: torch.Size([4096, 10])
[DEBUG] Targets shape: torch.Size([4096, 1])
[DEBUG] Predictions shape: torch.Size([1456, 10])
[DEBUG] Targets shape: torch.Size([1456, 1])
[DEBUG] Writing to CSV - Epoch: 142, Train MSE: 0.28806970603330284, Test MSE: 3.6226684392121355, Train Acc: 10.181962133311492, Test Acc: 10.471727105101413
[DEBUG] Predictions shape: torch.Size([4096, 10])
[DEBUG] Targets shape: torch.Size([4096, 1])
[DEBUG] Predictions shape: torch.Size([4096, 10])
[DEBUG] Targets shape: torch.Size([4096, 1])
[DEBUG] Predictions shape: torch.Size([4096, 10])
[DEBUG] Targets shape: torch.Size([4096, 1])
[DEBUG] Predictions shape: torch.Size([4096, 10])
[DEBUG] Targets shape: torch.Size([4096, 1])
[DEBUG] Predictions shape: torch.Size([4096, 10])
[DEBUG] Targets shape: torch.Size([4096, 1])
[DEBUG] Predictions shape: torch.Size([4096, 10])
[DEBUG] Targets shape: torch.Size([4096, 1])
[DEBUG] Predictions shape: torch.Size([4096, 10])
[DEBUG] Targets shape: torch.Size([4096, 1])
[DEBUG] Predictions shape: torch.Size([4096, 10])
[DEBUG] Targets shape: torch.Size([4096, 1])
[DEBUG] Predictions shape: torch.Size([4096, 10])
[DEBUG] Targets shape: torch.Size([4096, 1])
[DEBUG] Predictions shape: torch.Size([4096, 10])
[DEBUG] Targets shape: torch.Size([4096, 1])
[DEBUG] Predictions shape: torch.Size([4096, 10])
[DEBUG] Targets shape: torch.Size([4096, 1])
[DEBUG] Predictions shape: torch.Size([4096, 10])
[DEBUG] Targets shape: torch.Size([4096, 1])
[DEBUG] Predictions shape: torch.Size([4096, 10])
[DEBUG] Targets shape: torch.Size([4096, 1])
[DEBUG] Predictions shape: torch.Size([4096, 10])
[DEBUG] Targets shape: torch.Size([4096, 1])
[DEBUG] Predictions shape: torch.Size([4096, 10])
[DEBUG] Targets shape: torch.Size([4096, 1])
[DEBUG] Predictions shape: torch.Size([4096, 10])
[DEBUG] Targets shape: torch.Size([4096, 1])
[DEBUG] Predictions shape: torch.Size([4096, 10])
[DEBUG] Targets shape: torch.Size([4096, 1])
[DEBUG] Predictions shape: torch.Size([3625, 10])
[DEBUG] Targets shape: torch.Size([3625, 1])
[DEBUG] Predictions shape: torch.Size([4096, 10])
[DEBUG] Targets shape: torch.Size([4096, 1])
[DEBUG] Predictions shape: torch.Size([4096, 10])
[DEBUG] Targets shape: torch.Size([4096, 1])
[DEBUG] Predictions shape: torch.Size([4096, 10])
[DEBUG] Targets shape: torch.Size([4096, 1])
[DEBUG] Predictions shape: torch.Size([4096, 10])
[DEBUG] Targets shape: torch.Size([4096, 1])
[DEBUG] Predictions shape: torch.Size([4096, 10])
[DEBUG] Targets shape: torch.Size([4096, 1])
[DEBUG] Predictions shape: torch.Size([4096, 10])
[DEBUG] Targets shape: torch.Size([4096, 1])
[DEBUG] Predictions shape: torch.Size([1456, 10])
[DEBUG] Targets shape: torch.Size([1456, 1])
[DEBUG] Writing to CSV - Epoch: 143, Train MSE: 0.1923336440051157, Test MSE: 3.612063941738689, Train Acc: 9.458481783310809, Test Acc: 9.749539028887524
[DEBUG] Predictions shape: torch.Size([4096, 10])
[DEBUG] Targets shape: torch.Size([4096, 1])
[DEBUG] Predictions shape: torch.Size([4096, 10])
[DEBUG] Targets shape: torch.Size([4096, 1])
[DEBUG] Predictions shape: torch.Size([4096, 10])
[DEBUG] Targets shape: torch.Size([4096, 1])
[DEBUG] Predictions shape: torch.Size([4096, 10])
[DEBUG] Targets shape: torch.Size([4096, 1])
[DEBUG] Predictions shape: torch.Size([4096, 10])
[DEBUG] Targets shape: torch.Size([4096, 1])
[DEBUG] Predictions shape: torch.Size([4096, 10])
[DEBUG] Targets shape: torch.Size([4096, 1])
[DEBUG] Predictions shape: torch.Size([4096, 10])
[DEBUG] Targets shape: torch.Size([4096, 1])
[DEBUG] Predictions shape: torch.Size([4096, 10])
[DEBUG] Targets shape: torch.Size([4096, 1])
[DEBUG] Predictions shape: torch.Size([4096, 10])
[DEBUG] Targets shape: torch.Size([4096, 1])
[DEBUG] Predictions shape: torch.Size([4096, 10])
[DEBUG] Targets shape: torch.Size([4096, 1])
[DEBUG] Predictions shape: torch.Size([4096, 10])
[DEBUG] Targets shape: torch.Size([4096, 1])
[DEBUG] Predictions shape: torch.Size([4096, 10])
[DEBUG] Targets shape: torch.Size([4096, 1])
[DEBUG] Predictions shape: torch.Size([4096, 10])
[DEBUG] Targets shape: torch.Size([4096, 1])
[DEBUG] Predictions shape: torch.Size([4096, 10])
[DEBUG] Targets shape: torch.Size([4096, 1])
[DEBUG] Predictions shape: torch.Size([4096, 10])
[DEBUG] Targets shape: torch.Size([4096, 1])
[DEBUG] Predictions shape: torch.Size([4096, 10])
[DEBUG] Targets shape: torch.Size([4096, 1])
[DEBUG] Predictions shape: torch.Size([4096, 10])
[DEBUG] Targets shape: torch.Size([4096, 1])
[DEBUG] Predictions shape: torch.Size([3625, 10])
[DEBUG] Targets shape: torch.Size([3625, 1])
[DEBUG] Predictions shape: torch.Size([4096, 10])
[DEBUG] Targets shape: torch.Size([4096, 1])
[DEBUG] Predictions shape: torch.Size([4096, 10])
[DEBUG] Targets shape: torch.Size([4096, 1])
[DEBUG] Predictions shape: torch.Size([4096, 10])
[DEBUG] Targets shape: torch.Size([4096, 1])
[DEBUG] Predictions shape: torch.Size([4096, 10])
[DEBUG] Targets shape: torch.Size([4096, 1])
[DEBUG] Predictions shape: torch.Size([4096, 10])
[DEBUG] Targets shape: torch.Size([4096, 1])
[DEBUG] Predictions shape: torch.Size([4096, 10])
[DEBUG] Targets shape: torch.Size([4096, 1])
[DEBUG] Predictions shape: torch.Size([1456, 10])
[DEBUG] Targets shape: torch.Size([1456, 1])
[DEBUG] Writing to CSV - Epoch: 144, Train MSE: 0.1374716318029394, Test MSE: 3.660031544920412, Train Acc: 9.940346997556547, Test Acc: 10.16441303011678
[DEBUG] Predictions shape: torch.Size([4096, 10])
[DEBUG] Targets shape: torch.Size([4096, 1])
[DEBUG] Predictions shape: torch.Size([4096, 10])
[DEBUG] Targets shape: torch.Size([4096, 1])
[DEBUG] Predictions shape: torch.Size([4096, 10])
[DEBUG] Targets shape: torch.Size([4096, 1])
[DEBUG] Predictions shape: torch.Size([4096, 10])
[DEBUG] Targets shape: torch.Size([4096, 1])
[DEBUG] Predictions shape: torch.Size([4096, 10])
[DEBUG] Targets shape: torch.Size([4096, 1])
[DEBUG] Predictions shape: torch.Size([4096, 10])
[DEBUG] Targets shape: torch.Size([4096, 1])
[DEBUG] Predictions shape: torch.Size([4096, 10])
[DEBUG] Targets shape: torch.Size([4096, 1])
[DEBUG] Predictions shape: torch.Size([4096, 10])
[DEBUG] Targets shape: torch.Size([4096, 1])
[DEBUG] Predictions shape: torch.Size([4096, 10])
[DEBUG] Targets shape: torch.Size([4096, 1])
[DEBUG] Predictions shape: torch.Size([4096, 10])
[DEBUG] Targets shape: torch.Size([4096, 1])
[DEBUG] Predictions shape: torch.Size([4096, 10])
[DEBUG] Targets shape: torch.Size([4096, 1])
[DEBUG] Predictions shape: torch.Size([4096, 10])
[DEBUG] Targets shape: torch.Size([4096, 1])
[DEBUG] Predictions shape: torch.Size([4096, 10])
[DEBUG] Targets shape: torch.Size([4096, 1])
[DEBUG] Predictions shape: torch.Size([4096, 10])
[DEBUG] Targets shape: torch.Size([4096, 1])
[DEBUG] Predictions shape: torch.Size([4096, 10])
[DEBUG] Targets shape: torch.Size([4096, 1])
[DEBUG] Predictions shape: torch.Size([4096, 10])
[DEBUG] Targets shape: torch.Size([4096, 1])
[DEBUG] Predictions shape: torch.Size([4096, 10])
[DEBUG] Targets shape: torch.Size([4096, 1])
[DEBUG] Predictions shape: torch.Size([3625, 10])
[DEBUG] Targets shape: torch.Size([3625, 1])
[DEBUG] Predictions shape: torch.Size([4096, 10])
[DEBUG] Targets shape: torch.Size([4096, 1])
[DEBUG] Predictions shape: torch.Size([4096, 10])
[DEBUG] Targets shape: torch.Size([4096, 1])
[DEBUG] Predictions shape: torch.Size([4096, 10])
[DEBUG] Targets shape: torch.Size([4096, 1])
[DEBUG] Predictions shape: torch.Size([4096, 10])
[DEBUG] Targets shape: torch.Size([4096, 1])
[DEBUG] Predictions shape: torch.Size([4096, 10])
[DEBUG] Targets shape: torch.Size([4096, 1])
[DEBUG] Predictions shape: torch.Size([4096, 10])
[DEBUG] Targets shape: torch.Size([4096, 1])
[DEBUG] Predictions shape: torch.Size([1456, 10])
[DEBUG] Targets shape: torch.Size([1456, 1])
[DEBUG] Writing to CSV - Epoch: 145, Train MSE: 0.2995618988379071, Test MSE: 3.9750051857433073, Train Acc: 9.821587015575304, Test Acc: 10.122157344806393
[DEBUG] Predictions shape: torch.Size([4096, 10])
[DEBUG] Targets shape: torch.Size([4096, 1])
[DEBUG] Predictions shape: torch.Size([4096, 10])
[DEBUG] Targets shape: torch.Size([4096, 1])
[DEBUG] Predictions shape: torch.Size([4096, 10])
[DEBUG] Targets shape: torch.Size([4096, 1])
[DEBUG] Predictions shape: torch.Size([4096, 10])
[DEBUG] Targets shape: torch.Size([4096, 1])
[DEBUG] Predictions shape: torch.Size([4096, 10])
[DEBUG] Targets shape: torch.Size([4096, 1])
[DEBUG] Predictions shape: torch.Size([4096, 10])
[DEBUG] Targets shape: torch.Size([4096, 1])
[DEBUG] Predictions shape: torch.Size([4096, 10])
[DEBUG] Targets shape: torch.Size([4096, 1])
[DEBUG] Predictions shape: torch.Size([4096, 10])
[DEBUG] Targets shape: torch.Size([4096, 1])
[DEBUG] Predictions shape: torch.Size([4096, 10])
[DEBUG] Targets shape: torch.Size([4096, 1])
[DEBUG] Predictions shape: torch.Size([4096, 10])
[DEBUG] Targets shape: torch.Size([4096, 1])
[DEBUG] Predictions shape: torch.Size([4096, 10])
[DEBUG] Targets shape: torch.Size([4096, 1])
[DEBUG] Predictions shape: torch.Size([4096, 10])
[DEBUG] Targets shape: torch.Size([4096, 1])
[DEBUG] Predictions shape: torch.Size([4096, 10])
[DEBUG] Targets shape: torch.Size([4096, 1])
[DEBUG] Predictions shape: torch.Size([4096, 10])
[DEBUG] Targets shape: torch.Size([4096, 1])
[DEBUG] Predictions shape: torch.Size([4096, 10])
[DEBUG] Targets shape: torch.Size([4096, 1])
[DEBUG] Predictions shape: torch.Size([4096, 10])
[DEBUG] Targets shape: torch.Size([4096, 1])
[DEBUG] Predictions shape: torch.Size([4096, 10])
[DEBUG] Targets shape: torch.Size([4096, 1])
[DEBUG] Predictions shape: torch.Size([3625, 10])
[DEBUG] Targets shape: torch.Size([3625, 1])
[DEBUG] Predictions shape: torch.Size([4096, 10])
[DEBUG] Targets shape: torch.Size([4096, 1])
[DEBUG] Predictions shape: torch.Size([4096, 10])
[DEBUG] Targets shape: torch.Size([4096, 1])
[DEBUG] Predictions shape: torch.Size([4096, 10])
[DEBUG] Targets shape: torch.Size([4096, 1])
[DEBUG] Predictions shape: torch.Size([4096, 10])
[DEBUG] Targets shape: torch.Size([4096, 1])
[DEBUG] Predictions shape: torch.Size([4096, 10])
[DEBUG] Targets shape: torch.Size([4096, 1])
[DEBUG] Predictions shape: torch.Size([4096, 10])
[DEBUG] Targets shape: torch.Size([4096, 1])
[DEBUG] Predictions shape: torch.Size([1456, 10])
[DEBUG] Targets shape: torch.Size([1456, 1])
[DEBUG] Writing to CSV - Epoch: 146, Train MSE: 0.3036765474368172, Test MSE: 3.6350298993193304, Train Acc: 10.089138239349142, Test Acc: 10.475568531038721
[DEBUG] Predictions shape: torch.Size([4096, 10])
[DEBUG] Targets shape: torch.Size([4096, 1])
[DEBUG] Predictions shape: torch.Size([4096, 10])
[DEBUG] Targets shape: torch.Size([4096, 1])
[DEBUG] Predictions shape: torch.Size([4096, 10])
[DEBUG] Targets shape: torch.Size([4096, 1])
[DEBUG] Predictions shape: torch.Size([4096, 10])
[DEBUG] Targets shape: torch.Size([4096, 1])
[DEBUG] Predictions shape: torch.Size([4096, 10])
[DEBUG] Targets shape: torch.Size([4096, 1])
[DEBUG] Predictions shape: torch.Size([4096, 10])
[DEBUG] Targets shape: torch.Size([4096, 1])
[DEBUG] Predictions shape: torch.Size([4096, 10])
[DEBUG] Targets shape: torch.Size([4096, 1])
[DEBUG] Predictions shape: torch.Size([4096, 10])
[DEBUG] Targets shape: torch.Size([4096, 1])
[DEBUG] Predictions shape: torch.Size([4096, 10])
[DEBUG] Targets shape: torch.Size([4096, 1])
[DEBUG] Predictions shape: torch.Size([4096, 10])
[DEBUG] Targets shape: torch.Size([4096, 1])
[DEBUG] Predictions shape: torch.Size([4096, 10])
[DEBUG] Targets shape: torch.Size([4096, 1])
[DEBUG] Predictions shape: torch.Size([4096, 10])
[DEBUG] Targets shape: torch.Size([4096, 1])
[DEBUG] Predictions shape: torch.Size([4096, 10])
[DEBUG] Targets shape: torch.Size([4096, 1])
[DEBUG] Predictions shape: torch.Size([4096, 10])
[DEBUG] Targets shape: torch.Size([4096, 1])
[DEBUG] Predictions shape: torch.Size([4096, 10])
[DEBUG] Targets shape: torch.Size([4096, 1])
[DEBUG] Predictions shape: torch.Size([4096, 10])
[DEBUG] Targets shape: torch.Size([4096, 1])
[DEBUG] Predictions shape: torch.Size([4096, 10])
[DEBUG] Targets shape: torch.Size([4096, 1])
[DEBUG] Predictions shape: torch.Size([3625, 10])
[DEBUG] Targets shape: torch.Size([3625, 1])
[DEBUG] Predictions shape: torch.Size([4096, 10])
[DEBUG] Targets shape: torch.Size([4096, 1])
[DEBUG] Predictions shape: torch.Size([4096, 10])
[DEBUG] Targets shape: torch.Size([4096, 1])
[DEBUG] Predictions shape: torch.Size([4096, 10])
[DEBUG] Targets shape: torch.Size([4096, 1])
[DEBUG] Predictions shape: torch.Size([4096, 10])
[DEBUG] Targets shape: torch.Size([4096, 1])
[DEBUG] Predictions shape: torch.Size([4096, 10])
[DEBUG] Targets shape: torch.Size([4096, 1])
[DEBUG] Predictions shape: torch.Size([4096, 10])
[DEBUG] Targets shape: torch.Size([4096, 1])
[DEBUG] Predictions shape: torch.Size([1456, 10])
[DEBUG] Targets shape: torch.Size([1456, 1])
[DEBUG] Writing to CSV - Epoch: 147, Train MSE: 0.1789421321817862, Test MSE: 3.6561128410299495, Train Acc: 9.728763121612952, Test Acc: 10.095267363245236
[DEBUG] Predictions shape: torch.Size([4096, 10])
[DEBUG] Targets shape: torch.Size([4096, 1])
[DEBUG] Predictions shape: torch.Size([4096, 10])
[DEBUG] Targets shape: torch.Size([4096, 1])
[DEBUG] Predictions shape: torch.Size([4096, 10])
[DEBUG] Targets shape: torch.Size([4096, 1])
[DEBUG] Predictions shape: torch.Size([4096, 10])
[DEBUG] Targets shape: torch.Size([4096, 1])
[DEBUG] Predictions shape: torch.Size([4096, 10])
[DEBUG] Targets shape: torch.Size([4096, 1])
[DEBUG] Predictions shape: torch.Size([4096, 10])
[DEBUG] Targets shape: torch.Size([4096, 1])
[DEBUG] Predictions shape: torch.Size([4096, 10])
[DEBUG] Targets shape: torch.Size([4096, 1])
[DEBUG] Predictions shape: torch.Size([4096, 10])
[DEBUG] Targets shape: torch.Size([4096, 1])
[DEBUG] Predictions shape: torch.Size([4096, 10])
[DEBUG] Targets shape: torch.Size([4096, 1])
[DEBUG] Predictions shape: torch.Size([4096, 10])
[DEBUG] Targets shape: torch.Size([4096, 1])
[DEBUG] Predictions shape: torch.Size([4096, 10])
[DEBUG] Targets shape: torch.Size([4096, 1])
[DEBUG] Predictions shape: torch.Size([4096, 10])
[DEBUG] Targets shape: torch.Size([4096, 1])
[DEBUG] Predictions shape: torch.Size([4096, 10])
[DEBUG] Targets shape: torch.Size([4096, 1])
[DEBUG] Predictions shape: torch.Size([4096, 10])
[DEBUG] Targets shape: torch.Size([4096, 1])
[DEBUG] Predictions shape: torch.Size([4096, 10])
[DEBUG] Targets shape: torch.Size([4096, 1])
[DEBUG] Predictions shape: torch.Size([4096, 10])
[DEBUG] Targets shape: torch.Size([4096, 1])
[DEBUG] Predictions shape: torch.Size([4096, 10])
[DEBUG] Targets shape: torch.Size([4096, 1])
[DEBUG] Predictions shape: torch.Size([3625, 10])
[DEBUG] Targets shape: torch.Size([3625, 1])
[DEBUG] Predictions shape: torch.Size([4096, 10])
[DEBUG] Targets shape: torch.Size([4096, 1])
[DEBUG] Predictions shape: torch.Size([4096, 10])
[DEBUG] Targets shape: torch.Size([4096, 1])
[DEBUG] Predictions shape: torch.Size([4096, 10])
[DEBUG] Targets shape: torch.Size([4096, 1])
[DEBUG] Predictions shape: torch.Size([4096, 10])
[DEBUG] Targets shape: torch.Size([4096, 1])
[DEBUG] Predictions shape: torch.Size([4096, 10])
[DEBUG] Targets shape: torch.Size([4096, 1])
[DEBUG] Predictions shape: torch.Size([4096, 10])
[DEBUG] Targets shape: torch.Size([4096, 1])
[DEBUG] Predictions shape: torch.Size([1456, 10])
[DEBUG] Targets shape: torch.Size([1456, 1])
[DEBUG] Writing to CSV - Epoch: 148, Train MSE: 0.17239781833097595, Test MSE: 3.7795316635206864, Train Acc: 9.880284477933849, Test Acc: 10.026121696373695
[DEBUG] Predictions shape: torch.Size([4096, 10])
[DEBUG] Targets shape: torch.Size([4096, 1])
[DEBUG] Predictions shape: torch.Size([4096, 10])
[DEBUG] Targets shape: torch.Size([4096, 1])
[DEBUG] Predictions shape: torch.Size([4096, 10])
[DEBUG] Targets shape: torch.Size([4096, 1])
[DEBUG] Predictions shape: torch.Size([4096, 10])
[DEBUG] Targets shape: torch.Size([4096, 1])
[DEBUG] Predictions shape: torch.Size([4096, 10])
[DEBUG] Targets shape: torch.Size([4096, 1])
[DEBUG] Predictions shape: torch.Size([4096, 10])
[DEBUG] Targets shape: torch.Size([4096, 1])
[DEBUG] Predictions shape: torch.Size([4096, 10])
[DEBUG] Targets shape: torch.Size([4096, 1])
[DEBUG] Predictions shape: torch.Size([4096, 10])
[DEBUG] Targets shape: torch.Size([4096, 1])
[DEBUG] Predictions shape: torch.Size([4096, 10])
[DEBUG] Targets shape: torch.Size([4096, 1])
[DEBUG] Predictions shape: torch.Size([4096, 10])
[DEBUG] Targets shape: torch.Size([4096, 1])
[DEBUG] Predictions shape: torch.Size([4096, 10])
[DEBUG] Targets shape: torch.Size([4096, 1])
[DEBUG] Predictions shape: torch.Size([4096, 10])
[DEBUG] Targets shape: torch.Size([4096, 1])
[DEBUG] Predictions shape: torch.Size([4096, 10])
[DEBUG] Targets shape: torch.Size([4096, 1])
[DEBUG] Predictions shape: torch.Size([4096, 10])
[DEBUG] Targets shape: torch.Size([4096, 1])
[DEBUG] Predictions shape: torch.Size([4096, 10])
[DEBUG] Targets shape: torch.Size([4096, 1])
[DEBUG] Predictions shape: torch.Size([4096, 10])
[DEBUG] Targets shape: torch.Size([4096, 1])
[DEBUG] Predictions shape: torch.Size([4096, 10])
[DEBUG] Targets shape: torch.Size([4096, 1])
[DEBUG] Predictions shape: torch.Size([3625, 10])
[DEBUG] Targets shape: torch.Size([3625, 1])
[DEBUG] Predictions shape: torch.Size([4096, 10])
[DEBUG] Targets shape: torch.Size([4096, 1])
[DEBUG] Predictions shape: torch.Size([4096, 10])
[DEBUG] Targets shape: torch.Size([4096, 1])
[DEBUG] Predictions shape: torch.Size([4096, 10])
[DEBUG] Targets shape: torch.Size([4096, 1])
[DEBUG] Predictions shape: torch.Size([4096, 10])
[DEBUG] Targets shape: torch.Size([4096, 1])
[DEBUG] Predictions shape: torch.Size([4096, 10])
[DEBUG] Targets shape: torch.Size([4096, 1])
[DEBUG] Predictions shape: torch.Size([4096, 10])
[DEBUG] Targets shape: torch.Size([4096, 1])
[DEBUG] Predictions shape: torch.Size([1456, 10])
[DEBUG] Targets shape: torch.Size([1456, 1])
[DEBUG] Writing to CSV - Epoch: 149, Train MSE: 0.14525648461171456, Test MSE: 3.6737189115595803, Train Acc: 9.805206328405477, Test Acc: 10.079901659496004
[DEBUG] Predictions shape: torch.Size([4096, 10])
[DEBUG] Targets shape: torch.Size([4096, 1])
[DEBUG] Predictions shape: torch.Size([4096, 10])
[DEBUG] Targets shape: torch.Size([4096, 1])
[DEBUG] Predictions shape: torch.Size([4096, 10])
[DEBUG] Targets shape: torch.Size([4096, 1])
[DEBUG] Predictions shape: torch.Size([4096, 10])
[DEBUG] Targets shape: torch.Size([4096, 1])
[DEBUG] Predictions shape: torch.Size([4096, 10])
[DEBUG] Targets shape: torch.Size([4096, 1])
[DEBUG] Predictions shape: torch.Size([4096, 10])
[DEBUG] Targets shape: torch.Size([4096, 1])
[DEBUG] Predictions shape: torch.Size([4096, 10])
[DEBUG] Targets shape: torch.Size([4096, 1])
[DEBUG] Predictions shape: torch.Size([4096, 10])
[DEBUG] Targets shape: torch.Size([4096, 1])
[DEBUG] Predictions shape: torch.Size([4096, 10])
[DEBUG] Targets shape: torch.Size([4096, 1])
[DEBUG] Predictions shape: torch.Size([4096, 10])
[DEBUG] Targets shape: torch.Size([4096, 1])
[DEBUG] Predictions shape: torch.Size([4096, 10])
[DEBUG] Targets shape: torch.Size([4096, 1])
[DEBUG] Predictions shape: torch.Size([4096, 10])
[DEBUG] Targets shape: torch.Size([4096, 1])
[DEBUG] Predictions shape: torch.Size([4096, 10])
[DEBUG] Targets shape: torch.Size([4096, 1])
[DEBUG] Predictions shape: torch.Size([4096, 10])
[DEBUG] Targets shape: torch.Size([4096, 1])
[DEBUG] Predictions shape: torch.Size([4096, 10])
[DEBUG] Targets shape: torch.Size([4096, 1])
[DEBUG] Predictions shape: torch.Size([4096, 10])
[DEBUG] Targets shape: torch.Size([4096, 1])
[DEBUG] Predictions shape: torch.Size([4096, 10])
[DEBUG] Targets shape: torch.Size([4096, 1])
[DEBUG] Predictions shape: torch.Size([3625, 10])
[DEBUG] Targets shape: torch.Size([3625, 1])
[DEBUG] Predictions shape: torch.Size([4096, 10])
[DEBUG] Targets shape: torch.Size([4096, 1])
[DEBUG] Predictions shape: torch.Size([4096, 10])
[DEBUG] Targets shape: torch.Size([4096, 1])
[DEBUG] Predictions shape: torch.Size([4096, 10])
[DEBUG] Targets shape: torch.Size([4096, 1])
[DEBUG] Predictions shape: torch.Size([4096, 10])
[DEBUG] Targets shape: torch.Size([4096, 1])
[DEBUG] Predictions shape: torch.Size([4096, 10])
[DEBUG] Targets shape: torch.Size([4096, 1])
[DEBUG] Predictions shape: torch.Size([4096, 10])
[DEBUG] Targets shape: torch.Size([4096, 1])
[DEBUG] Predictions shape: torch.Size([1456, 10])
[DEBUG] Targets shape: torch.Size([1456, 1])
[DEBUG] Writing to CSV - Epoch: 150, Train MSE: 0.6615516164160049, Test MSE: 4.6304943885404635, Train Acc: 9.79565092755641, Test Acc: 10.07221880762139
[Epoch 150] train_mse=0.661552  test_mse=4.630494
[DEBUG] Predictions shape: torch.Size([4096, 10])
[DEBUG] Targets shape: torch.Size([4096, 1])
[DEBUG] Predictions shape: torch.Size([4096, 10])
[DEBUG] Targets shape: torch.Size([4096, 1])
[DEBUG] Predictions shape: torch.Size([4096, 10])
[DEBUG] Targets shape: torch.Size([4096, 1])
[DEBUG] Predictions shape: torch.Size([4096, 10])
[DEBUG] Targets shape: torch.Size([4096, 1])
[DEBUG] Predictions shape: torch.Size([4096, 10])
[DEBUG] Targets shape: torch.Size([4096, 1])
[DEBUG] Predictions shape: torch.Size([4096, 10])
[DEBUG] Targets shape: torch.Size([4096, 1])
[DEBUG] Predictions shape: torch.Size([4096, 10])
[DEBUG] Targets shape: torch.Size([4096, 1])
[DEBUG] Predictions shape: torch.Size([4096, 10])
[DEBUG] Targets shape: torch.Size([4096, 1])
[DEBUG] Predictions shape: torch.Size([4096, 10])
[DEBUG] Targets shape: torch.Size([4096, 1])
[DEBUG] Predictions shape: torch.Size([4096, 10])
[DEBUG] Targets shape: torch.Size([4096, 1])
[DEBUG] Predictions shape: torch.Size([4096, 10])
[DEBUG] Targets shape: torch.Size([4096, 1])
[DEBUG] Predictions shape: torch.Size([4096, 10])
[DEBUG] Targets shape: torch.Size([4096, 1])
[DEBUG] Predictions shape: torch.Size([4096, 10])
[DEBUG] Targets shape: torch.Size([4096, 1])
[DEBUG] Predictions shape: torch.Size([4096, 10])
[DEBUG] Targets shape: torch.Size([4096, 1])
[DEBUG] Predictions shape: torch.Size([4096, 10])
[DEBUG] Targets shape: torch.Size([4096, 1])
[DEBUG] Predictions shape: torch.Size([4096, 10])
[DEBUG] Targets shape: torch.Size([4096, 1])
[DEBUG] Predictions shape: torch.Size([4096, 10])
[DEBUG] Targets shape: torch.Size([4096, 1])
[DEBUG] Predictions shape: torch.Size([3625, 10])
[DEBUG] Targets shape: torch.Size([3625, 1])
[DEBUG] Predictions shape: torch.Size([4096, 10])
[DEBUG] Targets shape: torch.Size([4096, 1])
[DEBUG] Predictions shape: torch.Size([4096, 10])
[DEBUG] Targets shape: torch.Size([4096, 1])
[DEBUG] Predictions shape: torch.Size([4096, 10])
[DEBUG] Targets shape: torch.Size([4096, 1])
[DEBUG] Predictions shape: torch.Size([4096, 10])
[DEBUG] Targets shape: torch.Size([4096, 1])
[DEBUG] Predictions shape: torch.Size([4096, 10])
[DEBUG] Targets shape: torch.Size([4096, 1])
[DEBUG] Predictions shape: torch.Size([4096, 10])
[DEBUG] Targets shape: torch.Size([4096, 1])
[DEBUG] Predictions shape: torch.Size([1456, 10])
[DEBUG] Targets shape: torch.Size([1456, 1])
[DEBUG] Writing to CSV - Epoch: 151, Train MSE: 0.15841809429397846, Test MSE: 3.5705994983795017, Train Acc: 9.53765510463164, Test Acc: 9.730331899200984
[DEBUG] Predictions shape: torch.Size([4096, 10])
[DEBUG] Targets shape: torch.Size([4096, 1])
[DEBUG] Predictions shape: torch.Size([4096, 10])
[DEBUG] Targets shape: torch.Size([4096, 1])
[DEBUG] Predictions shape: torch.Size([4096, 10])
[DEBUG] Targets shape: torch.Size([4096, 1])
[DEBUG] Predictions shape: torch.Size([4096, 10])
[DEBUG] Targets shape: torch.Size([4096, 1])
[DEBUG] Predictions shape: torch.Size([4096, 10])
[DEBUG] Targets shape: torch.Size([4096, 1])
[DEBUG] Predictions shape: torch.Size([4096, 10])
[DEBUG] Targets shape: torch.Size([4096, 1])
[DEBUG] Predictions shape: torch.Size([4096, 10])
[DEBUG] Targets shape: torch.Size([4096, 1])
[DEBUG] Predictions shape: torch.Size([4096, 10])
[DEBUG] Targets shape: torch.Size([4096, 1])
[DEBUG] Predictions shape: torch.Size([4096, 10])
[DEBUG] Targets shape: torch.Size([4096, 1])
[DEBUG] Predictions shape: torch.Size([4096, 10])
[DEBUG] Targets shape: torch.Size([4096, 1])
[DEBUG] Predictions shape: torch.Size([4096, 10])
[DEBUG] Targets shape: torch.Size([4096, 1])
[DEBUG] Predictions shape: torch.Size([4096, 10])
[DEBUG] Targets shape: torch.Size([4096, 1])
[DEBUG] Predictions shape: torch.Size([4096, 10])
[DEBUG] Targets shape: torch.Size([4096, 1])
[DEBUG] Predictions shape: torch.Size([4096, 10])
[DEBUG] Targets shape: torch.Size([4096, 1])
[DEBUG] Predictions shape: torch.Size([4096, 10])
[DEBUG] Targets shape: torch.Size([4096, 1])
[DEBUG] Predictions shape: torch.Size([4096, 10])
[DEBUG] Targets shape: torch.Size([4096, 1])
[DEBUG] Predictions shape: torch.Size([4096, 10])
[DEBUG] Targets shape: torch.Size([4096, 1])
[DEBUG] Predictions shape: torch.Size([3625, 10])
[DEBUG] Targets shape: torch.Size([3625, 1])
[DEBUG] Predictions shape: torch.Size([4096, 10])
[DEBUG] Targets shape: torch.Size([4096, 1])
[DEBUG] Predictions shape: torch.Size([4096, 10])
[DEBUG] Targets shape: torch.Size([4096, 1])
[DEBUG] Predictions shape: torch.Size([4096, 10])
[DEBUG] Targets shape: torch.Size([4096, 1])
[DEBUG] Predictions shape: torch.Size([4096, 10])
[DEBUG] Targets shape: torch.Size([4096, 1])
[DEBUG] Predictions shape: torch.Size([4096, 10])
[DEBUG] Targets shape: torch.Size([4096, 1])
[DEBUG] Predictions shape: torch.Size([4096, 10])
[DEBUG] Targets shape: torch.Size([4096, 1])
[DEBUG] Predictions shape: torch.Size([1456, 10])
[DEBUG] Targets shape: torch.Size([1456, 1])
[DEBUG] Writing to CSV - Epoch: 152, Train MSE: 0.17764031668592767, Test MSE: 3.788766994458734, Train Acc: 9.839332760009283, Test Acc: 10.337277197295636
[DEBUG] Predictions shape: torch.Size([4096, 10])
[DEBUG] Targets shape: torch.Size([4096, 1])
[DEBUG] Predictions shape: torch.Size([4096, 10])
[DEBUG] Targets shape: torch.Size([4096, 1])
[DEBUG] Predictions shape: torch.Size([4096, 10])
[DEBUG] Targets shape: torch.Size([4096, 1])
[DEBUG] Predictions shape: torch.Size([4096, 10])
[DEBUG] Targets shape: torch.Size([4096, 1])
[DEBUG] Predictions shape: torch.Size([4096, 10])
[DEBUG] Targets shape: torch.Size([4096, 1])
[DEBUG] Predictions shape: torch.Size([4096, 10])
[DEBUG] Targets shape: torch.Size([4096, 1])
[DEBUG] Predictions shape: torch.Size([4096, 10])
[DEBUG] Targets shape: torch.Size([4096, 1])
[DEBUG] Predictions shape: torch.Size([4096, 10])
[DEBUG] Targets shape: torch.Size([4096, 1])
[DEBUG] Predictions shape: torch.Size([4096, 10])
[DEBUG] Targets shape: torch.Size([4096, 1])
[DEBUG] Predictions shape: torch.Size([4096, 10])
[DEBUG] Targets shape: torch.Size([4096, 1])
[DEBUG] Predictions shape: torch.Size([4096, 10])
[DEBUG] Targets shape: torch.Size([4096, 1])
[DEBUG] Predictions shape: torch.Size([4096, 10])
[DEBUG] Targets shape: torch.Size([4096, 1])
[DEBUG] Predictions shape: torch.Size([4096, 10])
[DEBUG] Targets shape: torch.Size([4096, 1])
[DEBUG] Predictions shape: torch.Size([4096, 10])
[DEBUG] Targets shape: torch.Size([4096, 1])
[DEBUG] Predictions shape: torch.Size([4096, 10])
[DEBUG] Targets shape: torch.Size([4096, 1])
[DEBUG] Predictions shape: torch.Size([4096, 10])
[DEBUG] Targets shape: torch.Size([4096, 1])
[DEBUG] Predictions shape: torch.Size([4096, 10])
[DEBUG] Targets shape: torch.Size([4096, 1])
[DEBUG] Predictions shape: torch.Size([3625, 10])
[DEBUG] Targets shape: torch.Size([3625, 1])
[DEBUG] Predictions shape: torch.Size([4096, 10])
[DEBUG] Targets shape: torch.Size([4096, 1])
[DEBUG] Predictions shape: torch.Size([4096, 10])
[DEBUG] Targets shape: torch.Size([4096, 1])
[DEBUG] Predictions shape: torch.Size([4096, 10])
[DEBUG] Targets shape: torch.Size([4096, 1])
[DEBUG] Predictions shape: torch.Size([4096, 10])
[DEBUG] Targets shape: torch.Size([4096, 1])
[DEBUG] Predictions shape: torch.Size([4096, 10])
[DEBUG] Targets shape: torch.Size([4096, 1])
[DEBUG] Predictions shape: torch.Size([4096, 10])
[DEBUG] Targets shape: torch.Size([4096, 1])
[DEBUG] Predictions shape: torch.Size([1456, 10])
[DEBUG] Targets shape: torch.Size([1456, 1])
[DEBUG] Writing to CSV - Epoch: 153, Train MSE: 0.45172548500487225, Test MSE: 3.9728282095833505, Train Acc: 10.049551578688726, Test Acc: 10.295021511985249
[DEBUG] Predictions shape: torch.Size([4096, 10])
[DEBUG] Targets shape: torch.Size([4096, 1])
[DEBUG] Predictions shape: torch.Size([4096, 10])
[DEBUG] Targets shape: torch.Size([4096, 1])
[DEBUG] Predictions shape: torch.Size([4096, 10])
[DEBUG] Targets shape: torch.Size([4096, 1])
[DEBUG] Predictions shape: torch.Size([4096, 10])
[DEBUG] Targets shape: torch.Size([4096, 1])
[DEBUG] Predictions shape: torch.Size([4096, 10])
[DEBUG] Targets shape: torch.Size([4096, 1])
[DEBUG] Predictions shape: torch.Size([4096, 10])
[DEBUG] Targets shape: torch.Size([4096, 1])
[DEBUG] Predictions shape: torch.Size([4096, 10])
[DEBUG] Targets shape: torch.Size([4096, 1])
[DEBUG] Predictions shape: torch.Size([4096, 10])
[DEBUG] Targets shape: torch.Size([4096, 1])
[DEBUG] Predictions shape: torch.Size([4096, 10])
[DEBUG] Targets shape: torch.Size([4096, 1])
[DEBUG] Predictions shape: torch.Size([4096, 10])
[DEBUG] Targets shape: torch.Size([4096, 1])
[DEBUG] Predictions shape: torch.Size([4096, 10])
[DEBUG] Targets shape: torch.Size([4096, 1])
[DEBUG] Predictions shape: torch.Size([4096, 10])
[DEBUG] Targets shape: torch.Size([4096, 1])
[DEBUG] Predictions shape: torch.Size([4096, 10])
[DEBUG] Targets shape: torch.Size([4096, 1])
[DEBUG] Predictions shape: torch.Size([4096, 10])
[DEBUG] Targets shape: torch.Size([4096, 1])
[DEBUG] Predictions shape: torch.Size([4096, 10])
[DEBUG] Targets shape: torch.Size([4096, 1])
[DEBUG] Predictions shape: torch.Size([4096, 10])
[DEBUG] Targets shape: torch.Size([4096, 1])
[DEBUG] Predictions shape: torch.Size([4096, 10])
[DEBUG] Targets shape: torch.Size([4096, 1])
[DEBUG] Predictions shape: torch.Size([3625, 10])
[DEBUG] Targets shape: torch.Size([3625, 1])
[DEBUG] Predictions shape: torch.Size([4096, 10])
[DEBUG] Targets shape: torch.Size([4096, 1])
[DEBUG] Predictions shape: torch.Size([4096, 10])
[DEBUG] Targets shape: torch.Size([4096, 1])
[DEBUG] Predictions shape: torch.Size([4096, 10])
[DEBUG] Targets shape: torch.Size([4096, 1])
[DEBUG] Predictions shape: torch.Size([4096, 10])
[DEBUG] Targets shape: torch.Size([4096, 1])
[DEBUG] Predictions shape: torch.Size([4096, 10])
[DEBUG] Targets shape: torch.Size([4096, 1])
[DEBUG] Predictions shape: torch.Size([4096, 10])
[DEBUG] Targets shape: torch.Size([4096, 1])
[DEBUG] Predictions shape: torch.Size([1456, 10])
[DEBUG] Targets shape: torch.Size([1456, 1])
[DEBUG] Writing to CSV - Epoch: 154, Train MSE: 0.1589819533176012, Test MSE: 3.6347442192026054, Train Acc: 9.70965231991482, Test Acc: 10.037645974185617
[DEBUG] Predictions shape: torch.Size([4096, 10])
[DEBUG] Targets shape: torch.Size([4096, 1])
[DEBUG] Predictions shape: torch.Size([4096, 10])
[DEBUG] Targets shape: torch.Size([4096, 1])
[DEBUG] Predictions shape: torch.Size([4096, 10])
[DEBUG] Targets shape: torch.Size([4096, 1])
[DEBUG] Predictions shape: torch.Size([4096, 10])
[DEBUG] Targets shape: torch.Size([4096, 1])
[DEBUG] Predictions shape: torch.Size([4096, 10])
[DEBUG] Targets shape: torch.Size([4096, 1])
[DEBUG] Predictions shape: torch.Size([4096, 10])
[DEBUG] Targets shape: torch.Size([4096, 1])
[DEBUG] Predictions shape: torch.Size([4096, 10])
[DEBUG] Targets shape: torch.Size([4096, 1])
[DEBUG] Predictions shape: torch.Size([4096, 10])
[DEBUG] Targets shape: torch.Size([4096, 1])
[DEBUG] Predictions shape: torch.Size([4096, 10])
[DEBUG] Targets shape: torch.Size([4096, 1])
[DEBUG] Predictions shape: torch.Size([4096, 10])
[DEBUG] Targets shape: torch.Size([4096, 1])
[DEBUG] Predictions shape: torch.Size([4096, 10])
[DEBUG] Targets shape: torch.Size([4096, 1])
[DEBUG] Predictions shape: torch.Size([4096, 10])
[DEBUG] Targets shape: torch.Size([4096, 1])
[DEBUG] Predictions shape: torch.Size([4096, 10])
[DEBUG] Targets shape: torch.Size([4096, 1])
[DEBUG] Predictions shape: torch.Size([4096, 10])
[DEBUG] Targets shape: torch.Size([4096, 1])
[DEBUG] Predictions shape: torch.Size([4096, 10])
[DEBUG] Targets shape: torch.Size([4096, 1])
[DEBUG] Predictions shape: torch.Size([4096, 10])
[DEBUG] Targets shape: torch.Size([4096, 1])
[DEBUG] Predictions shape: torch.Size([4096, 10])
[DEBUG] Targets shape: torch.Size([4096, 1])
[DEBUG] Predictions shape: torch.Size([3625, 10])
[DEBUG] Targets shape: torch.Size([3625, 1])
[DEBUG] Predictions shape: torch.Size([4096, 10])
[DEBUG] Targets shape: torch.Size([4096, 1])
[DEBUG] Predictions shape: torch.Size([4096, 10])
[DEBUG] Targets shape: torch.Size([4096, 1])
[DEBUG] Predictions shape: torch.Size([4096, 10])
[DEBUG] Targets shape: torch.Size([4096, 1])
[DEBUG] Predictions shape: torch.Size([4096, 10])
[DEBUG] Targets shape: torch.Size([4096, 1])
[DEBUG] Predictions shape: torch.Size([4096, 10])
[DEBUG] Targets shape: torch.Size([4096, 1])
[DEBUG] Predictions shape: torch.Size([4096, 10])
[DEBUG] Targets shape: torch.Size([4096, 1])
[DEBUG] Predictions shape: torch.Size([1456, 10])
[DEBUG] Targets shape: torch.Size([1456, 1])
[DEBUG] Writing to CSV - Epoch: 155, Train MSE: 0.1749675089923681, Test MSE: 3.60481721943115, Train Acc: 10.018155261613225, Test Acc: 10.133681622618315
[DEBUG] Predictions shape: torch.Size([4096, 10])
[DEBUG] Targets shape: torch.Size([4096, 1])
[DEBUG] Predictions shape: torch.Size([4096, 10])
[DEBUG] Targets shape: torch.Size([4096, 1])
[DEBUG] Predictions shape: torch.Size([4096, 10])
[DEBUG] Targets shape: torch.Size([4096, 1])
[DEBUG] Predictions shape: torch.Size([4096, 10])
[DEBUG] Targets shape: torch.Size([4096, 1])
[DEBUG] Predictions shape: torch.Size([4096, 10])
[DEBUG] Targets shape: torch.Size([4096, 1])
[DEBUG] Predictions shape: torch.Size([4096, 10])
[DEBUG] Targets shape: torch.Size([4096, 1])
[DEBUG] Predictions shape: torch.Size([4096, 10])
[DEBUG] Targets shape: torch.Size([4096, 1])
[DEBUG] Predictions shape: torch.Size([4096, 10])
[DEBUG] Targets shape: torch.Size([4096, 1])
[DEBUG] Predictions shape: torch.Size([4096, 10])
[DEBUG] Targets shape: torch.Size([4096, 1])
[DEBUG] Predictions shape: torch.Size([4096, 10])
[DEBUG] Targets shape: torch.Size([4096, 1])
[DEBUG] Predictions shape: torch.Size([4096, 10])
[DEBUG] Targets shape: torch.Size([4096, 1])
[DEBUG] Predictions shape: torch.Size([4096, 10])
[DEBUG] Targets shape: torch.Size([4096, 1])
[DEBUG] Predictions shape: torch.Size([4096, 10])
[DEBUG] Targets shape: torch.Size([4096, 1])
[DEBUG] Predictions shape: torch.Size([4096, 10])
[DEBUG] Targets shape: torch.Size([4096, 1])
[DEBUG] Predictions shape: torch.Size([4096, 10])
[DEBUG] Targets shape: torch.Size([4096, 1])
[DEBUG] Predictions shape: torch.Size([4096, 10])
[DEBUG] Targets shape: torch.Size([4096, 1])
[DEBUG] Predictions shape: torch.Size([4096, 10])
[DEBUG] Targets shape: torch.Size([4096, 1])
[DEBUG] Predictions shape: torch.Size([3625, 10])
[DEBUG] Targets shape: torch.Size([3625, 1])
[DEBUG] Predictions shape: torch.Size([4096, 10])
[DEBUG] Targets shape: torch.Size([4096, 1])
[DEBUG] Predictions shape: torch.Size([4096, 10])
[DEBUG] Targets shape: torch.Size([4096, 1])
[DEBUG] Predictions shape: torch.Size([4096, 10])
[DEBUG] Targets shape: torch.Size([4096, 1])
[DEBUG] Predictions shape: torch.Size([4096, 10])
[DEBUG] Targets shape: torch.Size([4096, 1])
[DEBUG] Predictions shape: torch.Size([4096, 10])
[DEBUG] Targets shape: torch.Size([4096, 1])
[DEBUG] Predictions shape: torch.Size([4096, 10])
[DEBUG] Targets shape: torch.Size([4096, 1])
[DEBUG] Predictions shape: torch.Size([1456, 10])
[DEBUG] Targets shape: torch.Size([1456, 1])
[DEBUG] Writing to CSV - Epoch: 156, Train MSE: 0.14456538413634443, Test MSE: 3.60596453213003, Train Acc: 10.145105587179382, Test Acc: 10.490934234787954
[DEBUG] Predictions shape: torch.Size([4096, 10])
[DEBUG] Targets shape: torch.Size([4096, 1])
[DEBUG] Predictions shape: torch.Size([4096, 10])
[DEBUG] Targets shape: torch.Size([4096, 1])
[DEBUG] Predictions shape: torch.Size([4096, 10])
[DEBUG] Targets shape: torch.Size([4096, 1])
[DEBUG] Predictions shape: torch.Size([4096, 10])
[DEBUG] Targets shape: torch.Size([4096, 1])
[DEBUG] Predictions shape: torch.Size([4096, 10])
[DEBUG] Targets shape: torch.Size([4096, 1])
[DEBUG] Predictions shape: torch.Size([4096, 10])
[DEBUG] Targets shape: torch.Size([4096, 1])
[DEBUG] Predictions shape: torch.Size([4096, 10])
[DEBUG] Targets shape: torch.Size([4096, 1])
[DEBUG] Predictions shape: torch.Size([4096, 10])
[DEBUG] Targets shape: torch.Size([4096, 1])
[DEBUG] Predictions shape: torch.Size([4096, 10])
[DEBUG] Targets shape: torch.Size([4096, 1])
[DEBUG] Predictions shape: torch.Size([4096, 10])
[DEBUG] Targets shape: torch.Size([4096, 1])
[DEBUG] Predictions shape: torch.Size([4096, 10])
[DEBUG] Targets shape: torch.Size([4096, 1])
[DEBUG] Predictions shape: torch.Size([4096, 10])
[DEBUG] Targets shape: torch.Size([4096, 1])
[DEBUG] Predictions shape: torch.Size([4096, 10])
[DEBUG] Targets shape: torch.Size([4096, 1])
[DEBUG] Predictions shape: torch.Size([4096, 10])
[DEBUG] Targets shape: torch.Size([4096, 1])
[DEBUG] Predictions shape: torch.Size([4096, 10])
[DEBUG] Targets shape: torch.Size([4096, 1])
[DEBUG] Predictions shape: torch.Size([4096, 10])
[DEBUG] Targets shape: torch.Size([4096, 1])
[DEBUG] Predictions shape: torch.Size([4096, 10])
[DEBUG] Targets shape: torch.Size([4096, 1])
[DEBUG] Predictions shape: torch.Size([3625, 10])
[DEBUG] Targets shape: torch.Size([3625, 1])
[DEBUG] Predictions shape: torch.Size([4096, 10])
[DEBUG] Targets shape: torch.Size([4096, 1])
[DEBUG] Predictions shape: torch.Size([4096, 10])
[DEBUG] Targets shape: torch.Size([4096, 1])
[DEBUG] Predictions shape: torch.Size([4096, 10])
[DEBUG] Targets shape: torch.Size([4096, 1])
[DEBUG] Predictions shape: torch.Size([4096, 10])
[DEBUG] Targets shape: torch.Size([4096, 1])
[DEBUG] Predictions shape: torch.Size([4096, 10])
[DEBUG] Targets shape: torch.Size([4096, 1])
[DEBUG] Predictions shape: torch.Size([4096, 10])
[DEBUG] Targets shape: torch.Size([4096, 1])
[DEBUG] Predictions shape: torch.Size([1456, 10])
[DEBUG] Targets shape: torch.Size([1456, 1])
[DEBUG] Writing to CSV - Epoch: 157, Train MSE: 0.33551912759055863, Test MSE: 3.8852798922631955, Train Acc: 9.90485550868859, Test Acc: 10.487092808850646
[DEBUG] Predictions shape: torch.Size([4096, 10])
[DEBUG] Targets shape: torch.Size([4096, 1])
[DEBUG] Predictions shape: torch.Size([4096, 10])
[DEBUG] Targets shape: torch.Size([4096, 1])
[DEBUG] Predictions shape: torch.Size([4096, 10])
[DEBUG] Targets shape: torch.Size([4096, 1])
[DEBUG] Predictions shape: torch.Size([4096, 10])
[DEBUG] Targets shape: torch.Size([4096, 1])
[DEBUG] Predictions shape: torch.Size([4096, 10])
[DEBUG] Targets shape: torch.Size([4096, 1])
[DEBUG] Predictions shape: torch.Size([4096, 10])
[DEBUG] Targets shape: torch.Size([4096, 1])
[DEBUG] Predictions shape: torch.Size([4096, 10])
[DEBUG] Targets shape: torch.Size([4096, 1])
[DEBUG] Predictions shape: torch.Size([4096, 10])
[DEBUG] Targets shape: torch.Size([4096, 1])
[DEBUG] Predictions shape: torch.Size([4096, 10])
[DEBUG] Targets shape: torch.Size([4096, 1])
[DEBUG] Predictions shape: torch.Size([4096, 10])
[DEBUG] Targets shape: torch.Size([4096, 1])
[DEBUG] Predictions shape: torch.Size([4096, 10])
[DEBUG] Targets shape: torch.Size([4096, 1])
[DEBUG] Predictions shape: torch.Size([4096, 10])
[DEBUG] Targets shape: torch.Size([4096, 1])
[DEBUG] Predictions shape: torch.Size([4096, 10])
[DEBUG] Targets shape: torch.Size([4096, 1])
[DEBUG] Predictions shape: torch.Size([4096, 10])
[DEBUG] Targets shape: torch.Size([4096, 1])
[DEBUG] Predictions shape: torch.Size([4096, 10])
[DEBUG] Targets shape: torch.Size([4096, 1])
[DEBUG] Predictions shape: torch.Size([4096, 10])
[DEBUG] Targets shape: torch.Size([4096, 1])
[DEBUG] Predictions shape: torch.Size([4096, 10])
[DEBUG] Targets shape: torch.Size([4096, 1])
[DEBUG] Predictions shape: torch.Size([3625, 10])
[DEBUG] Targets shape: torch.Size([3625, 1])
[DEBUG] Predictions shape: torch.Size([4096, 10])
[DEBUG] Targets shape: torch.Size([4096, 1])
[DEBUG] Predictions shape: torch.Size([4096, 10])
[DEBUG] Targets shape: torch.Size([4096, 1])
[DEBUG] Predictions shape: torch.Size([4096, 10])
[DEBUG] Targets shape: torch.Size([4096, 1])
[DEBUG] Predictions shape: torch.Size([4096, 10])
[DEBUG] Targets shape: torch.Size([4096, 1])
[DEBUG] Predictions shape: torch.Size([4096, 10])
[DEBUG] Targets shape: torch.Size([4096, 1])
[DEBUG] Predictions shape: torch.Size([4096, 10])
[DEBUG] Targets shape: torch.Size([4096, 1])
[DEBUG] Predictions shape: torch.Size([1456, 10])
[DEBUG] Targets shape: torch.Size([1456, 1])
[DEBUG] Writing to CSV - Epoch: 158, Train MSE: 0.1952109820019472, Test MSE: 3.6136852691125196, Train Acc: 9.885744706990458, Test Acc: 10.302704363859865
[DEBUG] Predictions shape: torch.Size([4096, 10])
[DEBUG] Targets shape: torch.Size([4096, 1])
[DEBUG] Predictions shape: torch.Size([4096, 10])
[DEBUG] Targets shape: torch.Size([4096, 1])
[DEBUG] Predictions shape: torch.Size([4096, 10])
[DEBUG] Targets shape: torch.Size([4096, 1])
[DEBUG] Predictions shape: torch.Size([4096, 10])
[DEBUG] Targets shape: torch.Size([4096, 1])
[DEBUG] Predictions shape: torch.Size([4096, 10])
[DEBUG] Targets shape: torch.Size([4096, 1])
[DEBUG] Predictions shape: torch.Size([4096, 10])
[DEBUG] Targets shape: torch.Size([4096, 1])
[DEBUG] Predictions shape: torch.Size([4096, 10])
[DEBUG] Targets shape: torch.Size([4096, 1])
[DEBUG] Predictions shape: torch.Size([4096, 10])
[DEBUG] Targets shape: torch.Size([4096, 1])
[DEBUG] Predictions shape: torch.Size([4096, 10])
[DEBUG] Targets shape: torch.Size([4096, 1])
[DEBUG] Predictions shape: torch.Size([4096, 10])
[DEBUG] Targets shape: torch.Size([4096, 1])
[DEBUG] Predictions shape: torch.Size([4096, 10])
[DEBUG] Targets shape: torch.Size([4096, 1])
[DEBUG] Predictions shape: torch.Size([4096, 10])
[DEBUG] Targets shape: torch.Size([4096, 1])
[DEBUG] Predictions shape: torch.Size([4096, 10])
[DEBUG] Targets shape: torch.Size([4096, 1])
[DEBUG] Predictions shape: torch.Size([4096, 10])
[DEBUG] Targets shape: torch.Size([4096, 1])
[DEBUG] Predictions shape: torch.Size([4096, 10])
[DEBUG] Targets shape: torch.Size([4096, 1])
[DEBUG] Predictions shape: torch.Size([4096, 10])
[DEBUG] Targets shape: torch.Size([4096, 1])
[DEBUG] Predictions shape: torch.Size([4096, 10])
[DEBUG] Targets shape: torch.Size([4096, 1])
[DEBUG] Predictions shape: torch.Size([3625, 10])
[DEBUG] Targets shape: torch.Size([3625, 1])
[DEBUG] Predictions shape: torch.Size([4096, 10])
[DEBUG] Targets shape: torch.Size([4096, 1])
[DEBUG] Predictions shape: torch.Size([4096, 10])
[DEBUG] Targets shape: torch.Size([4096, 1])
[DEBUG] Predictions shape: torch.Size([4096, 10])
[DEBUG] Targets shape: torch.Size([4096, 1])
[DEBUG] Predictions shape: torch.Size([4096, 10])
[DEBUG] Targets shape: torch.Size([4096, 1])
[DEBUG] Predictions shape: torch.Size([4096, 10])
[DEBUG] Targets shape: torch.Size([4096, 1])
[DEBUG] Predictions shape: torch.Size([4096, 10])
[DEBUG] Targets shape: torch.Size([4096, 1])
[DEBUG] Predictions shape: torch.Size([1456, 10])
[DEBUG] Targets shape: torch.Size([1456, 1])
[DEBUG] Writing to CSV - Epoch: 159, Train MSE: 0.11922576657694729, Test MSE: 3.6410483648678826, Train Acc: 10.060472036801944, Test Acc: 10.156730178242164
[DEBUG] Predictions shape: torch.Size([4096, 10])
[DEBUG] Targets shape: torch.Size([4096, 1])
[DEBUG] Predictions shape: torch.Size([4096, 10])
[DEBUG] Targets shape: torch.Size([4096, 1])
[DEBUG] Predictions shape: torch.Size([4096, 10])
[DEBUG] Targets shape: torch.Size([4096, 1])
[DEBUG] Predictions shape: torch.Size([4096, 10])
[DEBUG] Targets shape: torch.Size([4096, 1])
[DEBUG] Predictions shape: torch.Size([4096, 10])
[DEBUG] Targets shape: torch.Size([4096, 1])
[DEBUG] Predictions shape: torch.Size([4096, 10])
[DEBUG] Targets shape: torch.Size([4096, 1])
[DEBUG] Predictions shape: torch.Size([4096, 10])
[DEBUG] Targets shape: torch.Size([4096, 1])
[DEBUG] Predictions shape: torch.Size([4096, 10])
[DEBUG] Targets shape: torch.Size([4096, 1])
[DEBUG] Predictions shape: torch.Size([4096, 10])
[DEBUG] Targets shape: torch.Size([4096, 1])
[DEBUG] Predictions shape: torch.Size([4096, 10])
[DEBUG] Targets shape: torch.Size([4096, 1])
[DEBUG] Predictions shape: torch.Size([4096, 10])
[DEBUG] Targets shape: torch.Size([4096, 1])
[DEBUG] Predictions shape: torch.Size([4096, 10])
[DEBUG] Targets shape: torch.Size([4096, 1])
[DEBUG] Predictions shape: torch.Size([4096, 10])
[DEBUG] Targets shape: torch.Size([4096, 1])
[DEBUG] Predictions shape: torch.Size([4096, 10])
[DEBUG] Targets shape: torch.Size([4096, 1])
[DEBUG] Predictions shape: torch.Size([4096, 10])
[DEBUG] Targets shape: torch.Size([4096, 1])
[DEBUG] Predictions shape: torch.Size([4096, 10])
[DEBUG] Targets shape: torch.Size([4096, 1])
[DEBUG] Predictions shape: torch.Size([4096, 10])
[DEBUG] Targets shape: torch.Size([4096, 1])
[DEBUG] Predictions shape: torch.Size([3625, 10])
[DEBUG] Targets shape: torch.Size([3625, 1])
[DEBUG] Predictions shape: torch.Size([4096, 10])
[DEBUG] Targets shape: torch.Size([4096, 1])
[DEBUG] Predictions shape: torch.Size([4096, 10])
[DEBUG] Targets shape: torch.Size([4096, 1])
[DEBUG] Predictions shape: torch.Size([4096, 10])
[DEBUG] Targets shape: torch.Size([4096, 1])
[DEBUG] Predictions shape: torch.Size([4096, 10])
[DEBUG] Targets shape: torch.Size([4096, 1])
[DEBUG] Predictions shape: torch.Size([4096, 10])
[DEBUG] Targets shape: torch.Size([4096, 1])
[DEBUG] Predictions shape: torch.Size([4096, 10])
[DEBUG] Targets shape: torch.Size([4096, 1])
[DEBUG] Predictions shape: torch.Size([1456, 10])
[DEBUG] Targets shape: torch.Size([1456, 1])
[DEBUG] Writing to CSV - Epoch: 160, Train MSE: 0.2587129958508415, Test MSE: 3.8906810948946906, Train Acc: 10.16831156066997, Test Acc: 10.36416717885679
[Epoch 160] train_mse=0.258713  test_mse=3.890681
[DEBUG] Predictions shape: torch.Size([4096, 10])
[DEBUG] Targets shape: torch.Size([4096, 1])
[DEBUG] Predictions shape: torch.Size([4096, 10])
[DEBUG] Targets shape: torch.Size([4096, 1])
[DEBUG] Predictions shape: torch.Size([4096, 10])
[DEBUG] Targets shape: torch.Size([4096, 1])
[DEBUG] Predictions shape: torch.Size([4096, 10])
[DEBUG] Targets shape: torch.Size([4096, 1])
[DEBUG] Predictions shape: torch.Size([4096, 10])
[DEBUG] Targets shape: torch.Size([4096, 1])
[DEBUG] Predictions shape: torch.Size([4096, 10])
[DEBUG] Targets shape: torch.Size([4096, 1])
[DEBUG] Predictions shape: torch.Size([4096, 10])
[DEBUG] Targets shape: torch.Size([4096, 1])
[DEBUG] Predictions shape: torch.Size([4096, 10])
[DEBUG] Targets shape: torch.Size([4096, 1])
[DEBUG] Predictions shape: torch.Size([4096, 10])
[DEBUG] Targets shape: torch.Size([4096, 1])
[DEBUG] Predictions shape: torch.Size([4096, 10])
[DEBUG] Targets shape: torch.Size([4096, 1])
[DEBUG] Predictions shape: torch.Size([4096, 10])
[DEBUG] Targets shape: torch.Size([4096, 1])
[DEBUG] Predictions shape: torch.Size([4096, 10])
[DEBUG] Targets shape: torch.Size([4096, 1])
[DEBUG] Predictions shape: torch.Size([4096, 10])
[DEBUG] Targets shape: torch.Size([4096, 1])
[DEBUG] Predictions shape: torch.Size([4096, 10])
[DEBUG] Targets shape: torch.Size([4096, 1])
[DEBUG] Predictions shape: torch.Size([4096, 10])
[DEBUG] Targets shape: torch.Size([4096, 1])
[DEBUG] Predictions shape: torch.Size([4096, 10])
[DEBUG] Targets shape: torch.Size([4096, 1])
[DEBUG] Predictions shape: torch.Size([4096, 10])
[DEBUG] Targets shape: torch.Size([4096, 1])
[DEBUG] Predictions shape: torch.Size([3625, 10])
[DEBUG] Targets shape: torch.Size([3625, 1])
[DEBUG] Predictions shape: torch.Size([4096, 10])
[DEBUG] Targets shape: torch.Size([4096, 1])
[DEBUG] Predictions shape: torch.Size([4096, 10])
[DEBUG] Targets shape: torch.Size([4096, 1])
[DEBUG] Predictions shape: torch.Size([4096, 10])
[DEBUG] Targets shape: torch.Size([4096, 1])
[DEBUG] Predictions shape: torch.Size([4096, 10])
[DEBUG] Targets shape: torch.Size([4096, 1])
[DEBUG] Predictions shape: torch.Size([4096, 10])
[DEBUG] Targets shape: torch.Size([4096, 1])
[DEBUG] Predictions shape: torch.Size([4096, 10])
[DEBUG] Targets shape: torch.Size([4096, 1])
[DEBUG] Predictions shape: torch.Size([1456, 10])
[DEBUG] Targets shape: torch.Size([1456, 1])
[DEBUG] Writing to CSV - Epoch: 161, Train MSE: 0.13193185392095483, Test MSE: 3.6918073327686423, Train Acc: 9.649589800292123, Test Acc: 9.841733251382914
[DEBUG] Predictions shape: torch.Size([4096, 10])
[DEBUG] Targets shape: torch.Size([4096, 1])
[DEBUG] Predictions shape: torch.Size([4096, 10])
[DEBUG] Targets shape: torch.Size([4096, 1])
[DEBUG] Predictions shape: torch.Size([4096, 10])
[DEBUG] Targets shape: torch.Size([4096, 1])
[DEBUG] Predictions shape: torch.Size([4096, 10])
[DEBUG] Targets shape: torch.Size([4096, 1])
[DEBUG] Predictions shape: torch.Size([4096, 10])
[DEBUG] Targets shape: torch.Size([4096, 1])
[DEBUG] Predictions shape: torch.Size([4096, 10])
[DEBUG] Targets shape: torch.Size([4096, 1])
[DEBUG] Predictions shape: torch.Size([4096, 10])
[DEBUG] Targets shape: torch.Size([4096, 1])
[DEBUG] Predictions shape: torch.Size([4096, 10])
[DEBUG] Targets shape: torch.Size([4096, 1])
[DEBUG] Predictions shape: torch.Size([4096, 10])
[DEBUG] Targets shape: torch.Size([4096, 1])
[DEBUG] Predictions shape: torch.Size([4096, 10])
[DEBUG] Targets shape: torch.Size([4096, 1])
[DEBUG] Predictions shape: torch.Size([4096, 10])
[DEBUG] Targets shape: torch.Size([4096, 1])
[DEBUG] Predictions shape: torch.Size([4096, 10])
[DEBUG] Targets shape: torch.Size([4096, 1])
[DEBUG] Predictions shape: torch.Size([4096, 10])
[DEBUG] Targets shape: torch.Size([4096, 1])
[DEBUG] Predictions shape: torch.Size([4096, 10])
[DEBUG] Targets shape: torch.Size([4096, 1])
[DEBUG] Predictions shape: torch.Size([4096, 10])
[DEBUG] Targets shape: torch.Size([4096, 1])
[DEBUG] Predictions shape: torch.Size([4096, 10])
[DEBUG] Targets shape: torch.Size([4096, 1])
[DEBUG] Predictions shape: torch.Size([4096, 10])
[DEBUG] Targets shape: torch.Size([4096, 1])
[DEBUG] Predictions shape: torch.Size([3625, 10])
[DEBUG] Targets shape: torch.Size([3625, 1])
[DEBUG] Predictions shape: torch.Size([4096, 10])
[DEBUG] Targets shape: torch.Size([4096, 1])
[DEBUG] Predictions shape: torch.Size([4096, 10])
[DEBUG] Targets shape: torch.Size([4096, 1])
[DEBUG] Predictions shape: torch.Size([4096, 10])
[DEBUG] Targets shape: torch.Size([4096, 1])
[DEBUG] Predictions shape: torch.Size([4096, 10])
[DEBUG] Targets shape: torch.Size([4096, 1])
[DEBUG] Predictions shape: torch.Size([4096, 10])
[DEBUG] Targets shape: torch.Size([4096, 1])
[DEBUG] Predictions shape: torch.Size([4096, 10])
[DEBUG] Targets shape: torch.Size([4096, 1])
[DEBUG] Predictions shape: torch.Size([1456, 10])
[DEBUG] Targets shape: torch.Size([1456, 1])
[DEBUG] Writing to CSV - Epoch: 162, Train MSE: 0.15214412848424833, Test MSE: 3.5735475106992527, Train Acc: 10.255675225575713, Test Acc: 10.579287031346036
[DEBUG] Predictions shape: torch.Size([4096, 10])
[DEBUG] Targets shape: torch.Size([4096, 1])
[DEBUG] Predictions shape: torch.Size([4096, 10])
[DEBUG] Targets shape: torch.Size([4096, 1])
[DEBUG] Predictions shape: torch.Size([4096, 10])
[DEBUG] Targets shape: torch.Size([4096, 1])
[DEBUG] Predictions shape: torch.Size([4096, 10])
[DEBUG] Targets shape: torch.Size([4096, 1])
[DEBUG] Predictions shape: torch.Size([4096, 10])
[DEBUG] Targets shape: torch.Size([4096, 1])
[DEBUG] Predictions shape: torch.Size([4096, 10])
[DEBUG] Targets shape: torch.Size([4096, 1])
[DEBUG] Predictions shape: torch.Size([4096, 10])
[DEBUG] Targets shape: torch.Size([4096, 1])
[DEBUG] Predictions shape: torch.Size([4096, 10])
[DEBUG] Targets shape: torch.Size([4096, 1])
[DEBUG] Predictions shape: torch.Size([4096, 10])
[DEBUG] Targets shape: torch.Size([4096, 1])
[DEBUG] Predictions shape: torch.Size([4096, 10])
[DEBUG] Targets shape: torch.Size([4096, 1])
[DEBUG] Predictions shape: torch.Size([4096, 10])
[DEBUG] Targets shape: torch.Size([4096, 1])
[DEBUG] Predictions shape: torch.Size([4096, 10])
[DEBUG] Targets shape: torch.Size([4096, 1])
[DEBUG] Predictions shape: torch.Size([4096, 10])
[DEBUG] Targets shape: torch.Size([4096, 1])
[DEBUG] Predictions shape: torch.Size([4096, 10])
[DEBUG] Targets shape: torch.Size([4096, 1])
[DEBUG] Predictions shape: torch.Size([4096, 10])
[DEBUG] Targets shape: torch.Size([4096, 1])
[DEBUG] Predictions shape: torch.Size([4096, 10])
[DEBUG] Targets shape: torch.Size([4096, 1])
[DEBUG] Predictions shape: torch.Size([4096, 10])
[DEBUG] Targets shape: torch.Size([4096, 1])
[DEBUG] Predictions shape: torch.Size([3625, 10])
[DEBUG] Targets shape: torch.Size([3625, 1])
[DEBUG] Predictions shape: torch.Size([4096, 10])
[DEBUG] Targets shape: torch.Size([4096, 1])
[DEBUG] Predictions shape: torch.Size([4096, 10])
[DEBUG] Targets shape: torch.Size([4096, 1])
[DEBUG] Predictions shape: torch.Size([4096, 10])
[DEBUG] Targets shape: torch.Size([4096, 1])
[DEBUG] Predictions shape: torch.Size([4096, 10])
[DEBUG] Targets shape: torch.Size([4096, 1])
[DEBUG] Predictions shape: torch.Size([4096, 10])
[DEBUG] Targets shape: torch.Size([4096, 1])
[DEBUG] Predictions shape: torch.Size([4096, 10])
[DEBUG] Targets shape: torch.Size([4096, 1])
[DEBUG] Predictions shape: torch.Size([1456, 10])
[DEBUG] Targets shape: torch.Size([1456, 1])
[DEBUG] Writing to CSV - Epoch: 163, Train MSE: 0.1237619757219631, Test MSE: 3.665142670685921, Train Acc: 10.139645358122774, Test Acc: 10.57160417947142
[DEBUG] Predictions shape: torch.Size([4096, 10])
[DEBUG] Targets shape: torch.Size([4096, 1])
[DEBUG] Predictions shape: torch.Size([4096, 10])
[DEBUG] Targets shape: torch.Size([4096, 1])
[DEBUG] Predictions shape: torch.Size([4096, 10])
[DEBUG] Targets shape: torch.Size([4096, 1])
[DEBUG] Predictions shape: torch.Size([4096, 10])
[DEBUG] Targets shape: torch.Size([4096, 1])
[DEBUG] Predictions shape: torch.Size([4096, 10])
[DEBUG] Targets shape: torch.Size([4096, 1])
[DEBUG] Predictions shape: torch.Size([4096, 10])
[DEBUG] Targets shape: torch.Size([4096, 1])
[DEBUG] Predictions shape: torch.Size([4096, 10])
[DEBUG] Targets shape: torch.Size([4096, 1])
[DEBUG] Predictions shape: torch.Size([4096, 10])
[DEBUG] Targets shape: torch.Size([4096, 1])
[DEBUG] Predictions shape: torch.Size([4096, 10])
[DEBUG] Targets shape: torch.Size([4096, 1])
[DEBUG] Predictions shape: torch.Size([4096, 10])
[DEBUG] Targets shape: torch.Size([4096, 1])
[DEBUG] Predictions shape: torch.Size([4096, 10])
[DEBUG] Targets shape: torch.Size([4096, 1])
[DEBUG] Predictions shape: torch.Size([4096, 10])
[DEBUG] Targets shape: torch.Size([4096, 1])
[DEBUG] Predictions shape: torch.Size([4096, 10])
[DEBUG] Targets shape: torch.Size([4096, 1])
[DEBUG] Predictions shape: torch.Size([4096, 10])
[DEBUG] Targets shape: torch.Size([4096, 1])
[DEBUG] Predictions shape: torch.Size([4096, 10])
[DEBUG] Targets shape: torch.Size([4096, 1])
[DEBUG] Predictions shape: torch.Size([4096, 10])
[DEBUG] Targets shape: torch.Size([4096, 1])
[DEBUG] Predictions shape: torch.Size([4096, 10])
[DEBUG] Targets shape: torch.Size([4096, 1])
[DEBUG] Predictions shape: torch.Size([3625, 10])
[DEBUG] Targets shape: torch.Size([3625, 1])
[DEBUG] Predictions shape: torch.Size([4096, 10])
[DEBUG] Targets shape: torch.Size([4096, 1])
[DEBUG] Predictions shape: torch.Size([4096, 10])
[DEBUG] Targets shape: torch.Size([4096, 1])
[DEBUG] Predictions shape: torch.Size([4096, 10])
[DEBUG] Targets shape: torch.Size([4096, 1])
[DEBUG] Predictions shape: torch.Size([4096, 10])
[DEBUG] Targets shape: torch.Size([4096, 1])
[DEBUG] Predictions shape: torch.Size([4096, 10])
[DEBUG] Targets shape: torch.Size([4096, 1])
[DEBUG] Predictions shape: torch.Size([4096, 10])
[DEBUG] Targets shape: torch.Size([4096, 1])
[DEBUG] Predictions shape: torch.Size([1456, 10])
[DEBUG] Targets shape: torch.Size([1456, 1])
[DEBUG] Writing to CSV - Epoch: 164, Train MSE: 0.1475965741323647, Test MSE: 3.7463195871999093, Train Acc: 10.464528986991004, Test Acc: 10.548555623847573
[DEBUG] Predictions shape: torch.Size([4096, 10])
[DEBUG] Targets shape: torch.Size([4096, 1])
[DEBUG] Predictions shape: torch.Size([4096, 10])
[DEBUG] Targets shape: torch.Size([4096, 1])
[DEBUG] Predictions shape: torch.Size([4096, 10])
[DEBUG] Targets shape: torch.Size([4096, 1])
[DEBUG] Predictions shape: torch.Size([4096, 10])
[DEBUG] Targets shape: torch.Size([4096, 1])
[DEBUG] Predictions shape: torch.Size([4096, 10])
[DEBUG] Targets shape: torch.Size([4096, 1])
[DEBUG] Predictions shape: torch.Size([4096, 10])
[DEBUG] Targets shape: torch.Size([4096, 1])
[DEBUG] Predictions shape: torch.Size([4096, 10])
[DEBUG] Targets shape: torch.Size([4096, 1])
[DEBUG] Predictions shape: torch.Size([4096, 10])
[DEBUG] Targets shape: torch.Size([4096, 1])
[DEBUG] Predictions shape: torch.Size([4096, 10])
[DEBUG] Targets shape: torch.Size([4096, 1])
[DEBUG] Predictions shape: torch.Size([4096, 10])
[DEBUG] Targets shape: torch.Size([4096, 1])
[DEBUG] Predictions shape: torch.Size([4096, 10])
[DEBUG] Targets shape: torch.Size([4096, 1])
[DEBUG] Predictions shape: torch.Size([4096, 10])
[DEBUG] Targets shape: torch.Size([4096, 1])
[DEBUG] Predictions shape: torch.Size([4096, 10])
[DEBUG] Targets shape: torch.Size([4096, 1])
[DEBUG] Predictions shape: torch.Size([4096, 10])
[DEBUG] Targets shape: torch.Size([4096, 1])
[DEBUG] Predictions shape: torch.Size([4096, 10])
[DEBUG] Targets shape: torch.Size([4096, 1])
[DEBUG] Predictions shape: torch.Size([4096, 10])
[DEBUG] Targets shape: torch.Size([4096, 1])
[DEBUG] Predictions shape: torch.Size([4096, 10])
[DEBUG] Targets shape: torch.Size([4096, 1])
[DEBUG] Predictions shape: torch.Size([3625, 10])
[DEBUG] Targets shape: torch.Size([3625, 1])
[DEBUG] Predictions shape: torch.Size([4096, 10])
[DEBUG] Targets shape: torch.Size([4096, 1])
[DEBUG] Predictions shape: torch.Size([4096, 10])
[DEBUG] Targets shape: torch.Size([4096, 1])
[DEBUG] Predictions shape: torch.Size([4096, 10])
[DEBUG] Targets shape: torch.Size([4096, 1])
[DEBUG] Predictions shape: torch.Size([4096, 10])
[DEBUG] Targets shape: torch.Size([4096, 1])
[DEBUG] Predictions shape: torch.Size([4096, 10])
[DEBUG] Targets shape: torch.Size([4096, 1])
[DEBUG] Predictions shape: torch.Size([4096, 10])
[DEBUG] Targets shape: torch.Size([4096, 1])
[DEBUG] Predictions shape: torch.Size([1456, 10])
[DEBUG] Targets shape: torch.Size([1456, 1])
[DEBUG] Writing to CSV - Epoch: 165, Train MSE: 0.28255216414462675, Test MSE: 3.9991875985830783, Train Acc: 10.489100017745745, Test Acc: 10.817455439459128
[DEBUG] Predictions shape: torch.Size([4096, 10])
[DEBUG] Targets shape: torch.Size([4096, 1])
[DEBUG] Predictions shape: torch.Size([4096, 10])
[DEBUG] Targets shape: torch.Size([4096, 1])
[DEBUG] Predictions shape: torch.Size([4096, 10])
[DEBUG] Targets shape: torch.Size([4096, 1])
[DEBUG] Predictions shape: torch.Size([4096, 10])
[DEBUG] Targets shape: torch.Size([4096, 1])
[DEBUG] Predictions shape: torch.Size([4096, 10])
[DEBUG] Targets shape: torch.Size([4096, 1])
[DEBUG] Predictions shape: torch.Size([4096, 10])
[DEBUG] Targets shape: torch.Size([4096, 1])
[DEBUG] Predictions shape: torch.Size([4096, 10])
[DEBUG] Targets shape: torch.Size([4096, 1])
[DEBUG] Predictions shape: torch.Size([4096, 10])
[DEBUG] Targets shape: torch.Size([4096, 1])
[DEBUG] Predictions shape: torch.Size([4096, 10])
[DEBUG] Targets shape: torch.Size([4096, 1])
[DEBUG] Predictions shape: torch.Size([4096, 10])
[DEBUG] Targets shape: torch.Size([4096, 1])
[DEBUG] Predictions shape: torch.Size([4096, 10])
[DEBUG] Targets shape: torch.Size([4096, 1])
[DEBUG] Predictions shape: torch.Size([4096, 10])
[DEBUG] Targets shape: torch.Size([4096, 1])
[DEBUG] Predictions shape: torch.Size([4096, 10])
[DEBUG] Targets shape: torch.Size([4096, 1])
[DEBUG] Predictions shape: torch.Size([4096, 10])
[DEBUG] Targets shape: torch.Size([4096, 1])
[DEBUG] Predictions shape: torch.Size([4096, 10])
[DEBUG] Targets shape: torch.Size([4096, 1])
[DEBUG] Predictions shape: torch.Size([4096, 10])
[DEBUG] Targets shape: torch.Size([4096, 1])
[DEBUG] Predictions shape: torch.Size([4096, 10])
[DEBUG] Targets shape: torch.Size([4096, 1])
[DEBUG] Predictions shape: torch.Size([3625, 10])
[DEBUG] Targets shape: torch.Size([3625, 1])
[DEBUG] Predictions shape: torch.Size([4096, 10])
[DEBUG] Targets shape: torch.Size([4096, 1])
[DEBUG] Predictions shape: torch.Size([4096, 10])
[DEBUG] Targets shape: torch.Size([4096, 1])
[DEBUG] Predictions shape: torch.Size([4096, 10])
[DEBUG] Targets shape: torch.Size([4096, 1])
[DEBUG] Predictions shape: torch.Size([4096, 10])
[DEBUG] Targets shape: torch.Size([4096, 1])
[DEBUG] Predictions shape: torch.Size([4096, 10])
[DEBUG] Targets shape: torch.Size([4096, 1])
[DEBUG] Predictions shape: torch.Size([4096, 10])
[DEBUG] Targets shape: torch.Size([4096, 1])
[DEBUG] Predictions shape: torch.Size([1456, 10])
[DEBUG] Targets shape: torch.Size([1456, 1])
[DEBUG] Writing to CSV - Epoch: 166, Train MSE: 0.22962425947547332, Test MSE: 3.9309367988471537, Train Acc: 10.26659568368893, Test Acc: 10.7559926244622
[DEBUG] Predictions shape: torch.Size([4096, 10])
[DEBUG] Targets shape: torch.Size([4096, 1])
[DEBUG] Predictions shape: torch.Size([4096, 10])
[DEBUG] Targets shape: torch.Size([4096, 1])
[DEBUG] Predictions shape: torch.Size([4096, 10])
[DEBUG] Targets shape: torch.Size([4096, 1])
[DEBUG] Predictions shape: torch.Size([4096, 10])
[DEBUG] Targets shape: torch.Size([4096, 1])
[DEBUG] Predictions shape: torch.Size([4096, 10])
[DEBUG] Targets shape: torch.Size([4096, 1])
[DEBUG] Predictions shape: torch.Size([4096, 10])
[DEBUG] Targets shape: torch.Size([4096, 1])
[DEBUG] Predictions shape: torch.Size([4096, 10])
[DEBUG] Targets shape: torch.Size([4096, 1])
[DEBUG] Predictions shape: torch.Size([4096, 10])
[DEBUG] Targets shape: torch.Size([4096, 1])
[DEBUG] Predictions shape: torch.Size([4096, 10])
[DEBUG] Targets shape: torch.Size([4096, 1])
[DEBUG] Predictions shape: torch.Size([4096, 10])
[DEBUG] Targets shape: torch.Size([4096, 1])
[DEBUG] Predictions shape: torch.Size([4096, 10])
[DEBUG] Targets shape: torch.Size([4096, 1])
[DEBUG] Predictions shape: torch.Size([4096, 10])
[DEBUG] Targets shape: torch.Size([4096, 1])
[DEBUG] Predictions shape: torch.Size([4096, 10])
[DEBUG] Targets shape: torch.Size([4096, 1])
[DEBUG] Predictions shape: torch.Size([4096, 10])
[DEBUG] Targets shape: torch.Size([4096, 1])
[DEBUG] Predictions shape: torch.Size([4096, 10])
[DEBUG] Targets shape: torch.Size([4096, 1])
[DEBUG] Predictions shape: torch.Size([4096, 10])
[DEBUG] Targets shape: torch.Size([4096, 1])
[DEBUG] Predictions shape: torch.Size([4096, 10])
[DEBUG] Targets shape: torch.Size([4096, 1])
[DEBUG] Predictions shape: torch.Size([3625, 10])
[DEBUG] Targets shape: torch.Size([3625, 1])
[DEBUG] Predictions shape: torch.Size([4096, 10])
[DEBUG] Targets shape: torch.Size([4096, 1])
[DEBUG] Predictions shape: torch.Size([4096, 10])
[DEBUG] Targets shape: torch.Size([4096, 1])
[DEBUG] Predictions shape: torch.Size([4096, 10])
[DEBUG] Targets shape: torch.Size([4096, 1])
[DEBUG] Predictions shape: torch.Size([4096, 10])
[DEBUG] Targets shape: torch.Size([4096, 1])
[DEBUG] Predictions shape: torch.Size([4096, 10])
[DEBUG] Targets shape: torch.Size([4096, 1])
[DEBUG] Predictions shape: torch.Size([4096, 10])
[DEBUG] Targets shape: torch.Size([4096, 1])
[DEBUG] Predictions shape: torch.Size([1456, 10])
[DEBUG] Targets shape: torch.Size([1456, 1])
[DEBUG] Writing to CSV - Epoch: 167, Train MSE: 0.09425388520576722, Test MSE: 3.6686224585745917, Train Acc: 9.959457799254679, Test Acc: 10.38721573448064
[DEBUG] Predictions shape: torch.Size([4096, 10])
[DEBUG] Targets shape: torch.Size([4096, 1])
[DEBUG] Predictions shape: torch.Size([4096, 10])
[DEBUG] Targets shape: torch.Size([4096, 1])
[DEBUG] Predictions shape: torch.Size([4096, 10])
[DEBUG] Targets shape: torch.Size([4096, 1])
[DEBUG] Predictions shape: torch.Size([4096, 10])
[DEBUG] Targets shape: torch.Size([4096, 1])
[DEBUG] Predictions shape: torch.Size([4096, 10])
[DEBUG] Targets shape: torch.Size([4096, 1])
[DEBUG] Predictions shape: torch.Size([4096, 10])
[DEBUG] Targets shape: torch.Size([4096, 1])
[DEBUG] Predictions shape: torch.Size([4096, 10])
[DEBUG] Targets shape: torch.Size([4096, 1])
[DEBUG] Predictions shape: torch.Size([4096, 10])
[DEBUG] Targets shape: torch.Size([4096, 1])
[DEBUG] Predictions shape: torch.Size([4096, 10])
[DEBUG] Targets shape: torch.Size([4096, 1])
[DEBUG] Predictions shape: torch.Size([4096, 10])
[DEBUG] Targets shape: torch.Size([4096, 1])
[DEBUG] Predictions shape: torch.Size([4096, 10])
[DEBUG] Targets shape: torch.Size([4096, 1])
[DEBUG] Predictions shape: torch.Size([4096, 10])
[DEBUG] Targets shape: torch.Size([4096, 1])
[DEBUG] Predictions shape: torch.Size([4096, 10])
[DEBUG] Targets shape: torch.Size([4096, 1])
[DEBUG] Predictions shape: torch.Size([4096, 10])
[DEBUG] Targets shape: torch.Size([4096, 1])
[DEBUG] Predictions shape: torch.Size([4096, 10])
[DEBUG] Targets shape: torch.Size([4096, 1])
[DEBUG] Predictions shape: torch.Size([4096, 10])
[DEBUG] Targets shape: torch.Size([4096, 1])
[DEBUG] Predictions shape: torch.Size([4096, 10])
[DEBUG] Targets shape: torch.Size([4096, 1])
[DEBUG] Predictions shape: torch.Size([3625, 10])
[DEBUG] Targets shape: torch.Size([3625, 1])
[DEBUG] Predictions shape: torch.Size([4096, 10])
[DEBUG] Targets shape: torch.Size([4096, 1])
[DEBUG] Predictions shape: torch.Size([4096, 10])
[DEBUG] Targets shape: torch.Size([4096, 1])
[DEBUG] Predictions shape: torch.Size([4096, 10])
[DEBUG] Targets shape: torch.Size([4096, 1])
[DEBUG] Predictions shape: torch.Size([4096, 10])
[DEBUG] Targets shape: torch.Size([4096, 1])
[DEBUG] Predictions shape: torch.Size([4096, 10])
[DEBUG] Targets shape: torch.Size([4096, 1])
[DEBUG] Predictions shape: torch.Size([4096, 10])
[DEBUG] Targets shape: torch.Size([4096, 1])
[DEBUG] Predictions shape: torch.Size([1456, 10])
[DEBUG] Targets shape: torch.Size([1456, 1])
[DEBUG] Writing to CSV - Epoch: 168, Train MSE: 0.13789123979643994, Test MSE: 3.6658164201958017, Train Acc: 10.007234803500006, Test Acc: 10.068377381684082
[DEBUG] Predictions shape: torch.Size([4096, 10])
[DEBUG] Targets shape: torch.Size([4096, 1])
[DEBUG] Predictions shape: torch.Size([4096, 10])
[DEBUG] Targets shape: torch.Size([4096, 1])
[DEBUG] Predictions shape: torch.Size([4096, 10])
[DEBUG] Targets shape: torch.Size([4096, 1])
[DEBUG] Predictions shape: torch.Size([4096, 10])
[DEBUG] Targets shape: torch.Size([4096, 1])
[DEBUG] Predictions shape: torch.Size([4096, 10])
[DEBUG] Targets shape: torch.Size([4096, 1])
[DEBUG] Predictions shape: torch.Size([4096, 10])
[DEBUG] Targets shape: torch.Size([4096, 1])
[DEBUG] Predictions shape: torch.Size([4096, 10])
[DEBUG] Targets shape: torch.Size([4096, 1])
[DEBUG] Predictions shape: torch.Size([4096, 10])
[DEBUG] Targets shape: torch.Size([4096, 1])
[DEBUG] Predictions shape: torch.Size([4096, 10])
[DEBUG] Targets shape: torch.Size([4096, 1])
[DEBUG] Predictions shape: torch.Size([4096, 10])
[DEBUG] Targets shape: torch.Size([4096, 1])
[DEBUG] Predictions shape: torch.Size([4096, 10])
[DEBUG] Targets shape: torch.Size([4096, 1])
[DEBUG] Predictions shape: torch.Size([4096, 10])
[DEBUG] Targets shape: torch.Size([4096, 1])
[DEBUG] Predictions shape: torch.Size([4096, 10])
[DEBUG] Targets shape: torch.Size([4096, 1])
[DEBUG] Predictions shape: torch.Size([4096, 10])
[DEBUG] Targets shape: torch.Size([4096, 1])
[DEBUG] Predictions shape: torch.Size([4096, 10])
[DEBUG] Targets shape: torch.Size([4096, 1])
[DEBUG] Predictions shape: torch.Size([4096, 10])
[DEBUG] Targets shape: torch.Size([4096, 1])
[DEBUG] Predictions shape: torch.Size([4096, 10])
[DEBUG] Targets shape: torch.Size([4096, 1])
[DEBUG] Predictions shape: torch.Size([3625, 10])
[DEBUG] Targets shape: torch.Size([3625, 1])
[DEBUG] Predictions shape: torch.Size([4096, 10])
[DEBUG] Targets shape: torch.Size([4096, 1])
[DEBUG] Predictions shape: torch.Size([4096, 10])
[DEBUG] Targets shape: torch.Size([4096, 1])
[DEBUG] Predictions shape: torch.Size([4096, 10])
[DEBUG] Targets shape: torch.Size([4096, 1])
[DEBUG] Predictions shape: torch.Size([4096, 10])
[DEBUG] Targets shape: torch.Size([4096, 1])
[DEBUG] Predictions shape: torch.Size([4096, 10])
[DEBUG] Targets shape: torch.Size([4096, 1])
[DEBUG] Predictions shape: torch.Size([4096, 10])
[DEBUG] Targets shape: torch.Size([4096, 1])
[DEBUG] Predictions shape: torch.Size([1456, 10])
[DEBUG] Targets shape: torch.Size([1456, 1])
[DEBUG] Writing to CSV - Epoch: 169, Train MSE: 0.12147938074335553, Test MSE: 3.640967910393807, Train Acc: 10.433132669915503, Test Acc: 10.544714197910265
[DEBUG] Predictions shape: torch.Size([4096, 10])
[DEBUG] Targets shape: torch.Size([4096, 1])
[DEBUG] Predictions shape: torch.Size([4096, 10])
[DEBUG] Targets shape: torch.Size([4096, 1])
[DEBUG] Predictions shape: torch.Size([4096, 10])
[DEBUG] Targets shape: torch.Size([4096, 1])
[DEBUG] Predictions shape: torch.Size([4096, 10])
[DEBUG] Targets shape: torch.Size([4096, 1])
[DEBUG] Predictions shape: torch.Size([4096, 10])
[DEBUG] Targets shape: torch.Size([4096, 1])
[DEBUG] Predictions shape: torch.Size([4096, 10])
[DEBUG] Targets shape: torch.Size([4096, 1])
[DEBUG] Predictions shape: torch.Size([4096, 10])
[DEBUG] Targets shape: torch.Size([4096, 1])
[DEBUG] Predictions shape: torch.Size([4096, 10])
[DEBUG] Targets shape: torch.Size([4096, 1])
[DEBUG] Predictions shape: torch.Size([4096, 10])
[DEBUG] Targets shape: torch.Size([4096, 1])
[DEBUG] Predictions shape: torch.Size([4096, 10])
[DEBUG] Targets shape: torch.Size([4096, 1])
[DEBUG] Predictions shape: torch.Size([4096, 10])
[DEBUG] Targets shape: torch.Size([4096, 1])
[DEBUG] Predictions shape: torch.Size([4096, 10])
[DEBUG] Targets shape: torch.Size([4096, 1])
[DEBUG] Predictions shape: torch.Size([4096, 10])
[DEBUG] Targets shape: torch.Size([4096, 1])
[DEBUG] Predictions shape: torch.Size([4096, 10])
[DEBUG] Targets shape: torch.Size([4096, 1])
[DEBUG] Predictions shape: torch.Size([4096, 10])
[DEBUG] Targets shape: torch.Size([4096, 1])
[DEBUG] Predictions shape: torch.Size([4096, 10])
[DEBUG] Targets shape: torch.Size([4096, 1])
[DEBUG] Predictions shape: torch.Size([4096, 10])
[DEBUG] Targets shape: torch.Size([4096, 1])
[DEBUG] Predictions shape: torch.Size([3625, 10])
[DEBUG] Targets shape: torch.Size([3625, 1])
[DEBUG] Predictions shape: torch.Size([4096, 10])
[DEBUG] Targets shape: torch.Size([4096, 1])
[DEBUG] Predictions shape: torch.Size([4096, 10])
[DEBUG] Targets shape: torch.Size([4096, 1])
[DEBUG] Predictions shape: torch.Size([4096, 10])
[DEBUG] Targets shape: torch.Size([4096, 1])
[DEBUG] Predictions shape: torch.Size([4096, 10])
[DEBUG] Targets shape: torch.Size([4096, 1])
[DEBUG] Predictions shape: torch.Size([4096, 10])
[DEBUG] Targets shape: torch.Size([4096, 1])
[DEBUG] Predictions shape: torch.Size([4096, 10])
[DEBUG] Targets shape: torch.Size([4096, 1])
[DEBUG] Predictions shape: torch.Size([1456, 10])
[DEBUG] Targets shape: torch.Size([1456, 1])
[DEBUG] Writing to CSV - Epoch: 170, Train MSE: 0.09959960184926371, Test MSE: 3.6016827489821255, Train Acc: 10.20516810680208, Test Acc: 10.310387215734481
[Epoch 170] train_mse=0.099600  test_mse=3.601683
[DEBUG] Predictions shape: torch.Size([4096, 10])
[DEBUG] Targets shape: torch.Size([4096, 1])
[DEBUG] Predictions shape: torch.Size([4096, 10])
[DEBUG] Targets shape: torch.Size([4096, 1])
[DEBUG] Predictions shape: torch.Size([4096, 10])
[DEBUG] Targets shape: torch.Size([4096, 1])
[DEBUG] Predictions shape: torch.Size([4096, 10])
[DEBUG] Targets shape: torch.Size([4096, 1])
[DEBUG] Predictions shape: torch.Size([4096, 10])
[DEBUG] Targets shape: torch.Size([4096, 1])
[DEBUG] Predictions shape: torch.Size([4096, 10])
[DEBUG] Targets shape: torch.Size([4096, 1])
[DEBUG] Predictions shape: torch.Size([4096, 10])
[DEBUG] Targets shape: torch.Size([4096, 1])
[DEBUG] Predictions shape: torch.Size([4096, 10])
[DEBUG] Targets shape: torch.Size([4096, 1])
[DEBUG] Predictions shape: torch.Size([4096, 10])
[DEBUG] Targets shape: torch.Size([4096, 1])
[DEBUG] Predictions shape: torch.Size([4096, 10])
[DEBUG] Targets shape: torch.Size([4096, 1])
[DEBUG] Predictions shape: torch.Size([4096, 10])
[DEBUG] Targets shape: torch.Size([4096, 1])
[DEBUG] Predictions shape: torch.Size([4096, 10])
[DEBUG] Targets shape: torch.Size([4096, 1])
[DEBUG] Predictions shape: torch.Size([4096, 10])
[DEBUG] Targets shape: torch.Size([4096, 1])
[DEBUG] Predictions shape: torch.Size([4096, 10])
[DEBUG] Targets shape: torch.Size([4096, 1])
[DEBUG] Predictions shape: torch.Size([4096, 10])
[DEBUG] Targets shape: torch.Size([4096, 1])
[DEBUG] Predictions shape: torch.Size([4096, 10])
[DEBUG] Targets shape: torch.Size([4096, 1])
[DEBUG] Predictions shape: torch.Size([4096, 10])
[DEBUG] Targets shape: torch.Size([4096, 1])
[DEBUG] Predictions shape: torch.Size([3625, 10])
[DEBUG] Targets shape: torch.Size([3625, 1])
[DEBUG] Predictions shape: torch.Size([4096, 10])
[DEBUG] Targets shape: torch.Size([4096, 1])
[DEBUG] Predictions shape: torch.Size([4096, 10])
[DEBUG] Targets shape: torch.Size([4096, 1])
[DEBUG] Predictions shape: torch.Size([4096, 10])
[DEBUG] Targets shape: torch.Size([4096, 1])
[DEBUG] Predictions shape: torch.Size([4096, 10])
[DEBUG] Targets shape: torch.Size([4096, 1])
[DEBUG] Predictions shape: torch.Size([4096, 10])
[DEBUG] Targets shape: torch.Size([4096, 1])
[DEBUG] Predictions shape: torch.Size([4096, 10])
[DEBUG] Targets shape: torch.Size([4096, 1])
[DEBUG] Predictions shape: torch.Size([1456, 10])
[DEBUG] Targets shape: torch.Size([1456, 1])
[DEBUG] Writing to CSV - Epoch: 171, Train MSE: 0.15316115677709025, Test MSE: 3.7479895430250116, Train Acc: 10.277516141802149, Test Acc: 10.60617701290719
[DEBUG] Predictions shape: torch.Size([4096, 10])
[DEBUG] Targets shape: torch.Size([4096, 1])
[DEBUG] Predictions shape: torch.Size([4096, 10])
[DEBUG] Targets shape: torch.Size([4096, 1])
[DEBUG] Predictions shape: torch.Size([4096, 10])
[DEBUG] Targets shape: torch.Size([4096, 1])
[DEBUG] Predictions shape: torch.Size([4096, 10])
[DEBUG] Targets shape: torch.Size([4096, 1])
[DEBUG] Predictions shape: torch.Size([4096, 10])
[DEBUG] Targets shape: torch.Size([4096, 1])
[DEBUG] Predictions shape: torch.Size([4096, 10])
[DEBUG] Targets shape: torch.Size([4096, 1])
[DEBUG] Predictions shape: torch.Size([4096, 10])
[DEBUG] Targets shape: torch.Size([4096, 1])
[DEBUG] Predictions shape: torch.Size([4096, 10])
[DEBUG] Targets shape: torch.Size([4096, 1])
[DEBUG] Predictions shape: torch.Size([4096, 10])
[DEBUG] Targets shape: torch.Size([4096, 1])
[DEBUG] Predictions shape: torch.Size([4096, 10])
[DEBUG] Targets shape: torch.Size([4096, 1])
[DEBUG] Predictions shape: torch.Size([4096, 10])
[DEBUG] Targets shape: torch.Size([4096, 1])
[DEBUG] Predictions shape: torch.Size([4096, 10])
[DEBUG] Targets shape: torch.Size([4096, 1])
[DEBUG] Predictions shape: torch.Size([4096, 10])
[DEBUG] Targets shape: torch.Size([4096, 1])
[DEBUG] Predictions shape: torch.Size([4096, 10])
[DEBUG] Targets shape: torch.Size([4096, 1])
[DEBUG] Predictions shape: torch.Size([4096, 10])
[DEBUG] Targets shape: torch.Size([4096, 1])
[DEBUG] Predictions shape: torch.Size([4096, 10])
[DEBUG] Targets shape: torch.Size([4096, 1])
[DEBUG] Predictions shape: torch.Size([4096, 10])
[DEBUG] Targets shape: torch.Size([4096, 1])
[DEBUG] Predictions shape: torch.Size([3625, 10])
[DEBUG] Targets shape: torch.Size([3625, 1])
[DEBUG] Predictions shape: torch.Size([4096, 10])
[DEBUG] Targets shape: torch.Size([4096, 1])
[DEBUG] Predictions shape: torch.Size([4096, 10])
[DEBUG] Targets shape: torch.Size([4096, 1])
[DEBUG] Predictions shape: torch.Size([4096, 10])
[DEBUG] Targets shape: torch.Size([4096, 1])
[DEBUG] Predictions shape: torch.Size([4096, 10])
[DEBUG] Targets shape: torch.Size([4096, 1])
[DEBUG] Predictions shape: torch.Size([4096, 10])
[DEBUG] Targets shape: torch.Size([4096, 1])
[DEBUG] Predictions shape: torch.Size([4096, 10])
[DEBUG] Targets shape: torch.Size([4096, 1])
[DEBUG] Predictions shape: torch.Size([1456, 10])
[DEBUG] Targets shape: torch.Size([1456, 1])
[DEBUG] Writing to CSV - Epoch: 172, Train MSE: 0.13537215140694092, Test MSE: 3.817993523668642, Train Acc: 10.220183736707755, Test Acc: 10.283497234173325
[DEBUG] Predictions shape: torch.Size([4096, 10])
[DEBUG] Targets shape: torch.Size([4096, 1])
[DEBUG] Predictions shape: torch.Size([4096, 10])
[DEBUG] Targets shape: torch.Size([4096, 1])
[DEBUG] Predictions shape: torch.Size([4096, 10])
[DEBUG] Targets shape: torch.Size([4096, 1])
[DEBUG] Predictions shape: torch.Size([4096, 10])
[DEBUG] Targets shape: torch.Size([4096, 1])
[DEBUG] Predictions shape: torch.Size([4096, 10])
[DEBUG] Targets shape: torch.Size([4096, 1])
[DEBUG] Predictions shape: torch.Size([4096, 10])
[DEBUG] Targets shape: torch.Size([4096, 1])
[DEBUG] Predictions shape: torch.Size([4096, 10])
[DEBUG] Targets shape: torch.Size([4096, 1])
[DEBUG] Predictions shape: torch.Size([4096, 10])
[DEBUG] Targets shape: torch.Size([4096, 1])
[DEBUG] Predictions shape: torch.Size([4096, 10])
[DEBUG] Targets shape: torch.Size([4096, 1])
[DEBUG] Predictions shape: torch.Size([4096, 10])
[DEBUG] Targets shape: torch.Size([4096, 1])
[DEBUG] Predictions shape: torch.Size([4096, 10])
[DEBUG] Targets shape: torch.Size([4096, 1])
[DEBUG] Predictions shape: torch.Size([4096, 10])
[DEBUG] Targets shape: torch.Size([4096, 1])
[DEBUG] Predictions shape: torch.Size([4096, 10])
[DEBUG] Targets shape: torch.Size([4096, 1])
[DEBUG] Predictions shape: torch.Size([4096, 10])
[DEBUG] Targets shape: torch.Size([4096, 1])
[DEBUG] Predictions shape: torch.Size([4096, 10])
[DEBUG] Targets shape: torch.Size([4096, 1])
[DEBUG] Predictions shape: torch.Size([4096, 10])
[DEBUG] Targets shape: torch.Size([4096, 1])
[DEBUG] Predictions shape: torch.Size([4096, 10])
[DEBUG] Targets shape: torch.Size([4096, 1])
[DEBUG] Predictions shape: torch.Size([3625, 10])
[DEBUG] Targets shape: torch.Size([3625, 1])
[DEBUG] Predictions shape: torch.Size([4096, 10])
[DEBUG] Targets shape: torch.Size([4096, 1])
[DEBUG] Predictions shape: torch.Size([4096, 10])
[DEBUG] Targets shape: torch.Size([4096, 1])
[DEBUG] Predictions shape: torch.Size([4096, 10])
[DEBUG] Targets shape: torch.Size([4096, 1])
[DEBUG] Predictions shape: torch.Size([4096, 10])
[DEBUG] Targets shape: torch.Size([4096, 1])
[DEBUG] Predictions shape: torch.Size([4096, 10])
[DEBUG] Targets shape: torch.Size([4096, 1])
[DEBUG] Predictions shape: torch.Size([4096, 10])
[DEBUG] Targets shape: torch.Size([4096, 1])
[DEBUG] Predictions shape: torch.Size([1456, 10])
[DEBUG] Targets shape: torch.Size([1456, 1])
[DEBUG] Writing to CSV - Epoch: 173, Train MSE: 0.13408315316572259, Test MSE: 3.719996382139472, Train Acc: 9.766984725009214, Test Acc: 9.937768899815612
[DEBUG] Predictions shape: torch.Size([4096, 10])
[DEBUG] Targets shape: torch.Size([4096, 1])
[DEBUG] Predictions shape: torch.Size([4096, 10])
[DEBUG] Targets shape: torch.Size([4096, 1])
[DEBUG] Predictions shape: torch.Size([4096, 10])
[DEBUG] Targets shape: torch.Size([4096, 1])
[DEBUG] Predictions shape: torch.Size([4096, 10])
[DEBUG] Targets shape: torch.Size([4096, 1])
[DEBUG] Predictions shape: torch.Size([4096, 10])
[DEBUG] Targets shape: torch.Size([4096, 1])
[DEBUG] Predictions shape: torch.Size([4096, 10])
[DEBUG] Targets shape: torch.Size([4096, 1])
[DEBUG] Predictions shape: torch.Size([4096, 10])
[DEBUG] Targets shape: torch.Size([4096, 1])
[DEBUG] Predictions shape: torch.Size([4096, 10])
[DEBUG] Targets shape: torch.Size([4096, 1])
[DEBUG] Predictions shape: torch.Size([4096, 10])
[DEBUG] Targets shape: torch.Size([4096, 1])
[DEBUG] Predictions shape: torch.Size([4096, 10])
[DEBUG] Targets shape: torch.Size([4096, 1])
[DEBUG] Predictions shape: torch.Size([4096, 10])
[DEBUG] Targets shape: torch.Size([4096, 1])
[DEBUG] Predictions shape: torch.Size([4096, 10])
[DEBUG] Targets shape: torch.Size([4096, 1])
[DEBUG] Predictions shape: torch.Size([4096, 10])
[DEBUG] Targets shape: torch.Size([4096, 1])
[DEBUG] Predictions shape: torch.Size([4096, 10])
[DEBUG] Targets shape: torch.Size([4096, 1])
[DEBUG] Predictions shape: torch.Size([4096, 10])
[DEBUG] Targets shape: torch.Size([4096, 1])
[DEBUG] Predictions shape: torch.Size([4096, 10])
[DEBUG] Targets shape: torch.Size([4096, 1])
[DEBUG] Predictions shape: torch.Size([4096, 10])
[DEBUG] Targets shape: torch.Size([4096, 1])
[DEBUG] Predictions shape: torch.Size([3625, 10])
[DEBUG] Targets shape: torch.Size([3625, 1])
[DEBUG] Predictions shape: torch.Size([4096, 10])
[DEBUG] Targets shape: torch.Size([4096, 1])
[DEBUG] Predictions shape: torch.Size([4096, 10])
[DEBUG] Targets shape: torch.Size([4096, 1])
[DEBUG] Predictions shape: torch.Size([4096, 10])
[DEBUG] Targets shape: torch.Size([4096, 1])
[DEBUG] Predictions shape: torch.Size([4096, 10])
[DEBUG] Targets shape: torch.Size([4096, 1])
[DEBUG] Predictions shape: torch.Size([4096, 10])
[DEBUG] Targets shape: torch.Size([4096, 1])
[DEBUG] Predictions shape: torch.Size([4096, 10])
[DEBUG] Targets shape: torch.Size([4096, 1])
[DEBUG] Predictions shape: torch.Size([1456, 10])
[DEBUG] Targets shape: torch.Size([1456, 1])
[DEBUG] Writing to CSV - Epoch: 174, Train MSE: 0.10300506660809204, Test MSE: 3.6849682203596474, Train Acc: 9.959457799254679, Test Acc: 10.218192993239091
[DEBUG] Predictions shape: torch.Size([4096, 10])
[DEBUG] Targets shape: torch.Size([4096, 1])
[DEBUG] Predictions shape: torch.Size([4096, 10])
[DEBUG] Targets shape: torch.Size([4096, 1])
[DEBUG] Predictions shape: torch.Size([4096, 10])
[DEBUG] Targets shape: torch.Size([4096, 1])
[DEBUG] Predictions shape: torch.Size([4096, 10])
[DEBUG] Targets shape: torch.Size([4096, 1])
[DEBUG] Predictions shape: torch.Size([4096, 10])
[DEBUG] Targets shape: torch.Size([4096, 1])
[DEBUG] Predictions shape: torch.Size([4096, 10])
[DEBUG] Targets shape: torch.Size([4096, 1])
[DEBUG] Predictions shape: torch.Size([4096, 10])
[DEBUG] Targets shape: torch.Size([4096, 1])
[DEBUG] Predictions shape: torch.Size([4096, 10])
[DEBUG] Targets shape: torch.Size([4096, 1])
[DEBUG] Predictions shape: torch.Size([4096, 10])
[DEBUG] Targets shape: torch.Size([4096, 1])
[DEBUG] Predictions shape: torch.Size([4096, 10])
[DEBUG] Targets shape: torch.Size([4096, 1])
[DEBUG] Predictions shape: torch.Size([4096, 10])
[DEBUG] Targets shape: torch.Size([4096, 1])
[DEBUG] Predictions shape: torch.Size([4096, 10])
[DEBUG] Targets shape: torch.Size([4096, 1])
[DEBUG] Predictions shape: torch.Size([4096, 10])
[DEBUG] Targets shape: torch.Size([4096, 1])
[DEBUG] Predictions shape: torch.Size([4096, 10])
[DEBUG] Targets shape: torch.Size([4096, 1])
[DEBUG] Predictions shape: torch.Size([4096, 10])
[DEBUG] Targets shape: torch.Size([4096, 1])
[DEBUG] Predictions shape: torch.Size([4096, 10])
[DEBUG] Targets shape: torch.Size([4096, 1])
[DEBUG] Predictions shape: torch.Size([4096, 10])
[DEBUG] Targets shape: torch.Size([4096, 1])
[DEBUG] Predictions shape: torch.Size([3625, 10])
[DEBUG] Targets shape: torch.Size([3625, 1])
[DEBUG] Predictions shape: torch.Size([4096, 10])
[DEBUG] Targets shape: torch.Size([4096, 1])
[DEBUG] Predictions shape: torch.Size([4096, 10])
[DEBUG] Targets shape: torch.Size([4096, 1])
[DEBUG] Predictions shape: torch.Size([4096, 10])
[DEBUG] Targets shape: torch.Size([4096, 1])
[DEBUG] Predictions shape: torch.Size([4096, 10])
[DEBUG] Targets shape: torch.Size([4096, 1])
[DEBUG] Predictions shape: torch.Size([4096, 10])
[DEBUG] Targets shape: torch.Size([4096, 1])
[DEBUG] Predictions shape: torch.Size([4096, 10])
[DEBUG] Targets shape: torch.Size([4096, 1])
[DEBUG] Predictions shape: torch.Size([1456, 10])
[DEBUG] Targets shape: torch.Size([1456, 1])
[DEBUG] Writing to CSV - Epoch: 175, Train MSE: 0.15377853296751348, Test MSE: 3.8035595374526463, Train Acc: 9.792920813028106, Test Acc: 9.868623232944069
[DEBUG] Predictions shape: torch.Size([4096, 10])
[DEBUG] Targets shape: torch.Size([4096, 1])
[DEBUG] Predictions shape: torch.Size([4096, 10])
[DEBUG] Targets shape: torch.Size([4096, 1])
[DEBUG] Predictions shape: torch.Size([4096, 10])
[DEBUG] Targets shape: torch.Size([4096, 1])
[DEBUG] Predictions shape: torch.Size([4096, 10])
[DEBUG] Targets shape: torch.Size([4096, 1])
[DEBUG] Predictions shape: torch.Size([4096, 10])
[DEBUG] Targets shape: torch.Size([4096, 1])
[DEBUG] Predictions shape: torch.Size([4096, 10])
[DEBUG] Targets shape: torch.Size([4096, 1])
[DEBUG] Predictions shape: torch.Size([4096, 10])
[DEBUG] Targets shape: torch.Size([4096, 1])
[DEBUG] Predictions shape: torch.Size([4096, 10])
[DEBUG] Targets shape: torch.Size([4096, 1])
[DEBUG] Predictions shape: torch.Size([4096, 10])
[DEBUG] Targets shape: torch.Size([4096, 1])
[DEBUG] Predictions shape: torch.Size([4096, 10])
[DEBUG] Targets shape: torch.Size([4096, 1])
[DEBUG] Predictions shape: torch.Size([4096, 10])
[DEBUG] Targets shape: torch.Size([4096, 1])
[DEBUG] Predictions shape: torch.Size([4096, 10])
[DEBUG] Targets shape: torch.Size([4096, 1])
[DEBUG] Predictions shape: torch.Size([4096, 10])
[DEBUG] Targets shape: torch.Size([4096, 1])
[DEBUG] Predictions shape: torch.Size([4096, 10])
[DEBUG] Targets shape: torch.Size([4096, 1])
[DEBUG] Predictions shape: torch.Size([4096, 10])
[DEBUG] Targets shape: torch.Size([4096, 1])
[DEBUG] Predictions shape: torch.Size([4096, 10])
[DEBUG] Targets shape: torch.Size([4096, 1])
[DEBUG] Predictions shape: torch.Size([4096, 10])
[DEBUG] Targets shape: torch.Size([4096, 1])
[DEBUG] Predictions shape: torch.Size([3625, 10])
[DEBUG] Targets shape: torch.Size([3625, 1])
[DEBUG] Predictions shape: torch.Size([4096, 10])
[DEBUG] Targets shape: torch.Size([4096, 1])
[DEBUG] Predictions shape: torch.Size([4096, 10])
[DEBUG] Targets shape: torch.Size([4096, 1])
[DEBUG] Predictions shape: torch.Size([4096, 10])
[DEBUG] Targets shape: torch.Size([4096, 1])
[DEBUG] Predictions shape: torch.Size([4096, 10])
[DEBUG] Targets shape: torch.Size([4096, 1])
[DEBUG] Predictions shape: torch.Size([4096, 10])
[DEBUG] Targets shape: torch.Size([4096, 1])
[DEBUG] Predictions shape: torch.Size([4096, 10])
[DEBUG] Targets shape: torch.Size([4096, 1])
[DEBUG] Predictions shape: torch.Size([1456, 10])
[DEBUG] Targets shape: torch.Size([1456, 1])
[DEBUG] Writing to CSV - Epoch: 176, Train MSE: 0.13968745552574252, Test MSE: 3.714511695198289, Train Acc: 10.13691524359447, Test Acc: 10.264290104486786
[DEBUG] Predictions shape: torch.Size([4096, 10])
[DEBUG] Targets shape: torch.Size([4096, 1])
[DEBUG] Predictions shape: torch.Size([4096, 10])
[DEBUG] Targets shape: torch.Size([4096, 1])
[DEBUG] Predictions shape: torch.Size([4096, 10])
[DEBUG] Targets shape: torch.Size([4096, 1])
[DEBUG] Predictions shape: torch.Size([4096, 10])
[DEBUG] Targets shape: torch.Size([4096, 1])
[DEBUG] Predictions shape: torch.Size([4096, 10])
[DEBUG] Targets shape: torch.Size([4096, 1])
[DEBUG] Predictions shape: torch.Size([4096, 10])
[DEBUG] Targets shape: torch.Size([4096, 1])
[DEBUG] Predictions shape: torch.Size([4096, 10])
[DEBUG] Targets shape: torch.Size([4096, 1])
[DEBUG] Predictions shape: torch.Size([4096, 10])
[DEBUG] Targets shape: torch.Size([4096, 1])
[DEBUG] Predictions shape: torch.Size([4096, 10])
[DEBUG] Targets shape: torch.Size([4096, 1])
[DEBUG] Predictions shape: torch.Size([4096, 10])
[DEBUG] Targets shape: torch.Size([4096, 1])
[DEBUG] Predictions shape: torch.Size([4096, 10])
[DEBUG] Targets shape: torch.Size([4096, 1])
[DEBUG] Predictions shape: torch.Size([4096, 10])
[DEBUG] Targets shape: torch.Size([4096, 1])
[DEBUG] Predictions shape: torch.Size([4096, 10])
[DEBUG] Targets shape: torch.Size([4096, 1])
[DEBUG] Predictions shape: torch.Size([4096, 10])
[DEBUG] Targets shape: torch.Size([4096, 1])
[DEBUG] Predictions shape: torch.Size([4096, 10])
[DEBUG] Targets shape: torch.Size([4096, 1])
[DEBUG] Predictions shape: torch.Size([4096, 10])
[DEBUG] Targets shape: torch.Size([4096, 1])
[DEBUG] Predictions shape: torch.Size([4096, 10])
[DEBUG] Targets shape: torch.Size([4096, 1])
[DEBUG] Predictions shape: torch.Size([3625, 10])
[DEBUG] Targets shape: torch.Size([3625, 1])
[DEBUG] Predictions shape: torch.Size([4096, 10])
[DEBUG] Targets shape: torch.Size([4096, 1])
[DEBUG] Predictions shape: torch.Size([4096, 10])
[DEBUG] Targets shape: torch.Size([4096, 1])
[DEBUG] Predictions shape: torch.Size([4096, 10])
[DEBUG] Targets shape: torch.Size([4096, 1])
[DEBUG] Predictions shape: torch.Size([4096, 10])
[DEBUG] Targets shape: torch.Size([4096, 1])
[DEBUG] Predictions shape: torch.Size([4096, 10])
[DEBUG] Targets shape: torch.Size([4096, 1])
[DEBUG] Predictions shape: torch.Size([4096, 10])
[DEBUG] Targets shape: torch.Size([4096, 1])
[DEBUG] Predictions shape: torch.Size([1456, 10])
[DEBUG] Targets shape: torch.Size([1456, 1])
[DEBUG] Writing to CSV - Epoch: 177, Train MSE: 0.11224675527120663, Test MSE: 3.639401823300559, Train Acc: 10.071392494915163, Test Acc: 10.295021511985249
[DEBUG] Predictions shape: torch.Size([4096, 10])
[DEBUG] Targets shape: torch.Size([4096, 1])
[DEBUG] Predictions shape: torch.Size([4096, 10])
[DEBUG] Targets shape: torch.Size([4096, 1])
[DEBUG] Predictions shape: torch.Size([4096, 10])
[DEBUG] Targets shape: torch.Size([4096, 1])
[DEBUG] Predictions shape: torch.Size([4096, 10])
[DEBUG] Targets shape: torch.Size([4096, 1])
[DEBUG] Predictions shape: torch.Size([4096, 10])
[DEBUG] Targets shape: torch.Size([4096, 1])
[DEBUG] Predictions shape: torch.Size([4096, 10])
[DEBUG] Targets shape: torch.Size([4096, 1])
[DEBUG] Predictions shape: torch.Size([4096, 10])
[DEBUG] Targets shape: torch.Size([4096, 1])
[DEBUG] Predictions shape: torch.Size([4096, 10])
[DEBUG] Targets shape: torch.Size([4096, 1])
[DEBUG] Predictions shape: torch.Size([4096, 10])
[DEBUG] Targets shape: torch.Size([4096, 1])
[DEBUG] Predictions shape: torch.Size([4096, 10])
[DEBUG] Targets shape: torch.Size([4096, 1])
[DEBUG] Predictions shape: torch.Size([4096, 10])
[DEBUG] Targets shape: torch.Size([4096, 1])
[DEBUG] Predictions shape: torch.Size([4096, 10])
[DEBUG] Targets shape: torch.Size([4096, 1])
[DEBUG] Predictions shape: torch.Size([4096, 10])
[DEBUG] Targets shape: torch.Size([4096, 1])
[DEBUG] Predictions shape: torch.Size([4096, 10])
[DEBUG] Targets shape: torch.Size([4096, 1])
[DEBUG] Predictions shape: torch.Size([4096, 10])
[DEBUG] Targets shape: torch.Size([4096, 1])
[DEBUG] Predictions shape: torch.Size([4096, 10])
[DEBUG] Targets shape: torch.Size([4096, 1])
[DEBUG] Predictions shape: torch.Size([4096, 10])
[DEBUG] Targets shape: torch.Size([4096, 1])
[DEBUG] Predictions shape: torch.Size([3625, 10])
[DEBUG] Targets shape: torch.Size([3625, 1])
[DEBUG] Predictions shape: torch.Size([4096, 10])
[DEBUG] Targets shape: torch.Size([4096, 1])
[DEBUG] Predictions shape: torch.Size([4096, 10])
[DEBUG] Targets shape: torch.Size([4096, 1])
[DEBUG] Predictions shape: torch.Size([4096, 10])
[DEBUG] Targets shape: torch.Size([4096, 1])
[DEBUG] Predictions shape: torch.Size([4096, 10])
[DEBUG] Targets shape: torch.Size([4096, 1])
[DEBUG] Predictions shape: torch.Size([4096, 10])
[DEBUG] Targets shape: torch.Size([4096, 1])
[DEBUG] Predictions shape: torch.Size([4096, 10])
[DEBUG] Targets shape: torch.Size([4096, 1])
[DEBUG] Predictions shape: torch.Size([1456, 10])
[DEBUG] Targets shape: torch.Size([1456, 1])
[DEBUG] Writing to CSV - Epoch: 178, Train MSE: 0.21984933362515405, Test MSE: 3.963973306774287, Train Acc: 10.54779748010429, Test Acc: 10.898125384142594
[DEBUG] Predictions shape: torch.Size([4096, 10])
[DEBUG] Targets shape: torch.Size([4096, 1])
[DEBUG] Predictions shape: torch.Size([4096, 10])
[DEBUG] Targets shape: torch.Size([4096, 1])
[DEBUG] Predictions shape: torch.Size([4096, 10])
[DEBUG] Targets shape: torch.Size([4096, 1])
[DEBUG] Predictions shape: torch.Size([4096, 10])
[DEBUG] Targets shape: torch.Size([4096, 1])
[DEBUG] Predictions shape: torch.Size([4096, 10])
[DEBUG] Targets shape: torch.Size([4096, 1])
[DEBUG] Predictions shape: torch.Size([4096, 10])
[DEBUG] Targets shape: torch.Size([4096, 1])
[DEBUG] Predictions shape: torch.Size([4096, 10])
[DEBUG] Targets shape: torch.Size([4096, 1])
[DEBUG] Predictions shape: torch.Size([4096, 10])
[DEBUG] Targets shape: torch.Size([4096, 1])
[DEBUG] Predictions shape: torch.Size([4096, 10])
[DEBUG] Targets shape: torch.Size([4096, 1])
[DEBUG] Predictions shape: torch.Size([4096, 10])
[DEBUG] Targets shape: torch.Size([4096, 1])
[DEBUG] Predictions shape: torch.Size([4096, 10])
[DEBUG] Targets shape: torch.Size([4096, 1])
[DEBUG] Predictions shape: torch.Size([4096, 10])
[DEBUG] Targets shape: torch.Size([4096, 1])
[DEBUG] Predictions shape: torch.Size([4096, 10])
[DEBUG] Targets shape: torch.Size([4096, 1])
[DEBUG] Predictions shape: torch.Size([4096, 10])
[DEBUG] Targets shape: torch.Size([4096, 1])
[DEBUG] Predictions shape: torch.Size([4096, 10])
[DEBUG] Targets shape: torch.Size([4096, 1])
[DEBUG] Predictions shape: torch.Size([4096, 10])
[DEBUG] Targets shape: torch.Size([4096, 1])
[DEBUG] Predictions shape: torch.Size([4096, 10])
[DEBUG] Targets shape: torch.Size([4096, 1])
[DEBUG] Predictions shape: torch.Size([3625, 10])
[DEBUG] Targets shape: torch.Size([3625, 1])
[DEBUG] Predictions shape: torch.Size([4096, 10])
[DEBUG] Targets shape: torch.Size([4096, 1])
[DEBUG] Predictions shape: torch.Size([4096, 10])
[DEBUG] Targets shape: torch.Size([4096, 1])
[DEBUG] Predictions shape: torch.Size([4096, 10])
[DEBUG] Targets shape: torch.Size([4096, 1])
[DEBUG] Predictions shape: torch.Size([4096, 10])
[DEBUG] Targets shape: torch.Size([4096, 1])
[DEBUG] Predictions shape: torch.Size([4096, 10])
[DEBUG] Targets shape: torch.Size([4096, 1])
[DEBUG] Predictions shape: torch.Size([4096, 10])
[DEBUG] Targets shape: torch.Size([4096, 1])
[DEBUG] Predictions shape: torch.Size([1456, 10])
[DEBUG] Targets shape: torch.Size([1456, 1])
[DEBUG] Writing to CSV - Epoch: 179, Train MSE: 0.1056968712954743, Test MSE: 3.6978327615464766, Train Acc: 9.80111115661302, Test Acc: 9.930086047940996
[DEBUG] Predictions shape: torch.Size([4096, 10])
[DEBUG] Targets shape: torch.Size([4096, 1])
[DEBUG] Predictions shape: torch.Size([4096, 10])
[DEBUG] Targets shape: torch.Size([4096, 1])
[DEBUG] Predictions shape: torch.Size([4096, 10])
[DEBUG] Targets shape: torch.Size([4096, 1])
[DEBUG] Predictions shape: torch.Size([4096, 10])
[DEBUG] Targets shape: torch.Size([4096, 1])
[DEBUG] Predictions shape: torch.Size([4096, 10])
[DEBUG] Targets shape: torch.Size([4096, 1])
[DEBUG] Predictions shape: torch.Size([4096, 10])
[DEBUG] Targets shape: torch.Size([4096, 1])
[DEBUG] Predictions shape: torch.Size([4096, 10])
[DEBUG] Targets shape: torch.Size([4096, 1])
[DEBUG] Predictions shape: torch.Size([4096, 10])
[DEBUG] Targets shape: torch.Size([4096, 1])
[DEBUG] Predictions shape: torch.Size([4096, 10])
[DEBUG] Targets shape: torch.Size([4096, 1])
[DEBUG] Predictions shape: torch.Size([4096, 10])
[DEBUG] Targets shape: torch.Size([4096, 1])
[DEBUG] Predictions shape: torch.Size([4096, 10])
[DEBUG] Targets shape: torch.Size([4096, 1])
[DEBUG] Predictions shape: torch.Size([4096, 10])
[DEBUG] Targets shape: torch.Size([4096, 1])
[DEBUG] Predictions shape: torch.Size([4096, 10])
[DEBUG] Targets shape: torch.Size([4096, 1])
[DEBUG] Predictions shape: torch.Size([4096, 10])
[DEBUG] Targets shape: torch.Size([4096, 1])
[DEBUG] Predictions shape: torch.Size([4096, 10])
[DEBUG] Targets shape: torch.Size([4096, 1])
[DEBUG] Predictions shape: torch.Size([4096, 10])
[DEBUG] Targets shape: torch.Size([4096, 1])
[DEBUG] Predictions shape: torch.Size([4096, 10])
[DEBUG] Targets shape: torch.Size([4096, 1])
[DEBUG] Predictions shape: torch.Size([3625, 10])
[DEBUG] Targets shape: torch.Size([3625, 1])
[DEBUG] Predictions shape: torch.Size([4096, 10])
[DEBUG] Targets shape: torch.Size([4096, 1])
[DEBUG] Predictions shape: torch.Size([4096, 10])
[DEBUG] Targets shape: torch.Size([4096, 1])
[DEBUG] Predictions shape: torch.Size([4096, 10])
[DEBUG] Targets shape: torch.Size([4096, 1])
[DEBUG] Predictions shape: torch.Size([4096, 10])
[DEBUG] Targets shape: torch.Size([4096, 1])
[DEBUG] Predictions shape: torch.Size([4096, 10])
[DEBUG] Targets shape: torch.Size([4096, 1])
[DEBUG] Predictions shape: torch.Size([4096, 10])
[DEBUG] Targets shape: torch.Size([4096, 1])
[DEBUG] Predictions shape: torch.Size([1456, 10])
[DEBUG] Targets shape: torch.Size([1456, 1])
[DEBUG] Writing to CSV - Epoch: 180, Train MSE: 0.08829796746199668, Test MSE: 3.6711639909562557, Train Acc: 10.157391102556753, Test Acc: 10.475568531038721
[Epoch 180] train_mse=0.088298  test_mse=3.671164
[DEBUG] Predictions shape: torch.Size([4096, 10])
[DEBUG] Targets shape: torch.Size([4096, 1])
[DEBUG] Predictions shape: torch.Size([4096, 10])
[DEBUG] Targets shape: torch.Size([4096, 1])
[DEBUG] Predictions shape: torch.Size([4096, 10])
[DEBUG] Targets shape: torch.Size([4096, 1])
[DEBUG] Predictions shape: torch.Size([4096, 10])
[DEBUG] Targets shape: torch.Size([4096, 1])
[DEBUG] Predictions shape: torch.Size([4096, 10])
[DEBUG] Targets shape: torch.Size([4096, 1])
[DEBUG] Predictions shape: torch.Size([4096, 10])
[DEBUG] Targets shape: torch.Size([4096, 1])
[DEBUG] Predictions shape: torch.Size([4096, 10])
[DEBUG] Targets shape: torch.Size([4096, 1])
[DEBUG] Predictions shape: torch.Size([4096, 10])
[DEBUG] Targets shape: torch.Size([4096, 1])
[DEBUG] Predictions shape: torch.Size([4096, 10])
[DEBUG] Targets shape: torch.Size([4096, 1])
[DEBUG] Predictions shape: torch.Size([4096, 10])
[DEBUG] Targets shape: torch.Size([4096, 1])
[DEBUG] Predictions shape: torch.Size([4096, 10])
[DEBUG] Targets shape: torch.Size([4096, 1])
[DEBUG] Predictions shape: torch.Size([4096, 10])
[DEBUG] Targets shape: torch.Size([4096, 1])
[DEBUG] Predictions shape: torch.Size([4096, 10])
[DEBUG] Targets shape: torch.Size([4096, 1])
[DEBUG] Predictions shape: torch.Size([4096, 10])
[DEBUG] Targets shape: torch.Size([4096, 1])
[DEBUG] Predictions shape: torch.Size([4096, 10])
[DEBUG] Targets shape: torch.Size([4096, 1])
[DEBUG] Predictions shape: torch.Size([4096, 10])
[DEBUG] Targets shape: torch.Size([4096, 1])
[DEBUG] Predictions shape: torch.Size([4096, 10])
[DEBUG] Targets shape: torch.Size([4096, 1])
[DEBUG] Predictions shape: torch.Size([3625, 10])
[DEBUG] Targets shape: torch.Size([3625, 1])
[DEBUG] Predictions shape: torch.Size([4096, 10])
[DEBUG] Targets shape: torch.Size([4096, 1])
[DEBUG] Predictions shape: torch.Size([4096, 10])
[DEBUG] Targets shape: torch.Size([4096, 1])
[DEBUG] Predictions shape: torch.Size([4096, 10])
[DEBUG] Targets shape: torch.Size([4096, 1])
[DEBUG] Predictions shape: torch.Size([4096, 10])
[DEBUG] Targets shape: torch.Size([4096, 1])
[DEBUG] Predictions shape: torch.Size([4096, 10])
[DEBUG] Targets shape: torch.Size([4096, 1])
[DEBUG] Predictions shape: torch.Size([4096, 10])
[DEBUG] Targets shape: torch.Size([4096, 1])
[DEBUG] Predictions shape: torch.Size([1456, 10])
[DEBUG] Targets shape: torch.Size([1456, 1])
[DEBUG] Writing to CSV - Epoch: 181, Train MSE: 0.14583181356887245, Test MSE: 3.596447043720754, Train Acc: 9.988124001801875, Test Acc: 10.248924400737554
[DEBUG] Predictions shape: torch.Size([4096, 10])
[DEBUG] Targets shape: torch.Size([4096, 1])
[DEBUG] Predictions shape: torch.Size([4096, 10])
[DEBUG] Targets shape: torch.Size([4096, 1])
[DEBUG] Predictions shape: torch.Size([4096, 10])
[DEBUG] Targets shape: torch.Size([4096, 1])
[DEBUG] Predictions shape: torch.Size([4096, 10])
[DEBUG] Targets shape: torch.Size([4096, 1])
[DEBUG] Predictions shape: torch.Size([4096, 10])
[DEBUG] Targets shape: torch.Size([4096, 1])
[DEBUG] Predictions shape: torch.Size([4096, 10])
[DEBUG] Targets shape: torch.Size([4096, 1])
[DEBUG] Predictions shape: torch.Size([4096, 10])
[DEBUG] Targets shape: torch.Size([4096, 1])
[DEBUG] Predictions shape: torch.Size([4096, 10])
[DEBUG] Targets shape: torch.Size([4096, 1])
[DEBUG] Predictions shape: torch.Size([4096, 10])
[DEBUG] Targets shape: torch.Size([4096, 1])
[DEBUG] Predictions shape: torch.Size([4096, 10])
[DEBUG] Targets shape: torch.Size([4096, 1])
[DEBUG] Predictions shape: torch.Size([4096, 10])
[DEBUG] Targets shape: torch.Size([4096, 1])
[DEBUG] Predictions shape: torch.Size([4096, 10])
[DEBUG] Targets shape: torch.Size([4096, 1])
[DEBUG] Predictions shape: torch.Size([4096, 10])
[DEBUG] Targets shape: torch.Size([4096, 1])
[DEBUG] Predictions shape: torch.Size([4096, 10])
[DEBUG] Targets shape: torch.Size([4096, 1])
[DEBUG] Predictions shape: torch.Size([4096, 10])
[DEBUG] Targets shape: torch.Size([4096, 1])
[DEBUG] Predictions shape: torch.Size([4096, 10])
[DEBUG] Targets shape: torch.Size([4096, 1])
[DEBUG] Predictions shape: torch.Size([4096, 10])
[DEBUG] Targets shape: torch.Size([4096, 1])
[DEBUG] Predictions shape: torch.Size([3625, 10])
[DEBUG] Targets shape: torch.Size([3625, 1])
[DEBUG] Predictions shape: torch.Size([4096, 10])
[DEBUG] Targets shape: torch.Size([4096, 1])
[DEBUG] Predictions shape: torch.Size([4096, 10])
[DEBUG] Targets shape: torch.Size([4096, 1])
[DEBUG] Predictions shape: torch.Size([4096, 10])
[DEBUG] Targets shape: torch.Size([4096, 1])
[DEBUG] Predictions shape: torch.Size([4096, 10])
[DEBUG] Targets shape: torch.Size([4096, 1])
[DEBUG] Predictions shape: torch.Size([4096, 10])
[DEBUG] Targets shape: torch.Size([4096, 1])
[DEBUG] Predictions shape: torch.Size([4096, 10])
[DEBUG] Targets shape: torch.Size([4096, 1])
[DEBUG] Predictions shape: torch.Size([1456, 10])
[DEBUG] Targets shape: torch.Size([1456, 1])
[DEBUG] Writing to CSV - Epoch: 182, Train MSE: 0.09099887207068892, Test MSE: 3.6272170836748194, Train Acc: 10.057741922273639, Test Acc: 10.318070067609096
[DEBUG] Predictions shape: torch.Size([4096, 10])
[DEBUG] Targets shape: torch.Size([4096, 1])
[DEBUG] Predictions shape: torch.Size([4096, 10])
[DEBUG] Targets shape: torch.Size([4096, 1])
[DEBUG] Predictions shape: torch.Size([4096, 10])
[DEBUG] Targets shape: torch.Size([4096, 1])
[DEBUG] Predictions shape: torch.Size([4096, 10])
[DEBUG] Targets shape: torch.Size([4096, 1])
[DEBUG] Predictions shape: torch.Size([4096, 10])
[DEBUG] Targets shape: torch.Size([4096, 1])
[DEBUG] Predictions shape: torch.Size([4096, 10])
[DEBUG] Targets shape: torch.Size([4096, 1])
[DEBUG] Predictions shape: torch.Size([4096, 10])
[DEBUG] Targets shape: torch.Size([4096, 1])
[DEBUG] Predictions shape: torch.Size([4096, 10])
[DEBUG] Targets shape: torch.Size([4096, 1])
[DEBUG] Predictions shape: torch.Size([4096, 10])
[DEBUG] Targets shape: torch.Size([4096, 1])
[DEBUG] Predictions shape: torch.Size([4096, 10])
[DEBUG] Targets shape: torch.Size([4096, 1])
[DEBUG] Predictions shape: torch.Size([4096, 10])
[DEBUG] Targets shape: torch.Size([4096, 1])
[DEBUG] Predictions shape: torch.Size([4096, 10])
[DEBUG] Targets shape: torch.Size([4096, 1])
[DEBUG] Predictions shape: torch.Size([4096, 10])
[DEBUG] Targets shape: torch.Size([4096, 1])
[DEBUG] Predictions shape: torch.Size([4096, 10])
[DEBUG] Targets shape: torch.Size([4096, 1])
[DEBUG] Predictions shape: torch.Size([4096, 10])
[DEBUG] Targets shape: torch.Size([4096, 1])
[DEBUG] Predictions shape: torch.Size([4096, 10])
[DEBUG] Targets shape: torch.Size([4096, 1])
[DEBUG] Predictions shape: torch.Size([4096, 10])
[DEBUG] Targets shape: torch.Size([4096, 1])
[DEBUG] Predictions shape: torch.Size([3625, 10])
[DEBUG] Targets shape: torch.Size([3625, 1])
[DEBUG] Predictions shape: torch.Size([4096, 10])
[DEBUG] Targets shape: torch.Size([4096, 1])
[DEBUG] Predictions shape: torch.Size([4096, 10])
[DEBUG] Targets shape: torch.Size([4096, 1])
[DEBUG] Predictions shape: torch.Size([4096, 10])
[DEBUG] Targets shape: torch.Size([4096, 1])
[DEBUG] Predictions shape: torch.Size([4096, 10])
[DEBUG] Targets shape: torch.Size([4096, 1])
[DEBUG] Predictions shape: torch.Size([4096, 10])
[DEBUG] Targets shape: torch.Size([4096, 1])
[DEBUG] Predictions shape: torch.Size([4096, 10])
[DEBUG] Targets shape: torch.Size([4096, 1])
[DEBUG] Predictions shape: torch.Size([1456, 10])
[DEBUG] Targets shape: torch.Size([1456, 1])
[DEBUG] Writing to CSV - Epoch: 183, Train MSE: 0.08972659056118688, Test MSE: 3.6661433262112832, Train Acc: 9.908950680481047, Test Acc: 10.187461585740627
[DEBUG] Predictions shape: torch.Size([4096, 10])
[DEBUG] Targets shape: torch.Size([4096, 1])
[DEBUG] Predictions shape: torch.Size([4096, 10])
[DEBUG] Targets shape: torch.Size([4096, 1])
[DEBUG] Predictions shape: torch.Size([4096, 10])
[DEBUG] Targets shape: torch.Size([4096, 1])
[DEBUG] Predictions shape: torch.Size([4096, 10])
[DEBUG] Targets shape: torch.Size([4096, 1])
[DEBUG] Predictions shape: torch.Size([4096, 10])
[DEBUG] Targets shape: torch.Size([4096, 1])
[DEBUG] Predictions shape: torch.Size([4096, 10])
[DEBUG] Targets shape: torch.Size([4096, 1])
[DEBUG] Predictions shape: torch.Size([4096, 10])
[DEBUG] Targets shape: torch.Size([4096, 1])
[DEBUG] Predictions shape: torch.Size([4096, 10])
[DEBUG] Targets shape: torch.Size([4096, 1])
[DEBUG] Predictions shape: torch.Size([4096, 10])
[DEBUG] Targets shape: torch.Size([4096, 1])
[DEBUG] Predictions shape: torch.Size([4096, 10])
[DEBUG] Targets shape: torch.Size([4096, 1])
[DEBUG] Predictions shape: torch.Size([4096, 10])
[DEBUG] Targets shape: torch.Size([4096, 1])
[DEBUG] Predictions shape: torch.Size([4096, 10])
[DEBUG] Targets shape: torch.Size([4096, 1])
[DEBUG] Predictions shape: torch.Size([4096, 10])
[DEBUG] Targets shape: torch.Size([4096, 1])
[DEBUG] Predictions shape: torch.Size([4096, 10])
[DEBUG] Targets shape: torch.Size([4096, 1])
[DEBUG] Predictions shape: torch.Size([4096, 10])
[DEBUG] Targets shape: torch.Size([4096, 1])
[DEBUG] Predictions shape: torch.Size([4096, 10])
[DEBUG] Targets shape: torch.Size([4096, 1])
[DEBUG] Predictions shape: torch.Size([4096, 10])
[DEBUG] Targets shape: torch.Size([4096, 1])
[DEBUG] Predictions shape: torch.Size([3625, 10])
[DEBUG] Targets shape: torch.Size([3625, 1])
[DEBUG] Predictions shape: torch.Size([4096, 10])
[DEBUG] Targets shape: torch.Size([4096, 1])
[DEBUG] Predictions shape: torch.Size([4096, 10])
[DEBUG] Targets shape: torch.Size([4096, 1])
[DEBUG] Predictions shape: torch.Size([4096, 10])
[DEBUG] Targets shape: torch.Size([4096, 1])
[DEBUG] Predictions shape: torch.Size([4096, 10])
[DEBUG] Targets shape: torch.Size([4096, 1])
[DEBUG] Predictions shape: torch.Size([4096, 10])
[DEBUG] Targets shape: torch.Size([4096, 1])
[DEBUG] Predictions shape: torch.Size([4096, 10])
[DEBUG] Targets shape: torch.Size([4096, 1])
[DEBUG] Predictions shape: torch.Size([1456, 10])
[DEBUG] Targets shape: torch.Size([1456, 1])
[DEBUG] Writing to CSV - Epoch: 184, Train MSE: 0.08884057205659643, Test MSE: 3.648724701042621, Train Acc: 9.911680795009351, Test Acc: 10.122157344806393
[DEBUG] Predictions shape: torch.Size([4096, 10])
[DEBUG] Targets shape: torch.Size([4096, 1])
[DEBUG] Predictions shape: torch.Size([4096, 10])
[DEBUG] Targets shape: torch.Size([4096, 1])
[DEBUG] Predictions shape: torch.Size([4096, 10])
[DEBUG] Targets shape: torch.Size([4096, 1])
[DEBUG] Predictions shape: torch.Size([4096, 10])
[DEBUG] Targets shape: torch.Size([4096, 1])
[DEBUG] Predictions shape: torch.Size([4096, 10])
[DEBUG] Targets shape: torch.Size([4096, 1])
[DEBUG] Predictions shape: torch.Size([4096, 10])
[DEBUG] Targets shape: torch.Size([4096, 1])
[DEBUG] Predictions shape: torch.Size([4096, 10])
[DEBUG] Targets shape: torch.Size([4096, 1])
[DEBUG] Predictions shape: torch.Size([4096, 10])
[DEBUG] Targets shape: torch.Size([4096, 1])
[DEBUG] Predictions shape: torch.Size([4096, 10])
[DEBUG] Targets shape: torch.Size([4096, 1])
[DEBUG] Predictions shape: torch.Size([4096, 10])
[DEBUG] Targets shape: torch.Size([4096, 1])
[DEBUG] Predictions shape: torch.Size([4096, 10])
[DEBUG] Targets shape: torch.Size([4096, 1])
[DEBUG] Predictions shape: torch.Size([4096, 10])
[DEBUG] Targets shape: torch.Size([4096, 1])
[DEBUG] Predictions shape: torch.Size([4096, 10])
[DEBUG] Targets shape: torch.Size([4096, 1])
[DEBUG] Predictions shape: torch.Size([4096, 10])
[DEBUG] Targets shape: torch.Size([4096, 1])
[DEBUG] Predictions shape: torch.Size([4096, 10])
[DEBUG] Targets shape: torch.Size([4096, 1])
[DEBUG] Predictions shape: torch.Size([4096, 10])
[DEBUG] Targets shape: torch.Size([4096, 1])
[DEBUG] Predictions shape: torch.Size([4096, 10])
[DEBUG] Targets shape: torch.Size([4096, 1])
[DEBUG] Predictions shape: torch.Size([3625, 10])
[DEBUG] Targets shape: torch.Size([3625, 1])
[DEBUG] Predictions shape: torch.Size([4096, 10])
[DEBUG] Targets shape: torch.Size([4096, 1])
[DEBUG] Predictions shape: torch.Size([4096, 10])
[DEBUG] Targets shape: torch.Size([4096, 1])
[DEBUG] Predictions shape: torch.Size([4096, 10])
[DEBUG] Targets shape: torch.Size([4096, 1])
[DEBUG] Predictions shape: torch.Size([4096, 10])
[DEBUG] Targets shape: torch.Size([4096, 1])
[DEBUG] Predictions shape: torch.Size([4096, 10])
[DEBUG] Targets shape: torch.Size([4096, 1])
[DEBUG] Predictions shape: torch.Size([4096, 10])
[DEBUG] Targets shape: torch.Size([4096, 1])
[DEBUG] Predictions shape: torch.Size([1456, 10])
[DEBUG] Targets shape: torch.Size([1456, 1])
[DEBUG] Writing to CSV - Epoch: 185, Train MSE: 0.10154052363730964, Test MSE: 3.6347594667081826, Train Acc: 9.914410909537654, Test Acc: 10.060694529809465
[DEBUG] Predictions shape: torch.Size([4096, 10])
[DEBUG] Targets shape: torch.Size([4096, 1])
[DEBUG] Predictions shape: torch.Size([4096, 10])
[DEBUG] Targets shape: torch.Size([4096, 1])
[DEBUG] Predictions shape: torch.Size([4096, 10])
[DEBUG] Targets shape: torch.Size([4096, 1])
[DEBUG] Predictions shape: torch.Size([4096, 10])
[DEBUG] Targets shape: torch.Size([4096, 1])
[DEBUG] Predictions shape: torch.Size([4096, 10])
[DEBUG] Targets shape: torch.Size([4096, 1])
[DEBUG] Predictions shape: torch.Size([4096, 10])
[DEBUG] Targets shape: torch.Size([4096, 1])
[DEBUG] Predictions shape: torch.Size([4096, 10])
[DEBUG] Targets shape: torch.Size([4096, 1])
[DEBUG] Predictions shape: torch.Size([4096, 10])
[DEBUG] Targets shape: torch.Size([4096, 1])
[DEBUG] Predictions shape: torch.Size([4096, 10])
[DEBUG] Targets shape: torch.Size([4096, 1])
[DEBUG] Predictions shape: torch.Size([4096, 10])
[DEBUG] Targets shape: torch.Size([4096, 1])
[DEBUG] Predictions shape: torch.Size([4096, 10])
[DEBUG] Targets shape: torch.Size([4096, 1])
[DEBUG] Predictions shape: torch.Size([4096, 10])
[DEBUG] Targets shape: torch.Size([4096, 1])
[DEBUG] Predictions shape: torch.Size([4096, 10])
[DEBUG] Targets shape: torch.Size([4096, 1])
[DEBUG] Predictions shape: torch.Size([4096, 10])
[DEBUG] Targets shape: torch.Size([4096, 1])
[DEBUG] Predictions shape: torch.Size([4096, 10])
[DEBUG] Targets shape: torch.Size([4096, 1])
[DEBUG] Predictions shape: torch.Size([4096, 10])
[DEBUG] Targets shape: torch.Size([4096, 1])
[DEBUG] Predictions shape: torch.Size([4096, 10])
[DEBUG] Targets shape: torch.Size([4096, 1])
[DEBUG] Predictions shape: torch.Size([3625, 10])
[DEBUG] Targets shape: torch.Size([3625, 1])
[DEBUG] Predictions shape: torch.Size([4096, 10])
[DEBUG] Targets shape: torch.Size([4096, 1])
[DEBUG] Predictions shape: torch.Size([4096, 10])
[DEBUG] Targets shape: torch.Size([4096, 1])
[DEBUG] Predictions shape: torch.Size([4096, 10])
[DEBUG] Targets shape: torch.Size([4096, 1])
[DEBUG] Predictions shape: torch.Size([4096, 10])
[DEBUG] Targets shape: torch.Size([4096, 1])
[DEBUG] Predictions shape: torch.Size([4096, 10])
[DEBUG] Targets shape: torch.Size([4096, 1])
[DEBUG] Predictions shape: torch.Size([4096, 10])
[DEBUG] Targets shape: torch.Size([4096, 1])
[DEBUG] Predictions shape: torch.Size([1456, 10])
[DEBUG] Targets shape: torch.Size([1456, 1])
[DEBUG] Writing to CSV - Epoch: 186, Train MSE: 0.08414603195391789, Test MSE: 3.6771606609142844, Train Acc: 9.9417120548207, Test Acc: 10.003073140749846
[DEBUG] Predictions shape: torch.Size([4096, 10])
[DEBUG] Targets shape: torch.Size([4096, 1])
[DEBUG] Predictions shape: torch.Size([4096, 10])
[DEBUG] Targets shape: torch.Size([4096, 1])
[DEBUG] Predictions shape: torch.Size([4096, 10])
[DEBUG] Targets shape: torch.Size([4096, 1])
[DEBUG] Predictions shape: torch.Size([4096, 10])
[DEBUG] Targets shape: torch.Size([4096, 1])
[DEBUG] Predictions shape: torch.Size([4096, 10])
[DEBUG] Targets shape: torch.Size([4096, 1])
[DEBUG] Predictions shape: torch.Size([4096, 10])
[DEBUG] Targets shape: torch.Size([4096, 1])
[DEBUG] Predictions shape: torch.Size([4096, 10])
[DEBUG] Targets shape: torch.Size([4096, 1])
[DEBUG] Predictions shape: torch.Size([4096, 10])
[DEBUG] Targets shape: torch.Size([4096, 1])
[DEBUG] Predictions shape: torch.Size([4096, 10])
[DEBUG] Targets shape: torch.Size([4096, 1])
[DEBUG] Predictions shape: torch.Size([4096, 10])
[DEBUG] Targets shape: torch.Size([4096, 1])
[DEBUG] Predictions shape: torch.Size([4096, 10])
[DEBUG] Targets shape: torch.Size([4096, 1])
[DEBUG] Predictions shape: torch.Size([4096, 10])
[DEBUG] Targets shape: torch.Size([4096, 1])
[DEBUG] Predictions shape: torch.Size([4096, 10])
[DEBUG] Targets shape: torch.Size([4096, 1])
[DEBUG] Predictions shape: torch.Size([4096, 10])
[DEBUG] Targets shape: torch.Size([4096, 1])
[DEBUG] Predictions shape: torch.Size([4096, 10])
[DEBUG] Targets shape: torch.Size([4096, 1])
[DEBUG] Predictions shape: torch.Size([4096, 10])
[DEBUG] Targets shape: torch.Size([4096, 1])
[DEBUG] Predictions shape: torch.Size([4096, 10])
[DEBUG] Targets shape: torch.Size([4096, 1])
[DEBUG] Predictions shape: torch.Size([3625, 10])
[DEBUG] Targets shape: torch.Size([3625, 1])
[DEBUG] Predictions shape: torch.Size([4096, 10])
[DEBUG] Targets shape: torch.Size([4096, 1])
[DEBUG] Predictions shape: torch.Size([4096, 10])
[DEBUG] Targets shape: torch.Size([4096, 1])
[DEBUG] Predictions shape: torch.Size([4096, 10])
[DEBUG] Targets shape: torch.Size([4096, 1])
[DEBUG] Predictions shape: torch.Size([4096, 10])
[DEBUG] Targets shape: torch.Size([4096, 1])
[DEBUG] Predictions shape: torch.Size([4096, 10])
[DEBUG] Targets shape: torch.Size([4096, 1])
[DEBUG] Predictions shape: torch.Size([4096, 10])
[DEBUG] Targets shape: torch.Size([4096, 1])
[DEBUG] Predictions shape: torch.Size([1456, 10])
[DEBUG] Targets shape: torch.Size([1456, 1])
[DEBUG] Writing to CSV - Epoch: 187, Train MSE: 0.19304441647166753, Test MSE: 3.641142204486305, Train Acc: 9.928061482179178, Test Acc: 9.857098955132145
[DEBUG] Predictions shape: torch.Size([4096, 10])
[DEBUG] Targets shape: torch.Size([4096, 1])
[DEBUG] Predictions shape: torch.Size([4096, 10])
[DEBUG] Targets shape: torch.Size([4096, 1])
[DEBUG] Predictions shape: torch.Size([4096, 10])
[DEBUG] Targets shape: torch.Size([4096, 1])
[DEBUG] Predictions shape: torch.Size([4096, 10])
[DEBUG] Targets shape: torch.Size([4096, 1])
[DEBUG] Predictions shape: torch.Size([4096, 10])
[DEBUG] Targets shape: torch.Size([4096, 1])
[DEBUG] Predictions shape: torch.Size([4096, 10])
[DEBUG] Targets shape: torch.Size([4096, 1])
[DEBUG] Predictions shape: torch.Size([4096, 10])
[DEBUG] Targets shape: torch.Size([4096, 1])
[DEBUG] Predictions shape: torch.Size([4096, 10])
[DEBUG] Targets shape: torch.Size([4096, 1])
[DEBUG] Predictions shape: torch.Size([4096, 10])
[DEBUG] Targets shape: torch.Size([4096, 1])
[DEBUG] Predictions shape: torch.Size([4096, 10])
[DEBUG] Targets shape: torch.Size([4096, 1])
[DEBUG] Predictions shape: torch.Size([4096, 10])
[DEBUG] Targets shape: torch.Size([4096, 1])
[DEBUG] Predictions shape: torch.Size([4096, 10])
[DEBUG] Targets shape: torch.Size([4096, 1])
[DEBUG] Predictions shape: torch.Size([4096, 10])
[DEBUG] Targets shape: torch.Size([4096, 1])
[DEBUG] Predictions shape: torch.Size([4096, 10])
[DEBUG] Targets shape: torch.Size([4096, 1])
[DEBUG] Predictions shape: torch.Size([4096, 10])
[DEBUG] Targets shape: torch.Size([4096, 1])
[DEBUG] Predictions shape: torch.Size([4096, 10])
[DEBUG] Targets shape: torch.Size([4096, 1])
[DEBUG] Predictions shape: torch.Size([4096, 10])
[DEBUG] Targets shape: torch.Size([4096, 1])
[DEBUG] Predictions shape: torch.Size([3625, 10])
[DEBUG] Targets shape: torch.Size([3625, 1])
[DEBUG] Predictions shape: torch.Size([4096, 10])
[DEBUG] Targets shape: torch.Size([4096, 1])
[DEBUG] Predictions shape: torch.Size([4096, 10])
[DEBUG] Targets shape: torch.Size([4096, 1])
[DEBUG] Predictions shape: torch.Size([4096, 10])
[DEBUG] Targets shape: torch.Size([4096, 1])
[DEBUG] Predictions shape: torch.Size([4096, 10])
[DEBUG] Targets shape: torch.Size([4096, 1])
[DEBUG] Predictions shape: torch.Size([4096, 10])
[DEBUG] Targets shape: torch.Size([4096, 1])
[DEBUG] Predictions shape: torch.Size([4096, 10])
[DEBUG] Targets shape: torch.Size([4096, 1])
[DEBUG] Predictions shape: torch.Size([1456, 10])
[DEBUG] Targets shape: torch.Size([1456, 1])
[DEBUG] Writing to CSV - Epoch: 188, Train MSE: 0.09454810291082015, Test MSE: 3.6111382649731767, Train Acc: 10.123264670952947, Test Acc: 10.160571604179472
[DEBUG] Predictions shape: torch.Size([4096, 10])
[DEBUG] Targets shape: torch.Size([4096, 1])
[DEBUG] Predictions shape: torch.Size([4096, 10])
[DEBUG] Targets shape: torch.Size([4096, 1])
[DEBUG] Predictions shape: torch.Size([4096, 10])
[DEBUG] Targets shape: torch.Size([4096, 1])
[DEBUG] Predictions shape: torch.Size([4096, 10])
[DEBUG] Targets shape: torch.Size([4096, 1])
[DEBUG] Predictions shape: torch.Size([4096, 10])
[DEBUG] Targets shape: torch.Size([4096, 1])
[DEBUG] Predictions shape: torch.Size([4096, 10])
[DEBUG] Targets shape: torch.Size([4096, 1])
[DEBUG] Predictions shape: torch.Size([4096, 10])
[DEBUG] Targets shape: torch.Size([4096, 1])
[DEBUG] Predictions shape: torch.Size([4096, 10])
[DEBUG] Targets shape: torch.Size([4096, 1])
[DEBUG] Predictions shape: torch.Size([4096, 10])
[DEBUG] Targets shape: torch.Size([4096, 1])
[DEBUG] Predictions shape: torch.Size([4096, 10])
[DEBUG] Targets shape: torch.Size([4096, 1])
[DEBUG] Predictions shape: torch.Size([4096, 10])
[DEBUG] Targets shape: torch.Size([4096, 1])
[DEBUG] Predictions shape: torch.Size([4096, 10])
[DEBUG] Targets shape: torch.Size([4096, 1])
[DEBUG] Predictions shape: torch.Size([4096, 10])
[DEBUG] Targets shape: torch.Size([4096, 1])
[DEBUG] Predictions shape: torch.Size([4096, 10])
[DEBUG] Targets shape: torch.Size([4096, 1])
[DEBUG] Predictions shape: torch.Size([4096, 10])
[DEBUG] Targets shape: torch.Size([4096, 1])
[DEBUG] Predictions shape: torch.Size([4096, 10])
[DEBUG] Targets shape: torch.Size([4096, 1])
[DEBUG] Predictions shape: torch.Size([4096, 10])
[DEBUG] Targets shape: torch.Size([4096, 1])
[DEBUG] Predictions shape: torch.Size([3625, 10])
[DEBUG] Targets shape: torch.Size([3625, 1])
[DEBUG] Predictions shape: torch.Size([4096, 10])
[DEBUG] Targets shape: torch.Size([4096, 1])
[DEBUG] Predictions shape: torch.Size([4096, 10])
[DEBUG] Targets shape: torch.Size([4096, 1])
[DEBUG] Predictions shape: torch.Size([4096, 10])
[DEBUG] Targets shape: torch.Size([4096, 1])
[DEBUG] Predictions shape: torch.Size([4096, 10])
[DEBUG] Targets shape: torch.Size([4096, 1])
[DEBUG] Predictions shape: torch.Size([4096, 10])
[DEBUG] Targets shape: torch.Size([4096, 1])
[DEBUG] Predictions shape: torch.Size([4096, 10])
[DEBUG] Targets shape: torch.Size([4096, 1])
[DEBUG] Predictions shape: torch.Size([1456, 10])
[DEBUG] Targets shape: torch.Size([1456, 1])
[DEBUG] Writing to CSV - Epoch: 189, Train MSE: 0.10549359863946711, Test MSE: 3.6211797058325863, Train Acc: 9.861173676235719, Test Acc: 10.099108789182544
[DEBUG] Predictions shape: torch.Size([4096, 10])
[DEBUG] Targets shape: torch.Size([4096, 1])
[DEBUG] Predictions shape: torch.Size([4096, 10])
[DEBUG] Targets shape: torch.Size([4096, 1])
[DEBUG] Predictions shape: torch.Size([4096, 10])
[DEBUG] Targets shape: torch.Size([4096, 1])
[DEBUG] Predictions shape: torch.Size([4096, 10])
[DEBUG] Targets shape: torch.Size([4096, 1])
[DEBUG] Predictions shape: torch.Size([4096, 10])
[DEBUG] Targets shape: torch.Size([4096, 1])
[DEBUG] Predictions shape: torch.Size([4096, 10])
[DEBUG] Targets shape: torch.Size([4096, 1])
[DEBUG] Predictions shape: torch.Size([4096, 10])
[DEBUG] Targets shape: torch.Size([4096, 1])
[DEBUG] Predictions shape: torch.Size([4096, 10])
[DEBUG] Targets shape: torch.Size([4096, 1])
[DEBUG] Predictions shape: torch.Size([4096, 10])
[DEBUG] Targets shape: torch.Size([4096, 1])
[DEBUG] Predictions shape: torch.Size([4096, 10])
[DEBUG] Targets shape: torch.Size([4096, 1])
[DEBUG] Predictions shape: torch.Size([4096, 10])
[DEBUG] Targets shape: torch.Size([4096, 1])
[DEBUG] Predictions shape: torch.Size([4096, 10])
[DEBUG] Targets shape: torch.Size([4096, 1])
[DEBUG] Predictions shape: torch.Size([4096, 10])
[DEBUG] Targets shape: torch.Size([4096, 1])
[DEBUG] Predictions shape: torch.Size([4096, 10])
[DEBUG] Targets shape: torch.Size([4096, 1])
[DEBUG] Predictions shape: torch.Size([4096, 10])
[DEBUG] Targets shape: torch.Size([4096, 1])
[DEBUG] Predictions shape: torch.Size([4096, 10])
[DEBUG] Targets shape: torch.Size([4096, 1])
[DEBUG] Predictions shape: torch.Size([4096, 10])
[DEBUG] Targets shape: torch.Size([4096, 1])
[DEBUG] Predictions shape: torch.Size([3625, 10])
[DEBUG] Targets shape: torch.Size([3625, 1])
[DEBUG] Predictions shape: torch.Size([4096, 10])
[DEBUG] Targets shape: torch.Size([4096, 1])
[DEBUG] Predictions shape: torch.Size([4096, 10])
[DEBUG] Targets shape: torch.Size([4096, 1])
[DEBUG] Predictions shape: torch.Size([4096, 10])
[DEBUG] Targets shape: torch.Size([4096, 1])
[DEBUG] Predictions shape: torch.Size([4096, 10])
[DEBUG] Targets shape: torch.Size([4096, 1])
[DEBUG] Predictions shape: torch.Size([4096, 10])
[DEBUG] Targets shape: torch.Size([4096, 1])
[DEBUG] Predictions shape: torch.Size([4096, 10])
[DEBUG] Targets shape: torch.Size([4096, 1])
[DEBUG] Predictions shape: torch.Size([1456, 10])
[DEBUG] Targets shape: torch.Size([1456, 1])
[DEBUG] Writing to CSV - Epoch: 190, Train MSE: 0.16256055768368158, Test MSE: 3.679067838682891, Train Acc: 10.403101410104155, Test Acc: 10.575445605408728
[Epoch 190] train_mse=0.162561  test_mse=3.679068
[DEBUG] Predictions shape: torch.Size([4096, 10])
[DEBUG] Targets shape: torch.Size([4096, 1])
[DEBUG] Predictions shape: torch.Size([4096, 10])
[DEBUG] Targets shape: torch.Size([4096, 1])
[DEBUG] Predictions shape: torch.Size([4096, 10])
[DEBUG] Targets shape: torch.Size([4096, 1])
[DEBUG] Predictions shape: torch.Size([4096, 10])
[DEBUG] Targets shape: torch.Size([4096, 1])
[DEBUG] Predictions shape: torch.Size([4096, 10])
[DEBUG] Targets shape: torch.Size([4096, 1])
[DEBUG] Predictions shape: torch.Size([4096, 10])
[DEBUG] Targets shape: torch.Size([4096, 1])
[DEBUG] Predictions shape: torch.Size([4096, 10])
[DEBUG] Targets shape: torch.Size([4096, 1])
[DEBUG] Predictions shape: torch.Size([4096, 10])
[DEBUG] Targets shape: torch.Size([4096, 1])
[DEBUG] Predictions shape: torch.Size([4096, 10])
[DEBUG] Targets shape: torch.Size([4096, 1])
[DEBUG] Predictions shape: torch.Size([4096, 10])
[DEBUG] Targets shape: torch.Size([4096, 1])
[DEBUG] Predictions shape: torch.Size([4096, 10])
[DEBUG] Targets shape: torch.Size([4096, 1])
[DEBUG] Predictions shape: torch.Size([4096, 10])
[DEBUG] Targets shape: torch.Size([4096, 1])
[DEBUG] Predictions shape: torch.Size([4096, 10])
[DEBUG] Targets shape: torch.Size([4096, 1])
[DEBUG] Predictions shape: torch.Size([4096, 10])
[DEBUG] Targets shape: torch.Size([4096, 1])
[DEBUG] Predictions shape: torch.Size([4096, 10])
[DEBUG] Targets shape: torch.Size([4096, 1])
[DEBUG] Predictions shape: torch.Size([4096, 10])
[DEBUG] Targets shape: torch.Size([4096, 1])
[DEBUG] Predictions shape: torch.Size([4096, 10])
[DEBUG] Targets shape: torch.Size([4096, 1])
[DEBUG] Predictions shape: torch.Size([3625, 10])
[DEBUG] Targets shape: torch.Size([3625, 1])
[DEBUG] Predictions shape: torch.Size([4096, 10])
[DEBUG] Targets shape: torch.Size([4096, 1])
[DEBUG] Predictions shape: torch.Size([4096, 10])
[DEBUG] Targets shape: torch.Size([4096, 1])
[DEBUG] Predictions shape: torch.Size([4096, 10])
[DEBUG] Targets shape: torch.Size([4096, 1])
[DEBUG] Predictions shape: torch.Size([4096, 10])
[DEBUG] Targets shape: torch.Size([4096, 1])
[DEBUG] Predictions shape: torch.Size([4096, 10])
[DEBUG] Targets shape: torch.Size([4096, 1])
[DEBUG] Predictions shape: torch.Size([4096, 10])
[DEBUG] Targets shape: torch.Size([4096, 1])
[DEBUG] Predictions shape: torch.Size([1456, 10])
[DEBUG] Targets shape: torch.Size([1456, 1])
[DEBUG] Writing to CSV - Epoch: 191, Train MSE: 0.0933334543192045, Test MSE: 3.7572823672772335, Train Acc: 9.83796770274513, Test Acc: 10.056853103872157
[DEBUG] Predictions shape: torch.Size([4096, 10])
[DEBUG] Targets shape: torch.Size([4096, 1])
[DEBUG] Predictions shape: torch.Size([4096, 10])
[DEBUG] Targets shape: torch.Size([4096, 1])
[DEBUG] Predictions shape: torch.Size([4096, 10])
[DEBUG] Targets shape: torch.Size([4096, 1])
[DEBUG] Predictions shape: torch.Size([4096, 10])
[DEBUG] Targets shape: torch.Size([4096, 1])
[DEBUG] Predictions shape: torch.Size([4096, 10])
[DEBUG] Targets shape: torch.Size([4096, 1])
[DEBUG] Predictions shape: torch.Size([4096, 10])
[DEBUG] Targets shape: torch.Size([4096, 1])
[DEBUG] Predictions shape: torch.Size([4096, 10])
[DEBUG] Targets shape: torch.Size([4096, 1])
[DEBUG] Predictions shape: torch.Size([4096, 10])
[DEBUG] Targets shape: torch.Size([4096, 1])
[DEBUG] Predictions shape: torch.Size([4096, 10])
[DEBUG] Targets shape: torch.Size([4096, 1])
[DEBUG] Predictions shape: torch.Size([4096, 10])
[DEBUG] Targets shape: torch.Size([4096, 1])
[DEBUG] Predictions shape: torch.Size([4096, 10])
[DEBUG] Targets shape: torch.Size([4096, 1])
[DEBUG] Predictions shape: torch.Size([4096, 10])
[DEBUG] Targets shape: torch.Size([4096, 1])
[DEBUG] Predictions shape: torch.Size([4096, 10])
[DEBUG] Targets shape: torch.Size([4096, 1])
[DEBUG] Predictions shape: torch.Size([4096, 10])
[DEBUG] Targets shape: torch.Size([4096, 1])
[DEBUG] Predictions shape: torch.Size([4096, 10])
[DEBUG] Targets shape: torch.Size([4096, 1])
[DEBUG] Predictions shape: torch.Size([4096, 10])
[DEBUG] Targets shape: torch.Size([4096, 1])
[DEBUG] Predictions shape: torch.Size([4096, 10])
[DEBUG] Targets shape: torch.Size([4096, 1])
[DEBUG] Predictions shape: torch.Size([3625, 10])
[DEBUG] Targets shape: torch.Size([3625, 1])
[DEBUG] Predictions shape: torch.Size([4096, 10])
[DEBUG] Targets shape: torch.Size([4096, 1])
[DEBUG] Predictions shape: torch.Size([4096, 10])
[DEBUG] Targets shape: torch.Size([4096, 1])
[DEBUG] Predictions shape: torch.Size([4096, 10])
[DEBUG] Targets shape: torch.Size([4096, 1])
[DEBUG] Predictions shape: torch.Size([4096, 10])
[DEBUG] Targets shape: torch.Size([4096, 1])
[DEBUG] Predictions shape: torch.Size([4096, 10])
[DEBUG] Targets shape: torch.Size([4096, 1])
[DEBUG] Predictions shape: torch.Size([4096, 10])
[DEBUG] Targets shape: torch.Size([4096, 1])
[DEBUG] Predictions shape: torch.Size([1456, 10])
[DEBUG] Targets shape: torch.Size([1456, 1])
[DEBUG] Writing to CSV - Epoch: 192, Train MSE: 0.07828414177746755, Test MSE: 3.7000449027616553, Train Acc: 10.063202151330248, Test Acc: 10.383374308543331
[DEBUG] Predictions shape: torch.Size([4096, 10])
[DEBUG] Targets shape: torch.Size([4096, 1])
[DEBUG] Predictions shape: torch.Size([4096, 10])
[DEBUG] Targets shape: torch.Size([4096, 1])
[DEBUG] Predictions shape: torch.Size([4096, 10])
[DEBUG] Targets shape: torch.Size([4096, 1])
[DEBUG] Predictions shape: torch.Size([4096, 10])
[DEBUG] Targets shape: torch.Size([4096, 1])
[DEBUG] Predictions shape: torch.Size([4096, 10])
[DEBUG] Targets shape: torch.Size([4096, 1])
[DEBUG] Predictions shape: torch.Size([4096, 10])
[DEBUG] Targets shape: torch.Size([4096, 1])
[DEBUG] Predictions shape: torch.Size([4096, 10])
[DEBUG] Targets shape: torch.Size([4096, 1])
[DEBUG] Predictions shape: torch.Size([4096, 10])
[DEBUG] Targets shape: torch.Size([4096, 1])
[DEBUG] Predictions shape: torch.Size([4096, 10])
[DEBUG] Targets shape: torch.Size([4096, 1])
[DEBUG] Predictions shape: torch.Size([4096, 10])
[DEBUG] Targets shape: torch.Size([4096, 1])
[DEBUG] Predictions shape: torch.Size([4096, 10])
[DEBUG] Targets shape: torch.Size([4096, 1])
[DEBUG] Predictions shape: torch.Size([4096, 10])
[DEBUG] Targets shape: torch.Size([4096, 1])
[DEBUG] Predictions shape: torch.Size([4096, 10])
[DEBUG] Targets shape: torch.Size([4096, 1])
[DEBUG] Predictions shape: torch.Size([4096, 10])
[DEBUG] Targets shape: torch.Size([4096, 1])
[DEBUG] Predictions shape: torch.Size([4096, 10])
[DEBUG] Targets shape: torch.Size([4096, 1])
[DEBUG] Predictions shape: torch.Size([4096, 10])
[DEBUG] Targets shape: torch.Size([4096, 1])
[DEBUG] Predictions shape: torch.Size([4096, 10])
[DEBUG] Targets shape: torch.Size([4096, 1])
[DEBUG] Predictions shape: torch.Size([3625, 10])
[DEBUG] Targets shape: torch.Size([3625, 1])
[DEBUG] Predictions shape: torch.Size([4096, 10])
[DEBUG] Targets shape: torch.Size([4096, 1])
[DEBUG] Predictions shape: torch.Size([4096, 10])
[DEBUG] Targets shape: torch.Size([4096, 1])
[DEBUG] Predictions shape: torch.Size([4096, 10])
[DEBUG] Targets shape: torch.Size([4096, 1])
[DEBUG] Predictions shape: torch.Size([4096, 10])
[DEBUG] Targets shape: torch.Size([4096, 1])
[DEBUG] Predictions shape: torch.Size([4096, 10])
[DEBUG] Targets shape: torch.Size([4096, 1])
[DEBUG] Predictions shape: torch.Size([4096, 10])
[DEBUG] Targets shape: torch.Size([4096, 1])
[DEBUG] Predictions shape: torch.Size([1456, 10])
[DEBUG] Targets shape: torch.Size([1456, 1])
[DEBUG] Writing to CSV - Epoch: 193, Train MSE: 0.0965836076485557, Test MSE: 3.7022154228630137, Train Acc: 10.029075719726443, Test Acc: 10.160571604179472
[DEBUG] Predictions shape: torch.Size([4096, 10])
[DEBUG] Targets shape: torch.Size([4096, 1])
[DEBUG] Predictions shape: torch.Size([4096, 10])
[DEBUG] Targets shape: torch.Size([4096, 1])
[DEBUG] Predictions shape: torch.Size([4096, 10])
[DEBUG] Targets shape: torch.Size([4096, 1])
[DEBUG] Predictions shape: torch.Size([4096, 10])
[DEBUG] Targets shape: torch.Size([4096, 1])
[DEBUG] Predictions shape: torch.Size([4096, 10])
[DEBUG] Targets shape: torch.Size([4096, 1])
[DEBUG] Predictions shape: torch.Size([4096, 10])
[DEBUG] Targets shape: torch.Size([4096, 1])
[DEBUG] Predictions shape: torch.Size([4096, 10])
[DEBUG] Targets shape: torch.Size([4096, 1])
[DEBUG] Predictions shape: torch.Size([4096, 10])
[DEBUG] Targets shape: torch.Size([4096, 1])
[DEBUG] Predictions shape: torch.Size([4096, 10])
[DEBUG] Targets shape: torch.Size([4096, 1])
[DEBUG] Predictions shape: torch.Size([4096, 10])
[DEBUG] Targets shape: torch.Size([4096, 1])
[DEBUG] Predictions shape: torch.Size([4096, 10])
[DEBUG] Targets shape: torch.Size([4096, 1])
[DEBUG] Predictions shape: torch.Size([4096, 10])
[DEBUG] Targets shape: torch.Size([4096, 1])
[DEBUG] Predictions shape: torch.Size([4096, 10])
[DEBUG] Targets shape: torch.Size([4096, 1])
[DEBUG] Predictions shape: torch.Size([4096, 10])
[DEBUG] Targets shape: torch.Size([4096, 1])
[DEBUG] Predictions shape: torch.Size([4096, 10])
[DEBUG] Targets shape: torch.Size([4096, 1])
[DEBUG] Predictions shape: torch.Size([4096, 10])
[DEBUG] Targets shape: torch.Size([4096, 1])
[DEBUG] Predictions shape: torch.Size([4096, 10])
[DEBUG] Targets shape: torch.Size([4096, 1])
[DEBUG] Predictions shape: torch.Size([3625, 10])
[DEBUG] Targets shape: torch.Size([3625, 1])
[DEBUG] Predictions shape: torch.Size([4096, 10])
[DEBUG] Targets shape: torch.Size([4096, 1])
[DEBUG] Predictions shape: torch.Size([4096, 10])
[DEBUG] Targets shape: torch.Size([4096, 1])
[DEBUG] Predictions shape: torch.Size([4096, 10])
[DEBUG] Targets shape: torch.Size([4096, 1])
[DEBUG] Predictions shape: torch.Size([4096, 10])
[DEBUG] Targets shape: torch.Size([4096, 1])
[DEBUG] Predictions shape: torch.Size([4096, 10])
[DEBUG] Targets shape: torch.Size([4096, 1])
[DEBUG] Predictions shape: torch.Size([4096, 10])
[DEBUG] Targets shape: torch.Size([4096, 1])
[DEBUG] Predictions shape: torch.Size([1456, 10])
[DEBUG] Targets shape: torch.Size([1456, 1])
[DEBUG] Writing to CSV - Epoch: 194, Train MSE: 0.08676350058402095, Test MSE: 3.648171136330884, Train Acc: 10.029075719726443, Test Acc: 10.07221880762139
[DEBUG] Predictions shape: torch.Size([4096, 10])
[DEBUG] Targets shape: torch.Size([4096, 1])
[DEBUG] Predictions shape: torch.Size([4096, 10])
[DEBUG] Targets shape: torch.Size([4096, 1])
[DEBUG] Predictions shape: torch.Size([4096, 10])
[DEBUG] Targets shape: torch.Size([4096, 1])
[DEBUG] Predictions shape: torch.Size([4096, 10])
[DEBUG] Targets shape: torch.Size([4096, 1])
[DEBUG] Predictions shape: torch.Size([4096, 10])
[DEBUG] Targets shape: torch.Size([4096, 1])
[DEBUG] Predictions shape: torch.Size([4096, 10])
[DEBUG] Targets shape: torch.Size([4096, 1])
[DEBUG] Predictions shape: torch.Size([4096, 10])
[DEBUG] Targets shape: torch.Size([4096, 1])
[DEBUG] Predictions shape: torch.Size([4096, 10])
[DEBUG] Targets shape: torch.Size([4096, 1])
[DEBUG] Predictions shape: torch.Size([4096, 10])
[DEBUG] Targets shape: torch.Size([4096, 1])
[DEBUG] Predictions shape: torch.Size([4096, 10])
[DEBUG] Targets shape: torch.Size([4096, 1])
[DEBUG] Predictions shape: torch.Size([4096, 10])
[DEBUG] Targets shape: torch.Size([4096, 1])
[DEBUG] Predictions shape: torch.Size([4096, 10])
[DEBUG] Targets shape: torch.Size([4096, 1])
[DEBUG] Predictions shape: torch.Size([4096, 10])
[DEBUG] Targets shape: torch.Size([4096, 1])
[DEBUG] Predictions shape: torch.Size([4096, 10])
[DEBUG] Targets shape: torch.Size([4096, 1])
[DEBUG] Predictions shape: torch.Size([4096, 10])
[DEBUG] Targets shape: torch.Size([4096, 1])
[DEBUG] Predictions shape: torch.Size([4096, 10])
[DEBUG] Targets shape: torch.Size([4096, 1])
[DEBUG] Predictions shape: torch.Size([4096, 10])
[DEBUG] Targets shape: torch.Size([4096, 1])
[DEBUG] Predictions shape: torch.Size([3625, 10])
[DEBUG] Targets shape: torch.Size([3625, 1])
[DEBUG] Predictions shape: torch.Size([4096, 10])
[DEBUG] Targets shape: torch.Size([4096, 1])
[DEBUG] Predictions shape: torch.Size([4096, 10])
[DEBUG] Targets shape: torch.Size([4096, 1])
[DEBUG] Predictions shape: torch.Size([4096, 10])
[DEBUG] Targets shape: torch.Size([4096, 1])
[DEBUG] Predictions shape: torch.Size([4096, 10])
[DEBUG] Targets shape: torch.Size([4096, 1])
[DEBUG] Predictions shape: torch.Size([4096, 10])
[DEBUG] Targets shape: torch.Size([4096, 1])
[DEBUG] Predictions shape: torch.Size([4096, 10])
[DEBUG] Targets shape: torch.Size([4096, 1])
[DEBUG] Predictions shape: torch.Size([1456, 10])
[DEBUG] Targets shape: torch.Size([1456, 1])
[DEBUG] Writing to CSV - Epoch: 195, Train MSE: 0.08600983889557239, Test MSE: 3.6212838976824293, Train Acc: 9.66051025840534, Test Acc: 9.84557467732022
[DEBUG] Predictions shape: torch.Size([4096, 10])
[DEBUG] Targets shape: torch.Size([4096, 1])
[DEBUG] Predictions shape: torch.Size([4096, 10])
[DEBUG] Targets shape: torch.Size([4096, 1])
[DEBUG] Predictions shape: torch.Size([4096, 10])
[DEBUG] Targets shape: torch.Size([4096, 1])
[DEBUG] Predictions shape: torch.Size([4096, 10])
[DEBUG] Targets shape: torch.Size([4096, 1])
[DEBUG] Predictions shape: torch.Size([4096, 10])
[DEBUG] Targets shape: torch.Size([4096, 1])
[DEBUG] Predictions shape: torch.Size([4096, 10])
[DEBUG] Targets shape: torch.Size([4096, 1])
[DEBUG] Predictions shape: torch.Size([4096, 10])
[DEBUG] Targets shape: torch.Size([4096, 1])
[DEBUG] Predictions shape: torch.Size([4096, 10])
[DEBUG] Targets shape: torch.Size([4096, 1])
[DEBUG] Predictions shape: torch.Size([4096, 10])
[DEBUG] Targets shape: torch.Size([4096, 1])
[DEBUG] Predictions shape: torch.Size([4096, 10])
[DEBUG] Targets shape: torch.Size([4096, 1])
[DEBUG] Predictions shape: torch.Size([4096, 10])
[DEBUG] Targets shape: torch.Size([4096, 1])
[DEBUG] Predictions shape: torch.Size([4096, 10])
[DEBUG] Targets shape: torch.Size([4096, 1])
[DEBUG] Predictions shape: torch.Size([4096, 10])
[DEBUG] Targets shape: torch.Size([4096, 1])
[DEBUG] Predictions shape: torch.Size([4096, 10])
[DEBUG] Targets shape: torch.Size([4096, 1])
[DEBUG] Predictions shape: torch.Size([4096, 10])
[DEBUG] Targets shape: torch.Size([4096, 1])
[DEBUG] Predictions shape: torch.Size([4096, 10])
[DEBUG] Targets shape: torch.Size([4096, 1])
[DEBUG] Predictions shape: torch.Size([4096, 10])
[DEBUG] Targets shape: torch.Size([4096, 1])
[DEBUG] Predictions shape: torch.Size([3625, 10])
[DEBUG] Targets shape: torch.Size([3625, 1])
[DEBUG] Predictions shape: torch.Size([4096, 10])
[DEBUG] Targets shape: torch.Size([4096, 1])
[DEBUG] Predictions shape: torch.Size([4096, 10])
[DEBUG] Targets shape: torch.Size([4096, 1])
[DEBUG] Predictions shape: torch.Size([4096, 10])
[DEBUG] Targets shape: torch.Size([4096, 1])
[DEBUG] Predictions shape: torch.Size([4096, 10])
[DEBUG] Targets shape: torch.Size([4096, 1])
[DEBUG] Predictions shape: torch.Size([4096, 10])
[DEBUG] Targets shape: torch.Size([4096, 1])
[DEBUG] Predictions shape: torch.Size([4096, 10])
[DEBUG] Targets shape: torch.Size([4096, 1])
[DEBUG] Predictions shape: torch.Size([1456, 10])
[DEBUG] Targets shape: torch.Size([1456, 1])
[DEBUG] Writing to CSV - Epoch: 196, Train MSE: 0.16188548953783252, Test MSE: 3.888994922356585, Train Acc: 10.175136846990732, Test Acc: 10.152888752304856
[DEBUG] Predictions shape: torch.Size([4096, 10])
[DEBUG] Targets shape: torch.Size([4096, 1])
[DEBUG] Predictions shape: torch.Size([4096, 10])
[DEBUG] Targets shape: torch.Size([4096, 1])
[DEBUG] Predictions shape: torch.Size([4096, 10])
[DEBUG] Targets shape: torch.Size([4096, 1])
[DEBUG] Predictions shape: torch.Size([4096, 10])
[DEBUG] Targets shape: torch.Size([4096, 1])
[DEBUG] Predictions shape: torch.Size([4096, 10])
[DEBUG] Targets shape: torch.Size([4096, 1])
[DEBUG] Predictions shape: torch.Size([4096, 10])
[DEBUG] Targets shape: torch.Size([4096, 1])
[DEBUG] Predictions shape: torch.Size([4096, 10])
[DEBUG] Targets shape: torch.Size([4096, 1])
[DEBUG] Predictions shape: torch.Size([4096, 10])
[DEBUG] Targets shape: torch.Size([4096, 1])
[DEBUG] Predictions shape: torch.Size([4096, 10])
[DEBUG] Targets shape: torch.Size([4096, 1])
[DEBUG] Predictions shape: torch.Size([4096, 10])
[DEBUG] Targets shape: torch.Size([4096, 1])
[DEBUG] Predictions shape: torch.Size([4096, 10])
[DEBUG] Targets shape: torch.Size([4096, 1])
[DEBUG] Predictions shape: torch.Size([4096, 10])
[DEBUG] Targets shape: torch.Size([4096, 1])
[DEBUG] Predictions shape: torch.Size([4096, 10])
[DEBUG] Targets shape: torch.Size([4096, 1])
[DEBUG] Predictions shape: torch.Size([4096, 10])
[DEBUG] Targets shape: torch.Size([4096, 1])
[DEBUG] Predictions shape: torch.Size([4096, 10])
[DEBUG] Targets shape: torch.Size([4096, 1])
[DEBUG] Predictions shape: torch.Size([4096, 10])
[DEBUG] Targets shape: torch.Size([4096, 1])
[DEBUG] Predictions shape: torch.Size([4096, 10])
[DEBUG] Targets shape: torch.Size([4096, 1])
[DEBUG] Predictions shape: torch.Size([3625, 10])
[DEBUG] Targets shape: torch.Size([3625, 1])
[DEBUG] Predictions shape: torch.Size([4096, 10])
[DEBUG] Targets shape: torch.Size([4096, 1])
[DEBUG] Predictions shape: torch.Size([4096, 10])
[DEBUG] Targets shape: torch.Size([4096, 1])
[DEBUG] Predictions shape: torch.Size([4096, 10])
[DEBUG] Targets shape: torch.Size([4096, 1])
[DEBUG] Predictions shape: torch.Size([4096, 10])
[DEBUG] Targets shape: torch.Size([4096, 1])
[DEBUG] Predictions shape: torch.Size([4096, 10])
[DEBUG] Targets shape: torch.Size([4096, 1])
[DEBUG] Predictions shape: torch.Size([4096, 10])
[DEBUG] Targets shape: torch.Size([4096, 1])
[DEBUG] Predictions shape: torch.Size([1456, 10])
[DEBUG] Targets shape: torch.Size([1456, 1])
[DEBUG] Writing to CSV - Epoch: 197, Train MSE: 0.11132870526676143, Test MSE: 3.6068519562684322, Train Acc: 10.192882591424711, Test Acc: 10.391057160417947
[DEBUG] Predictions shape: torch.Size([4096, 10])
[DEBUG] Targets shape: torch.Size([4096, 1])
[DEBUG] Predictions shape: torch.Size([4096, 10])
[DEBUG] Targets shape: torch.Size([4096, 1])
[DEBUG] Predictions shape: torch.Size([4096, 10])
[DEBUG] Targets shape: torch.Size([4096, 1])
[DEBUG] Predictions shape: torch.Size([4096, 10])
[DEBUG] Targets shape: torch.Size([4096, 1])
[DEBUG] Predictions shape: torch.Size([4096, 10])
[DEBUG] Targets shape: torch.Size([4096, 1])
[DEBUG] Predictions shape: torch.Size([4096, 10])
[DEBUG] Targets shape: torch.Size([4096, 1])
[DEBUG] Predictions shape: torch.Size([4096, 10])
[DEBUG] Targets shape: torch.Size([4096, 1])
[DEBUG] Predictions shape: torch.Size([4096, 10])
[DEBUG] Targets shape: torch.Size([4096, 1])
[DEBUG] Predictions shape: torch.Size([4096, 10])
[DEBUG] Targets shape: torch.Size([4096, 1])
[DEBUG] Predictions shape: torch.Size([4096, 10])
[DEBUG] Targets shape: torch.Size([4096, 1])
[DEBUG] Predictions shape: torch.Size([4096, 10])
[DEBUG] Targets shape: torch.Size([4096, 1])
[DEBUG] Predictions shape: torch.Size([4096, 10])
[DEBUG] Targets shape: torch.Size([4096, 1])
[DEBUG] Predictions shape: torch.Size([4096, 10])
[DEBUG] Targets shape: torch.Size([4096, 1])
[DEBUG] Predictions shape: torch.Size([4096, 10])
[DEBUG] Targets shape: torch.Size([4096, 1])
[DEBUG] Predictions shape: torch.Size([4096, 10])
[DEBUG] Targets shape: torch.Size([4096, 1])
[DEBUG] Predictions shape: torch.Size([4096, 10])
[DEBUG] Targets shape: torch.Size([4096, 1])
[DEBUG] Predictions shape: torch.Size([4096, 10])
[DEBUG] Targets shape: torch.Size([4096, 1])
[DEBUG] Predictions shape: torch.Size([3625, 10])
[DEBUG] Targets shape: torch.Size([3625, 1])
[DEBUG] Predictions shape: torch.Size([4096, 10])
[DEBUG] Targets shape: torch.Size([4096, 1])
[DEBUG] Predictions shape: torch.Size([4096, 10])
[DEBUG] Targets shape: torch.Size([4096, 1])
[DEBUG] Predictions shape: torch.Size([4096, 10])
[DEBUG] Targets shape: torch.Size([4096, 1])
[DEBUG] Predictions shape: torch.Size([4096, 10])
[DEBUG] Targets shape: torch.Size([4096, 1])
[DEBUG] Predictions shape: torch.Size([4096, 10])
[DEBUG] Targets shape: torch.Size([4096, 1])
[DEBUG] Predictions shape: torch.Size([4096, 10])
[DEBUG] Targets shape: torch.Size([4096, 1])
[DEBUG] Predictions shape: torch.Size([1456, 10])
[DEBUG] Targets shape: torch.Size([1456, 1])
[DEBUG] Writing to CSV - Epoch: 198, Train MSE: 0.2371474362566337, Test MSE: 3.917558415799179, Train Acc: 9.821587015575304, Test Acc: 9.868623232944069
[DEBUG] Predictions shape: torch.Size([4096, 10])
[DEBUG] Targets shape: torch.Size([4096, 1])
[DEBUG] Predictions shape: torch.Size([4096, 10])
[DEBUG] Targets shape: torch.Size([4096, 1])
[DEBUG] Predictions shape: torch.Size([4096, 10])
[DEBUG] Targets shape: torch.Size([4096, 1])
[DEBUG] Predictions shape: torch.Size([4096, 10])
[DEBUG] Targets shape: torch.Size([4096, 1])
[DEBUG] Predictions shape: torch.Size([4096, 10])
[DEBUG] Targets shape: torch.Size([4096, 1])
[DEBUG] Predictions shape: torch.Size([4096, 10])
[DEBUG] Targets shape: torch.Size([4096, 1])
[DEBUG] Predictions shape: torch.Size([4096, 10])
[DEBUG] Targets shape: torch.Size([4096, 1])
[DEBUG] Predictions shape: torch.Size([4096, 10])
[DEBUG] Targets shape: torch.Size([4096, 1])
[DEBUG] Predictions shape: torch.Size([4096, 10])
[DEBUG] Targets shape: torch.Size([4096, 1])
[DEBUG] Predictions shape: torch.Size([4096, 10])
[DEBUG] Targets shape: torch.Size([4096, 1])
[DEBUG] Predictions shape: torch.Size([4096, 10])
[DEBUG] Targets shape: torch.Size([4096, 1])
[DEBUG] Predictions shape: torch.Size([4096, 10])
[DEBUG] Targets shape: torch.Size([4096, 1])
[DEBUG] Predictions shape: torch.Size([4096, 10])
[DEBUG] Targets shape: torch.Size([4096, 1])
[DEBUG] Predictions shape: torch.Size([4096, 10])
[DEBUG] Targets shape: torch.Size([4096, 1])
[DEBUG] Predictions shape: torch.Size([4096, 10])
[DEBUG] Targets shape: torch.Size([4096, 1])
[DEBUG] Predictions shape: torch.Size([4096, 10])
[DEBUG] Targets shape: torch.Size([4096, 1])
[DEBUG] Predictions shape: torch.Size([4096, 10])
[DEBUG] Targets shape: torch.Size([4096, 1])
[DEBUG] Predictions shape: torch.Size([3625, 10])
[DEBUG] Targets shape: torch.Size([3625, 1])
[DEBUG] Predictions shape: torch.Size([4096, 10])
[DEBUG] Targets shape: torch.Size([4096, 1])
[DEBUG] Predictions shape: torch.Size([4096, 10])
[DEBUG] Targets shape: torch.Size([4096, 1])
[DEBUG] Predictions shape: torch.Size([4096, 10])
[DEBUG] Targets shape: torch.Size([4096, 1])
[DEBUG] Predictions shape: torch.Size([4096, 10])
[DEBUG] Targets shape: torch.Size([4096, 1])
[DEBUG] Predictions shape: torch.Size([4096, 10])
[DEBUG] Targets shape: torch.Size([4096, 1])
[DEBUG] Predictions shape: torch.Size([4096, 10])
[DEBUG] Targets shape: torch.Size([4096, 1])
[DEBUG] Predictions shape: torch.Size([1456, 10])
[DEBUG] Targets shape: torch.Size([1456, 1])
[DEBUG] Writing to CSV - Epoch: 199, Train MSE: 0.1421777521512145, Test MSE: 3.860620458798681, Train Acc: 10.336213604160694, Test Acc: 10.368008604794099
[DEBUG] Predictions shape: torch.Size([4096, 10])
[DEBUG] Targets shape: torch.Size([4096, 1])
[DEBUG] Predictions shape: torch.Size([4096, 10])
[DEBUG] Targets shape: torch.Size([4096, 1])
[DEBUG] Predictions shape: torch.Size([4096, 10])
[DEBUG] Targets shape: torch.Size([4096, 1])
[DEBUG] Predictions shape: torch.Size([4096, 10])
[DEBUG] Targets shape: torch.Size([4096, 1])
[DEBUG] Predictions shape: torch.Size([4096, 10])
[DEBUG] Targets shape: torch.Size([4096, 1])
[DEBUG] Predictions shape: torch.Size([4096, 10])
[DEBUG] Targets shape: torch.Size([4096, 1])
[DEBUG] Predictions shape: torch.Size([4096, 10])
[DEBUG] Targets shape: torch.Size([4096, 1])
[DEBUG] Predictions shape: torch.Size([4096, 10])
[DEBUG] Targets shape: torch.Size([4096, 1])
[DEBUG] Predictions shape: torch.Size([4096, 10])
[DEBUG] Targets shape: torch.Size([4096, 1])
[DEBUG] Predictions shape: torch.Size([4096, 10])
[DEBUG] Targets shape: torch.Size([4096, 1])
[DEBUG] Predictions shape: torch.Size([4096, 10])
[DEBUG] Targets shape: torch.Size([4096, 1])
[DEBUG] Predictions shape: torch.Size([4096, 10])
[DEBUG] Targets shape: torch.Size([4096, 1])
[DEBUG] Predictions shape: torch.Size([4096, 10])
[DEBUG] Targets shape: torch.Size([4096, 1])
[DEBUG] Predictions shape: torch.Size([4096, 10])
[DEBUG] Targets shape: torch.Size([4096, 1])
[DEBUG] Predictions shape: torch.Size([4096, 10])
[DEBUG] Targets shape: torch.Size([4096, 1])
[DEBUG] Predictions shape: torch.Size([4096, 10])
[DEBUG] Targets shape: torch.Size([4096, 1])
[DEBUG] Predictions shape: torch.Size([4096, 10])
[DEBUG] Targets shape: torch.Size([4096, 1])
[DEBUG] Predictions shape: torch.Size([3625, 10])
[DEBUG] Targets shape: torch.Size([3625, 1])
[DEBUG] Predictions shape: torch.Size([4096, 10])
[DEBUG] Targets shape: torch.Size([4096, 1])
[DEBUG] Predictions shape: torch.Size([4096, 10])
[DEBUG] Targets shape: torch.Size([4096, 1])
[DEBUG] Predictions shape: torch.Size([4096, 10])
[DEBUG] Targets shape: torch.Size([4096, 1])
[DEBUG] Predictions shape: torch.Size([4096, 10])
[DEBUG] Targets shape: torch.Size([4096, 1])
[DEBUG] Predictions shape: torch.Size([4096, 10])
[DEBUG] Targets shape: torch.Size([4096, 1])
[DEBUG] Predictions shape: torch.Size([4096, 10])
[DEBUG] Targets shape: torch.Size([4096, 1])
[DEBUG] Predictions shape: torch.Size([1456, 10])
[DEBUG] Targets shape: torch.Size([1456, 1])
[DEBUG] Writing to CSV - Epoch: 200, Train MSE: 0.08120939173283893, Test MSE: 3.6156868657673074, Train Acc: 9.999044459915094, Test Acc: 10.252765826674862
[Epoch 200] train_mse=0.081209  test_mse=3.615687
Saved to: results/svhn_L4_epoch200_try
---------------
Job output ends
=========================================================
PBS job: finished date = Mon 9 Feb 16:29:09 GMT 2026
Total run time : 0 Hours 12 Minutes 48 Seconds
=========================================================
